logFC	AveExpr	t	P.Value	adj.P.Val	B
126	-2.31095398513084	3.73664031685862	-7.78828684939141	7.17221966547431e-06	0.00851730559049409	4.14302815092365
3763	-1.87901023263527	2.82842134593825	-7.65370487029334	8.48278238507011e-06	0.00851730559049409	3.99011117893736
94	-2.78786369527178	4.57379288709495	-7.40372493865014	1.16503804423384e-05	0.00851730559049409	3.69937563825988
2782	2.19241618523104	2.0077705705224	7.18425031499623	1.54878004556689e-05	0.00851730559049409	3.43677780037119
3374	-1.08031145882154	2.12567000146135	-7.0487752932379	1.85178282618727e-05	0.00851730559049409	3.27118477659344
3729	-1.16267198550556	2.69757328362944	-7.00511858451401	1.96248994126681e-05	0.00851730559049409	3.21724588282982
1747	-1.4096394403864	1.87855314137236	-6.85042151462829	2.41547685748032e-05	0.00851730559049409	3.0238272295165
10	-2.32665774238248	3.88994596686037	-6.82561789089285	2.49796961614948e-05	0.00851730559049409	2.99248104833081
2685	2.08614424582947	1.95334270882515	6.82172605658833	2.51118441112564e-05	0.00851730559049409	2.98755422322268
3934	1.47546029914524	1.97586244078046	6.79885508720849	2.5903694413609e-05	0.00851730559049409	2.95855472388547
51	-2.5942673349096	4.30219306359128	-6.73042668710006	2.84365208133249e-05	0.00851730559049409	2.87131687829174
373	1.39926471508047	3.08488197048591	6.66157872185847	3.12539371433379e-05	0.00851730559049409	2.78282494250019
1293	-0.96923836210698	1.68762194909033	-6.65789582036794	3.14128254592134e-05	0.00851730559049409	2.77807081644401
1713	-1.6466546174264	1.9662713630532	-6.62709456799441	3.27759508873711e-05	0.00851730559049409	2.73822922366359
1658	1.00673060137982	1.66454896759008	6.5784946029065	3.50569060994732e-05	0.00851730559049409	2.6750686927491
3368	-1.15657789443145	2.29015402204447	-6.57764702190863	3.50981595221871e-05	0.00851730559049409	2.67396395265029
974	1.63577147394847	1.85687637178229	6.53612635247833	3.71839227114534e-05	0.00851730559049409	2.61971015426013
3043	1.05010774027849	3.0949381987615	6.448447064864	4.20360784538261e-05	0.00909380497217772	2.50426631103506
2040	-1.0753374932699	1.5625248023797	-6.36437194356364	4.73278214886289e-05	0.00969971246719584	2.39244585693045
95	-2.56022117411414	4.71138851915819	-6.32525164817485	5.00284439514908e-05	0.00973503424797422	2.34003942162654
1304	-1.28026692119004	2.579393324621	-6.29137252306276	5.2500184696317e-05	0.00973503424797422	2.29446052031533
118	-1.10879246160833	2.92148558438188	-6.18640312132619	6.10211115343374e-05	0.0108007367415777	2.15209607895753
880	1.14508345545957	2.21581638284702	6.06852951787436	7.23779238977702e-05	0.0120738725529154	1.99015788755671
3965	1.6011186487635	1.76666037678404	6.03570591942585	7.59267578916286e-05	0.0120738725529154	1.94467213475251
127	-1.99713078755846	3.99662854242791	-6.00514969480331	7.93972538227276e-05	0.0120738725529154	1.90217469995839
1856	-1.60963029818219	1.94354771860343	-5.98975446288269	8.12094170968574e-05	0.0120738725529154	1.88070688954277
1310	-1.330490388963	2.35114664386674	-5.95148208714128	8.5907884194696e-05	0.0120738725529154	1.82717482673147
1431	-1.4787706980287	2.35474692270088	-5.93721202780242	8.77330381830926e-05	0.0120738725529154	1.80715545393794
825	1.20241567857778	2.40642812318152	5.90820902957507	9.15708879548405e-05	0.0120738725529154	1.76636740752155
360	1.31159300565109	2.6679160662721	5.84674358450136	0.000100307112063296	0.0120738725529154	1.67948305918066
315	-1.52203907028806	3.28087304460393	-5.80515583918571	0.000106717975544705	0.0120738725529154	1.62035501047621
941	1.06099683132203	2.16382714322912	5.78353834320518	0.00011022111946666	0.0120738725529154	1.58951096012716
3373	-1.06023728529508	2.16189726740925	-5.77748061574981	0.000111224553528338	0.0120738725529154	1.58085435594571
119	-1.03943759566949	2.80796465859054	-5.74789719448217	0.000116266287736914	0.0120738725529154	1.53849493579433
1699	-1.08779248636106	1.35402556236992	-5.72638107930344	0.000120085380337458	0.0120738725529154	1.50759902408557
832	2.21413830625578	2.91117750013485	5.72050420693069	0.000121151529294714	0.0120738725529154	1.49914731872246
1363	-1.63978760203908	3.14962447542449	-5.71236956222751	0.000122643888226269	0.0120738725529154	1.48743954387381
93	-1.30711329072895	3.80042652135362	-5.68582313751465	0.000127651349108053	0.0120738725529154	1.44915914081971
2993	0.877445090467709	2.90729647542608	5.66532021043541	0.000131667254134813	0.0120738725529154	1.4195165556007
770	1.41293586057299	2.03311513846763	5.65678928775773	0.000133377523687911	0.0120738725529154	1.40716300362189
1069	0.827554487292892	1.37769760720832	5.6459531957859	0.000135584001548235	0.0120738725529154	1.39145460617289
602	1.37267633772906	4.53885506484198	5.64435943041621	0.000135911783216958	0.0120738725529154	1.38914264417172
3783	-1.81777995995175	3.10178655775967	-5.64219829518242	0.000136357597049874	0.0120738725529154	1.38600699144957
783	1.84395673629417	2.05757752380206	5.61982972718794	0.000141064173895584	0.0120738725529154	1.3535080118804
1839	-0.845892694279852	1.37411376559899	-5.61296756898223	0.000142542364379571	0.0120738725529154	1.34352207315135
916	2.33532560426778	2.74875302519773	5.59988133613317	0.000145407042019127	0.0120738725529154	1.32445792101843
1721	-1.52687875497842	2.18150760448684	-5.59842391130825	0.000145729843345409	0.0120738725529154	1.32233303947861
3730	-0.937856938507221	2.44373800127812	-5.54869200711052	0.000157213228345237	0.0126753871344327	1.24962242660142
1295	-1.53388720457306	1.86850687646789	-5.50354444788453	0.000168470776515969	0.0126753871344327	1.18327303348874
3379	-0.842712995849004	1.8954922778464	-5.48794629618461	0.000172556258487503	0.0126753871344327	1.16027437301705
338	1.26875850888857	2.03774229865264	5.48269754074106	0.000173954523810246	0.0126753871344327	1.15252665215597
3378	-0.861210821954958	2.000611645254	-5.47534153769753	0.000175934400469884	0.0126753871344327	1.14166103578189
879	0.949583649779076	2.25473668384168	5.45951919646333	0.00018027437636554	0.0126753871344327	1.11826056031998
102	1.13136188923357	3.04185987776578	5.45628252224873	0.000181176073147667	0.0126753871344327	1.11346877323348
92	-1.10573003899817	3.49715625864628	-5.45461511971058	0.00018164245445031	0.0126753871344327	1.11099959023813
3212	1.52675683839931	3.91357391554992	5.452321758127	0.000182285998851625	0.0126753871344327	1.10760273036661
542	0.760108834879527	2.49645353135661	5.40244180171711	0.000196897330279724	0.0129031579399583	1.03351539041931
8	-1.14202857077157	3.33349196697281	-5.40172957138671	0.000197114733041191	0.0129031579399583	1.03245464694103
1771	-0.905624815560033	1.10162422618135	-5.39857172687723	0.000198081707171417	0.0129031579399583	1.02775061680534
96	-1.84642734269196	4.63076955690022	-5.38142800241603	0.000203419743759464	0.0129031579399583	1.00218517557989
152	1.95132528597452	2.16588360356721	5.36419534644164	0.000208939221353072	0.0129031579399583	0.976440203237025
3654	-1.00618741817479	2.92549118658042	-5.35090507930085	0.000213304194478863	0.0129031579399583	0.95655292115351
1813	-2.09930412209333	1.99742693560852	-5.34825185077863	0.000214187105725285	0.0129031579399583	0.952579339518197
1132	1.15757359849889	2.33290161969131	5.34598933696294	0.000214943055116786	0.0129031579399583	0.949190028733977
1712	-1.45218233135467	1.84370261595626	-5.34467352253195	0.000215383992320824	0.0129031579399583	0.947218528705898
3862	1.36169081969106	1.304388456829	5.29430141687271	0.000233004763039455	0.0135505852296323	0.871539847694906
1301	-1.45168523873268	3.08933770279232	-5.28756454150997	0.000235474627647336	0.0135505852296323	0.861388075958159
1659	0.826187152200738	1.44811219689934	5.28443694689523	0.000236630661431689	0.0135505852296323	0.856672685859946
3728	-0.935114594090982	2.52735594380316	-5.26548458464698	0.000243765542374001	0.0135945900293549	0.828065786265488
49	-1.19644545927784	3.4921484324314	-5.26387618341066	0.0002443814335015	0.0135945900293549	0.825635446948919
3655	-0.923144273179855	2.70269079163285	-5.24936598756889	0.000250012658888696	0.0137119618832758	0.803691753853495
1014	1.74620041422793	2.00434265999263	5.22037609138892	0.000261678220368792	0.0141524304182788	0.75975149413597
1711	-1.83503420603681	1.70481343763152	-5.18009059211928	0.00027885343369235	0.0148747297369591	0.69847180539911
856	1.37027005568727	2.13893441408011	5.14976734379836	0.000292565346540228	0.0153952629652385	0.652178842182852
3384	-0.872661542223024	1.96826961999474	-5.11879416655615	0.000307308714664116	0.0156229861919318	0.604745877624977
1657	0.855740600606969	1.62162972890511	5.11251502145772	0.000310392135884984	0.0156229861919318	0.595111697960543
1834	-0.96504550579269	1.14944894688131	-5.10854677673085	0.000312357603549698	0.0156229861919318	0.589020011257868
4008	1.48342612443832	2.16313985633663	5.10295630318535	0.000315148884154832	0.0156229861919318	0.580433885223282
3367	-1.11055557465812	2.3141643389748	-5.09937022806344	0.000316953238100312	0.0156229861919318	0.574923664107395
2039	-1.32297675785521	1.57051076876974	-5.09112841026124	0.000321141616796907	0.0156315681975895	0.562252065732971
1764	-2.13565698669809	2.08127496875969	-5.057855468719	0.000338653788019916	0.0160500701318537	0.51098895088464
1868	-2.12284612138328	2.10319163551567	-5.05472999534118	0.000340349789214406	0.0160500701318537	0.506164804357624
52	-2.37548937184866	4.45738928775613	-5.03478867599789	0.000351383874455605	0.0160500701318537	0.475350107171473
1265	0.884170028638407	1.28409334164725	5.03159721153839	0.000353184545686772	0.0160500701318537	0.470412760036814
3301	1.14007361887677	3.46735635657154	5.03151552976041	0.000353230759299573	0.0160500701318537	0.470286373907881
1854	-2.14077196542331	1.89192470189853	-5.02932945407231	0.000354469961823169	0.0160500701318537	0.466903480562297
686	0.791052736065908	2.12088182118137	4.99219041172365	0.000376238186918878	0.0168399022972656	0.409319837687063
1245	1.36280749005591	2.35234676917045	4.9741519701008	0.000387315454204425	0.0170428484950638	0.381275337469685
930	1.18315069058225	2.08500729081073	4.96886481087783	0.000390627020015789	0.0170428484950638	0.373045947354165
1664	0.880693816739679	1.54196385664282	4.96368152598229	0.000393902507590073	0.0170428484950638	0.364974103486585
1345	-1.53337510070538	2.9149069375044	-4.94453866231687	0.000406252594026804	0.0173840395729711	0.335127829799141
833	1.55745945218337	2.36330053340369	4.92323153423643	0.000420480221846693	0.017545888533598	0.301841796271642
2730	0.93160722208824	1.13025787132982	4.92287722418205	0.000420721198965533	0.017545888533598	0.301287711472513
1714	-0.91303168226278	1.97630571931409	-4.91283380690632	0.000427612898443595	0.017545888533598	0.285573505713065
3390	-0.785002318799658	1.85373962015481	-4.91219044590834	0.000428058400280382	0.017545888533598	0.284566366177015
125	-1.1830428299376	3.04612032343584	-4.89948138277332	0.000436959863939358	0.0175690894889734	0.264658358935804
3676	-1.59024226348741	2.67723497372235	-4.89776639130437	0.000438175895804574	0.0175690894889734	0.261970060244984
134	1.28534566079398	3.06253887959621	4.8902874884882	0.00044352069535624	0.0175690894889734	0.250241487831009
20	1.42149391365336	3.15514783080842	4.88021550032152	0.000450827365544168	0.0175690894889734	0.2344330920567
816	1.13108813679037	3.12214987912751	4.87972884318866	0.000451183602695774	0.0175690894889734	0.233668877871414
644	1.3644223227802	3.30857555571529	4.83008880467324	0.000489124069684724	0.0188579121520031	0.155531192360202
3653	-0.878465271249668	2.79821999835061	-4.81246088817217	0.000503392975396327	0.0192177671195421	0.127694947379016
1064	1.81017986154679	1.92901254806524	4.79253372243689	0.00052005182285491	0.0196609883320099	0.0961724838831532
1026	0.764698531665763	1.35596050992664	4.78027993785805	0.000530582872441136	0.0198662471662094	0.0767592850437984
852	1.63022487198515	1.84193398167889	4.75890872434461	0.000549489641341828	0.0203782158417627	0.0428487998655225
1159	1.28363058361547	2.27382106606171	4.74130344282479	0.000565596529635781	0.02052342994477	0.0148635316557044
1382	-1.30747676821055	1.80240845133829	-4.73647764610606	0.000570097711078805	0.02052342994477	0.00718455566899578
758	1.21117603535111	2.16780855673701	4.73566031758561	0.000570863780955934	0.02052342994477	0.00588365743460439
1780	-1.08575982449361	1.29902941534684	-4.73180981337799	0.000574487381607582	0.02052342994477	-0.000246295581183276
19	1.28714645404352	3.22100645281303	4.71772992358779	0.000587944681228802	0.0207960692285202	-0.0226796829507343
875	0.873985032257312	1.82610228118162	4.71273280536763	0.000592800124387711	0.0207960692285202	-0.0306484854314872
3055	1.4811934995426	3.61471622852296	4.69966439948459	0.000605698205672138	0.0209531195008118	-0.0515055246126206
50	-1.24928312837809	3.66822297782348	-4.69732440549009	0.000608038650126281	0.0209531195008118	-0.055242740753636
418	-0.92646289481646	2.95148127584314	-4.67408633826005	0.000631803368934042	0.0214713848052177	-0.0923992695806053
668	1.51561650907785	3.16134504121156	4.67188356438517	0.000634106125475099	0.0214713848052177	-0.0959254319157417
82	-0.704037142286604	1.53424572443416	-4.65423898126949	0.000652872611018089	0.0219162581664176	-0.124195699391893
909	0.823411611792558	1.05440030341206	4.64889632764556	0.000658669268798645	0.0219218643820677	-0.132764526065561
264	-1.00949968019294	2.90794082441325	-4.64075821673156	0.000667602963979346	0.0220295757560427	-0.145824685399725
3682	-1.14741216641658	2.49408002589826	-4.63369110814123	0.000675464118276834	0.0220295757560427	-0.157173742286115
44	-0.989932867599709	2.97209039688078	-4.62846779206501	0.000681336708825646	0.0220295757560427	-0.165566422625963
1182	1.25276342112503	2.27272814313218	4.62341217038525	0.000687071796703487	0.0220295757560427	-0.173693346961337
1748	-1.0465600173722	1.71258108409065	-4.61991831640546	0.000691064798611724	0.0220295757560427	-0.179311844650182
567	2.09045886791791	2.31970155838821	4.61401242596478	0.000697869886810701	0.0220295757560427	-0.188813092124978
1150	-0.956057427970172	1.06146389743895	-4.60996173889936	0.000702577924995319	0.0220295757560427	-0.195332588628499
2162	-1.09362117097978	1.55864405514149	-4.60299358191539	0.000710755000957551	0.0220295757560427	-0.206553115839522
478	1.32173644493109	2.93510129976029	4.60124598886796	0.000712821403508317	0.0220295757560427	-0.209368265315948
912	1.3825553638813	4.14311079276756	4.57673361850981	0.000742478851058711	0.0223908109364154	-0.248899836800445
613	1.36154282741174	3.08489973773973	4.57235302175482	0.000747913791251476	0.0223908109364154	-0.25597338425378
553	2.00137641396575	4.36684830327051	4.57043395881599	0.00075030786682749	0.0223908109364154	-0.2590730269771
11	-1.98876138188702	4.18914300305198	-4.56843392957117	0.000752811501010969	0.0223908109364154	-0.262303992787581
1383	-0.999404235017297	3.00451253677456	-4.56807601560268	0.000753260460367338	0.0223908109364154	-0.262882247151805
748	1.07376428341661	3.2712631749196	4.5503652135488	0.000775830798199018	0.022757137421583	-0.291518539065803
1099	-0.718229561092095	1.78790356146271	-4.54925229875681	0.000777272541620579	0.022757137421583	-0.29331944865819
809	0.856551460516343	1.50954515518252	4.53692669186615	0.00079342899325402	0.0229803345308617	-0.313276125606623
1679	0.798324864901046	1.528688028406	4.53446419336235	0.000796698808851136	0.0229803345308617	-0.317265734111663
116	-0.81234317717126	1.41553822792325	-4.51110063584417	0.000828433552306349	0.0236115731090466	-0.355159704481689
1242	1.25015315745451	1.76567814078849	4.50946073257332	0.000830710199265379	0.0236115731090466	-0.357822324184129
136	1.17623061230028	4.00348846830001	4.49480407419085	0.000851351108276675	0.0240229073596331	-0.381635864473617
3935	1.43754228609302	2.13513953286465	4.48222492750414	0.000869494467093898	0.0243583557903859	-0.402097308906613
3751	1.59959430900123	2.59979477136967	4.46871883497154	0.000889426129836763	0.0247387524970311	-0.424090448071825
642	1.2603940396471	4.50439621000277	4.46334009134968	0.000897496460330131	0.0247861788406066	-0.432855989792125
3796	-0.971021960989762	1.68938750652602	-4.44754512153593	0.000921641389579099	0.0252737434578944	-0.458618993279138
222	2.04241604764337	4.5272349426247	4.4369001130139	0.000938296486297098	0.0255505350883979	-0.476000828673526
1683	0.631126375074144	1.19260080994143	4.42293456312478	0.000960625740465324	0.0258778127556366	-0.498827588528905
128	-1.43298238459517	3.94467841540477	-4.4210961503562	0.000963606278779484	0.0258778127556366	-0.501834415668263
1665	0.741875687165476	1.37706492231859	4.41166273571542	0.000979053130741019	0.026112554048668	-0.517270343472332
655	2.11367216753343	4.34058186389259	4.4049966355398	0.000990124595800504	0.0261816407194469	-0.528185203681243
3	-1.00064242039949	2.87534429560356	-4.40203189065291	0.000995090607724228	0.0261816407194469	-0.533041466352593
942	0.707466631767796	1.85286145155527	4.38739659189747	0.00101998942491804	0.026279270487194	-0.557031076694721
1222	1.33311106320257	2.24558908063055	4.38677819863691	0.00102105572101658	0.026279270487194	-0.558045341572502
4079	-1.06120511576839	2.68861496899679	-4.38215760474498	0.00102905998465559	0.026279270487194	-0.565625445919096
3697	-1.0367690618364	1.12424711391077	-4.38210817787835	0.00102914596056091	0.026279270487194	-0.565706545998531
1749	-0.716705954328866	1.85040625021936	-4.38015781874816	0.00103254452607619	0.026279270487194	-0.568906968816419
4019	0.842796437084212	1.05579486979097	4.37483557011872	0.00104187852943281	0.0263446428156583	-0.577642986424664
3689	-0.685789263947184	2.20994191950407	-4.35534624860117	0.00107681782096181	0.0269106551202997	-0.609664480656884
3825	-1.56100577201346	2.57246222195702	-4.35183481847024	0.00108324196167444	0.0269106551202997	-0.615439086534179
853	1.94906534288475	2.49943985805539	4.3508800619464	0.00108499559678661	0.0269106551202997	-0.617009474812629
2626	-0.707399628634107	1.97056997504242	-4.33280012486048	0.00111876937897633	0.0275727086185687	-0.646769576824469
2562	-0.628441189726421	1.16176364626508	-4.31952016054178	0.00114427492598188	0.0278912726808038	-0.668655437823736
439	-1.29704446877745	3.03830983398517	-4.31684683702347	0.00114948232082731	0.0278912726808038	-0.673063887118187
442	1.02898293651464	3.17931364723079	4.31495465161705	0.0011531830769413	0.0278912726808038	-0.676184747662663
2038	-1.20481617353184	1.45866389295071	-4.30168910528463	0.00117947972067198	0.0280399060513647	-0.698076901061597
1710	0.798260758649183	1.17615801456335	4.29324130475129	0.00119655156053303	0.0280399060513647	-0.712029893075109
1724	-1.41311329649813	2.32602675878102	-4.29127036598268	0.00120057152954398	0.0280399060513647	-0.715286527290587
122	-0.970637603974924	2.70360242707285	-4.29087682457632	0.0012013758915657	0.0280399060513647	-0.715936844541971
860	0.946291311696339	1.88772643755203	4.28840089692731	0.00120644937218463	0.0280399060513647	-0.72002869798194
60	0.990124505349541	3.11281693551426	4.2786269539079	0.00122669672047356	0.0280399060513647	-0.736189141899462
3113	1.36764916141359	3.57344901519147	4.27840765406039	0.00122715505951084	0.0280399060513647	-0.736551873740016
2026	-1.20249370691135	1.43884900059649	-4.27513439783992	0.00123401747435351	0.0280399060513647	-0.741966699452843
776	1.06413007197488	2.9598360009275	4.27486887353956	0.00123457590134637	0.0280399060513647	-0.742406004908977
257	1.26675129762822	2.00715444044398	4.2745033134616	0.0012353451459801	0.0280399060513647	-0.743010832219588
1155	-1.11215855397585	2.65816826060933	-4.2726160260115	0.00123932450880197	0.0280399060513647	-0.746133655900214
606	0.95564768538538	2.40846142136229	4.26958757432246	0.00124573799355061	0.0280399060513647	-0.751145646356153
463	0.972835502522363	3.04809143018713	4.25655131908458	0.00127374320975065	0.0285054945906265	-0.77273320641176
9	-1.41253245058844	3.48344873237492	-4.25260187938467	0.00128235660193265	0.0285342663310043	-0.779277475932967
3009	1.42173659699973	4.29973390088276	4.24868207037204	0.0012909654419541	0.0285537273603104	-0.785774544964539
672	1.62432498904725	3.17900621980633	4.24334641096851	0.00130278077962831	0.0285537273603104	-0.794621412438375
968	1.8940637690721	2.84913508958739	4.24224693532374	0.00130522944790325	0.0285537273603104	-0.796444847541245
831	1.84289641971697	2.64258016559195	4.2323521093518	0.00132748353427626	0.0287718555357955	-0.812861656355757
1722	-1.4401515722703	2.25117945814275	-4.23125382624638	0.00132997791382722	0.0287718555357955	-0.814684587649378
3606	1.28176433112819	1.80490724628761	4.21774115220775	0.00136107029658283	0.0292756608139158	-0.837124921713078
1660	0.592568810580976	1.16421582385789	4.21464413590192	0.00136830258555025	0.0292756608139158	-0.842271211954595
755	1.65049600228579	2.12915936581492	4.20868821560155	0.00138232388881843	0.0294140394702675	-0.852171372194973
877	1.69173199842507	2.07819010351936	4.20207277690421	0.00139807344114661	0.0294924620742785	-0.863172806628524
1302	-1.21584439786492	2.91652695418816	-4.19888048363632	0.00140574017761803	0.0294924620742785	-0.868483446781933
3731	-0.669548740315356	2.34316394062888	-4.19764013330359	0.00140873085408727	0.0294924620742785	-0.870547199416896
1716	-0.799120592935409	2.07344877201774	-4.18877970850464	0.00143028840259964	0.0297351430858173	-0.885294924152857
53	-1.65238219971953	4.43701069385292	-4.18638351073091	0.00143617721331845	0.0297351430858173	-0.889284877799153
310	-0.735385155289528	1.94817346494872	-4.18183347784697	0.00144742881087876	0.0297351430858173	-0.896863097183301
1723	-1.23582193241021	2.34767461670674	-4.17925222116833	0.00145385267157863	0.0297351430858173	-0.901163349225041
112	1.25787975943954	3.07447138279581	4.17713451076418	0.00145914509138905	0.0297351430858173	-0.90469194310514
1455	-1.08963821884341	2.25929680829742	-4.17150189930091	0.00147331954346552	0.0297351430858173	-0.914079747409448
760	1.11216576917154	2.10391337050561	4.17132156713913	0.00147377571021128	0.0297351430858173	-0.914380366536546
1270	1.10505983826172	1.70876365497389	4.16108657557248	0.00149990856571553	0.0300740851766814	-0.931448662180049
103	1.33488674889779	3.62909673942478	4.15871933187583	0.00150602121454876	0.0300740851766814	-0.935398122460686
22	1.2262037746179	3.35063351771644	4.14917839774714	0.00153092167693542	0.0302833771300487	-0.951322641488015
59	1.02562494002682	3.10941202650501	4.14874769651926	0.001532055802419	0.0302833771300487	-0.952041763141605
90	-0.950430697621566	2.9664228605704	-4.14549248508427	0.00154065577390737	0.0302995635535115	-0.957477532816619
3366	-0.719417951416895	2.09797852362919	-4.14009666104467	0.00155502186563976	0.0304161490902422	-0.966490542073851
1825	-0.829504134670121	1.76482751914372	-4.13454349699711	0.0015699524728184	0.0304161490902422	-0.975769875409269
1303	-1.3078164804022	2.55315730715304	-4.13451963866597	0.00157001694071358	0.0304161490902422	-0.97580975032452
87	-0.961669794030905	3.00685165122028	-4.11663848861813	0.00161911691780032	0.0312120855342298	-1.00571322105217
1812	-1.70147184237468	1.76619062184464	-4.11111140270129	0.00163461482233019	0.0312660142889371	-1.01496379537509
438	-0.872786601182122	2.94936279837846	-4.10992094042523	0.00163797301359609	0.0312660142889371	-1.01695670187842
2	-0.724116460095511	2.75404384772774	-4.10201246524366	0.00166046503971496	0.0315373243949529	-1.03020003815481
1892	-0.951448070076313	1.55713596203282	-4.09925440657799	0.00166838439274789	0.0315373243949529	-1.0348202727379
1934	0.927147739548118	1.18903155267184	4.09097372160017	0.00169239791324079	0.031836702773718	-1.04869700984352
6	-1.38888602435579	2.96240642380849	-4.07781022228524	0.00173131346447272	0.0324121857243113	-1.07077210052659
290	1.17946239556328	3.71979314419043	4.07361808211821	0.00174390110254193	0.0324869537182777	-1.07780632499138
1098	-0.60342775165255	1.79528493232703	-4.06845830721203	0.00175952490170653	0.0324869537182777	-1.08646686041558
1244	1.07380934566728	2.113531429004	4.06729064078276	0.00176308073252134	0.0324869537182777	-1.08842716202866
283	-0.726616246932232	2.06784492193218	-4.06545738092917	0.00176867852806237	0.0324869537182777	-1.09150517737694
801	0.818345848635197	2.10622536041392	4.05890177695697	0.00178884736305781	0.0327031532006907	-1.10251495108733
813	1.43023103106547	3.54876374709064	4.05452150172659	0.00180245665135723	0.0327979728989956	-1.10987399841556
1229	0.602479823415328	0.879964916065421	4.04127960333788	0.00184425626855227	0.0334024833011281	-1.13213362369898
454	-0.652771526652348	2.07535245121721	-4.02968194879894	0.00188169234870685	0.0338079836025147	-1.15164481265906
1840	-0.620091789092025	1.36169513212862	-4.02897203238393	0.00188400935843495	0.0338079836025147	-1.15283960107581
1855	-1.17420455552026	1.71446361094584	-4.02601211410111	0.00189370183791559	0.0338260319121252	-1.15782171955506
708	-0.715817903306328	1.43338694451113	-4.01910055738226	0.0019165363308437	0.0340775911977415	-1.1694588463515
388	1.10761084340802	2.3133758082622	4.01358482830608	0.00193496421297272	0.0341152513820441	-1.17874942431882
661	0.921715696504323	3.7509653769611	4.01322394286051	0.00193617631110214	0.0341152513820441	-1.17935740423258
3733	-0.62406669011019	2.59410540994012	-4.00872273286499	0.00195136080015971	0.0342279232244231	-1.18694169863845
330	0.84874519456703	2.25185597011847	3.99626048067682	0.00199404926849886	0.0348198558364779	-1.20795100559143
802	0.717802819406729	2.23094652728768	3.98407215768199	0.00203673705428404	0.0351781142484922	-1.22851414859233
3372	-0.645151377008463	1.98916040659259	-3.9831142640347	0.00204013185600915	0.0351781142484922	-1.23013087924361
3573	0.92532690683898	2.86012557883342	3.98233263194678	0.00204290632937411	0.0351781142484922	-1.23145018603766
841	1.28377767515578	1.75706989608811	3.98014241183237	0.00205070157534867	0.0351781142484922	-1.23514736521115
654	1.7064449112928	4.28770515180041	3.96789225469984	0.00209487363345196	0.0357782365292191	-1.25583517725342
765	1.09466800427527	3.26548862813429	3.95268280791679	0.00215109258841903	0.0362939337886398	-1.28154177795171
1149	0.902824990300392	2.32192072816812	3.94931940302105	0.00216373457699103	0.0362939337886398	-1.28722965781224
1857	-0.823847066973657	1.68815431822085	-3.94875060204044	0.00216588012189043	0.0362939337886398	-1.28819167340847
645	-0.662515427258135	0.813247366267369	-3.94814957226009	0.00216814963105855	0.0362939337886398	-1.28920823284019
86	-0.841052922493379	2.91497105285843	-3.9472183245818	0.00217167092263818	0.0362939337886398	-1.29078338179146
811	1.0294732831438	2.55981792476214	3.93709376985088	0.00221033915951664	0.0367823106288794	-1.30791402070323
5	-1.28664629852672	2.94866703402577	-3.93455834846674	0.00222013380148231	0.0367880894594559	-1.31220551704245
1826	-0.570324210245801	1.89361074008824	-3.92485010543912	0.00225805552169855	0.0372579161080261	-1.32864369923184
3832	-0.99184986951467	1.80867993338865	-3.9167401279441	0.00229024827948592	0.0374645739779014	-1.34238273323261
1687	0.519516091610686	0.986360442469985	3.91538549460754	0.00229567168227061	0.0374645739779014	-1.34467822748625
289	1.20572561848561	3.32269166682029	3.91444532680764	0.00229944354923432	0.0374645739779014	-1.34627149356774
717	-0.746080723916148	2.02756118886615	-3.90145610724186	0.00235221679417648	0.0381647174855134	-1.36829254351411
2027	-1.25523216402186	1.76389447592758	-3.89847163788443	0.00236451841492502	0.0382051232685395	-1.37335449751548
789	0.956227669729203	2.36715089010273	3.89510440432705	0.00237847772457581	0.0382718688409016	-1.37906667601569
4049	0.921899928539088	0.766058100095916	3.88930287525905	0.00240272914099458	0.0385029929013699	-1.38891091932605
803	0.706024457650891	2.01141038824097	3.88159253897375	0.00243535633458885	0.0388658916675778	-1.40199900958731
3964	0.861998686866468	1.26808828658453	3.87628088292803	0.00245809963012718	0.03906873452945	-1.41101864587883
3677	-1.29690447539064	3.02111650907411	-3.8736028136806	0.00246964971946842	0.0390771607116843	-1.41556722890787
3258	0.789479839548586	2.75903910041752	3.87151334910312	0.00247870023004264	0.0390771607116843	-1.41911655548388
1700	-0.826986942795336	1.32699972842682	-3.86498877933038	0.00250718284727382	0.039366814545501	-1.43020229611145
859	1.29214195135332	2.36958336320868	3.84485010769478	0.00259725073533356	0.0405362489702109	-1.46444402319116
3119	1.14163732884673	3.33892811921536	3.83939654089411	0.00262221216820759	0.0405362489702109	-1.47372302525864
902	1.14554042496017	3.24467495298691	3.83872873458533	0.00262528576932283	0.0405362489702109	-1.47485945132863
795	1.14867674452452	2.4864110724019	3.83560397382905	0.0026397171381378	0.0405362489702109	-1.4801774800412
3675	-1.13863451526816	2.33277848956052	-3.83501598588547	0.00264244184932211	0.0405362489702109	-1.48117827377812
679	1.65177063777349	1.71466544230774	3.83103427575171	0.00266096957234264	0.0405362489702109	-1.48795621260217
460	-1.08462986437367	2.96979076726681	-3.82915020553391	0.00266978328177705	0.0405362489702109	-1.49116389578901
747	1.09478214200191	2.98611940964225	3.82521688759917	0.00268828076195355	0.0405362489702109	-1.49786149275661
1715	-0.718542080043441	2.03362701620782	-3.82362159839932	0.00269582073483584	0.0405362489702109	-1.50057831681742
767	0.941476392869053	3.06541809008536	3.82102893441064	0.00270812134192111	0.0405362489702109	-1.50499417621358
270	1.02697301669367	2.07401301444647	3.82048344585308	0.00271071672702619	0.0405362489702109	-1.50592333455526
1100	-0.659143897102566	1.75142355619542	-3.81963494360369	0.00271475893221373	0.0405362489702109	-1.50736868327631
3732	-0.663044669122459	2.64719152160865	-3.81865835049394	0.0027194190624125	0.0405362489702109	-1.50903230143388
2397	1.66726613918847	2.00133427969918	3.81698975894089	0.00272740041864285	0.0405362489702109	-1.51187492590721
2109	-0.766875676579478	0.806893916360462	-3.81445536887178	0.00273956945856868	0.0405523692529634	-1.51619299521383
772	1.78039013092593	2.17149837252179	3.81243445987543	0.00274931316969243	0.0405523692529634	-1.51963660071273
2111	-1.23237181887248	1.54156526883921	-3.80993279003833	0.00276142444660164	0.0405773086606293	-1.52389990767764
1453	0.67963765094238	0.815811932308161	3.80346017827847	0.00279301654389163	0.0408037213828467	-1.53493293986695
903	1.04798106254064	2.94355614106948	3.79866803347735	0.00281664677098727	0.0408037213828467	-1.54310381269416
189	1.09866892225116	3.580752734719	3.7963573877455	0.00282811431375334	0.0408037213828467	-1.54704429255534
3690	-0.662805547533039	2.19219065000181	-3.79537788680796	0.00283299003385323	0.0408037213828467	-1.54871483015194
123	-1.02468391860806	2.68464775306862	-3.79025226201745	0.00285864606318516	0.0408037213828467	-1.55745790353979
4	-0.900062186856283	2.89091815231589	-3.78901256403169	0.00286488724812871	0.0408037213828467	-1.5595728613606
723	-0.601798139844289	1.50037428730037	-3.78877134607805	0.00286610327927498	0.0408037213828467	-1.55998440068056
223	2.21009975941302	4.83004574249044	3.78641306691399	0.00287801997277685	0.0408037213828467	-1.56400809305205
673	1.11904348459802	2.13603260220017	3.78589944182192	0.00288062216331853	0.0408037213828467	-1.56488450141421
2141	-0.907700215152293	1.92199373760752	-3.78570286218652	0.00288161874172646	0.0408037213828467	-1.56521993488326
2747	0.59912063324533	1.30697059719494	3.76677962356108	0.00297923722460312	0.0420331512775528	-1.59752464561946
3652	-0.578624961147433	2.21249091784252	-3.76404376294989	0.00299363036151003	0.042065478665738	-1.60219759956046
1681	0.539204308000609	1.13911734900675	3.76120771160231	0.00300862633339866	0.042065478665738	-1.60704232768499
1102	-0.594693402953046	1.74830908530107	-3.7600176407522	0.00301494204080489	0.042065478665738	-1.60907547928817
1009	1.01858566771871	3.0809763140073	3.75772318310779	0.00302715736053157	0.042065478665738	-1.61299572159202
3661	-1.06653907423146	2.39535457928705	-3.75615382978338	0.00303554173217061	0.042065478665738	-1.61567731749476
615	-0.701371428451492	1.839424308563	-3.75275229434603	0.00305379697576968	0.0421683880271174	-1.62149029375319
3595	0.7595759673519	1.52372867725213	3.74936329069793	0.00307209758319851	0.0422711943073321	-1.62728277863374
266	1.15769276818855	3.49137523074341	3.74526751326244	0.0030943657962651	0.0424234608462786	-1.63428450667406
408	1.41511772525101	4.46042166848231	3.74159398242435	0.0031144798875742	0.0424234608462786	-1.6405655395093
1022	1.14465197787906	1.51614514182204	3.74134511472203	0.00311584740678882	0.0424234608462786	-1.64099109420029
1698	-1.06600470065952	1.25543079581208	-3.73924679430681	0.00312740224675453	0.0424324193340144	-1.64457934012987
3140	1.50600779784724	4.01891268968331	3.72257425904524	0.00322079746006748	0.0435478656579957	-1.6731025658405
955	1.02803876333488	2.00649536695607	3.71675689781915	0.00325405727981274	0.0438453254241897	-1.68305991761716
3737	-0.573571232471616	0.94866896519496	-3.71474872930626	0.00326562065713482	0.0438494028926999	-1.6864978225381
1675	0.591609924930564	1.39214100616843	3.71195468263686	0.0032817797260603	0.0439149493239822	-1.69128162988722
1059	1.00439416434559	3.08916795153143	3.70618299231062	0.00331542103261416	0.0442131832226012	-1.70116545862586
3180	0.809111806801114	3.015501808718	3.70304151093362	0.00333388080032676	0.0442895729944662	-1.70654619422216
1101	-0.613761143445591	1.73630470801404	-3.70052520072306	0.00334874331921412	0.0442895729944662	-1.71085666747822
286	-1.01235939275053	2.93112662831404	-3.69620219855857	0.00337443653540001	0.0442895729944662	-1.7182631276694
1347	-1.09755781047383	2.16157424287676	-3.6956074473065	0.00337798721695539	0.0442895729944662	-1.71928220413478
775	1.04214551927256	3.44706585437297	3.69507605850955	0.00338116287723242	0.0442895729944662	-1.72019273430853
718	-0.763115919831863	1.53712668459055	-3.692271915782	0.00339797184951453	0.0442895729944662	-1.72499795367463
713	-0.6809526813037	1.81968914620288	-3.68957813374431	0.00341420031978132	0.0442895729944662	-1.72961460144453
76	1.22228051596125	3.12801640199619	3.68920998382866	0.00341642439920524	0.0442895729944662	-1.73024558408044
1362	-1.04639553578255	2.09476032360099	-3.68627263084116	0.00343422314943361	0.0442895729944662	-1.73528035153856
1604	0.493177832314336	1.70758295108537	3.68616333298251	0.00343488727383893	0.0442895729944662	-1.73546770557598
960	0.876937779711657	2.01672479738286	3.68383699016215	0.00344905418440175	0.0443254686272621	-1.73945563566954
3683	-1.16683507369276	2.58032373473281	-3.67506340522659	0.0035030267903921	0.0448710076374567	-1.75449925864183
1030	0.666969052081862	2.04121429410733	3.67314142356003	0.00351496590765438	0.0448763188341185	-1.75779552054334
314	-0.725207040274834	2.82524568091991	-3.66738279511037	0.00355098913288862	0.0450648920261586	-1.76767332940354
4025	1.30043976249622	2.13967497347216	3.66708189499378	0.00355288183154358	0.0450648920261586	-1.76818952960631
367	1.31380960891742	3.8963188965283	3.65946677351614	0.0036011290074708	0.0455285595944522	-1.78125553907888
796	0.660782989890377	1.04633539988749	3.65645842668921	0.00362037428674557	0.0456237458659782	-1.78641836874097
805	0.935356421281787	2.06549089161577	3.65019671638278	0.00366077231442214	0.045984023846322	-1.79716652228694
61	1.31007864185754	3.20151384883669	3.64625503907271	0.00368643994108818	0.0460814646278954	-1.80393374392806
472	-1.11442336576593	2.73914707051056	-3.64273289442769	0.00370953219939184	0.0460814646278954	-1.80998158927541
1089	1.49996716296613	2.21822113394741	3.64236373036827	0.00371196114878546	0.0460814646278954	-1.81061552640556
259	-0.629140152364628	1.97774102872693	-3.64177086165074	0.00371586540656373	0.0460814646278954	-1.81163363362878
2540	-0.714144343967704	1.95770942451595	-3.63864814427601	0.00373649944759308	0.0460835747175606	-1.81699652843202
3658	-0.845266604267991	1.74148112279734	-3.63816467788798	0.00373970457389552	0.0460835747175606	-1.81782688282556
862	0.974769047866311	1.63038137813838	3.63447423825625	0.00376426356194598	0.0462398811047876	-1.82416573417439
1696	-0.572735803634853	1.31167190028345	-3.62885290178251	0.00380199126496629	0.0464329670048887	-1.83382291179573
878	1.32153081065878	1.59260145683745	3.62704485271093	0.00381420845872985	0.0464329670048887	-1.83692949350386
558	-0.62862710691107	1.46008448402622	-3.62681642129974	0.00381575486429491	0.0464329670048887	-1.8373219985841
3629	-1.14716062954228	2.74049544693495	-3.62200254194456	0.0038484935487202	0.0466854637966245	-1.84559429906347
3637	-1.18420221395178	2.83030041979874	-3.62016170735016	0.00386108904772963	0.0466927973660223	-1.84875803752125
1029	0.952569542514306	1.49894465252577	3.61755568241544	0.00387899266534987	0.0467640787581189	-1.85323724013677
429	1.47751801311924	1.96790755486268	3.61219868702246	0.00391606408346604	0.0470652887068419	-1.86244614650009
3015	1.31074757303514	3.37388390072251	3.60918192219663	0.00393710068268808	0.0471725232565766	-1.86763290129275
1423	-1.13818004481733	2.21904085164426	-3.60428748778145	0.00397147798902765	0.0473009330400278	-1.87604917698453
891	0.817264283858231	1.56703550550282	3.60419759481769	0.00397211225066489	0.0473009330400278	-1.87620376745725
999	1.77422799397661	2.04896918281967	3.60038700593721	0.00399909469103008	0.0474498927512055	-1.88275736718709
499	0.959152486363702	2.56748810527301	3.59703287306342	0.00402300076436375	0.0474498927512055	-1.88852668353715
1916	0.866906795391457	1.51898266545828	3.59540714104191	0.00403464067987346	0.0474498927512055	-1.89132329363984
1108	-0.994616541749193	2.6596981867151	-3.59481437390283	0.00403889337274425	0.0474498927512055	-1.89234302160883
1946	0.82569071439493	0.807292150525495	3.59388807772719	0.00404554812362615	0.0474498927512055	-1.89393655756409
476	1.22269082726609	3.25087072953812	3.58385093228454	0.00411838365103386	0.0481591169283058	-1.91120712340152
923	1.04620433371262	2.1054080191744	3.57818905172437	0.00416006216035954	0.0485008444683833	-1.92095200097623
757	1.04742166919942	2.20395617027467	3.57467906964051	0.00418611715657099	0.0486589259930968	-1.92699412061361
1343	-1.28337678474723	3.12286543087326	-3.57116944111021	0.0042123370018536	0.048817977039339	-1.93303635656867
3712	-1.12277334425774	2.33446520939195	-3.56883561390387	0.00422986587359102	0.0488552032462991	-1.93705471152833
525	-0.568795960899582	0.911334946828462	-3.56740582316142	0.00424064167880049	0.0488552032462991	-1.93951666400737
1311	-0.966450911469246	2.18536338941125	-3.56370501308914	0.00426866431617454	0.0490329759503942	-1.94588962663997
666	0.894751121454353	3.47818796050159	3.55395390881512	0.00434341324375249	0.0493389756061192	-1.96268521696128
1344	-0.721991940282149	2.74133449159143	-3.55358496222926	0.00434626769152645	0.0493389756061192	-1.96332080697737
1990	0.90327568297189	1.40773472247267	3.55308476823888	0.00435014064040514	0.0493389756061192	-1.96418251111822
561	-1.24928654180239	2.9079207302133	-3.55025962046561	0.00437208200910577	0.0493389756061192	-1.96904976835287
3691	-0.609630561129767	2.2177620691275	-3.54981135735056	0.004375573840749	0.0493389756061192	-1.96982209161891
754	1.35135253541196	1.89609175438796	3.54730051833441	0.00439518544520156	0.0493389756061192	-1.97414828232719
761	1.4482717222411	2.4575849661826	3.54719945352945	0.00439597672436783	0.0493389756061192	-1.97432242489333
437	-0.730392501725224	2.88904889179747	-3.54561921168491	0.0044083681232513	0.0493389756061192	-1.97704537845211
3590	0.707786885909109	1.53796466516813	3.54549567438674	0.00440933834384424	0.0493389756061192	-1.97725825439903
4068	0.895939223536158	1.23442927855627	3.54333752460903	0.00442632309705636	0.0493871121488179	-1.98097725159495
573	0.925337604162983	1.34688863227759	3.53827930020791	0.00446639494419952	0.0496918340363227	-1.98969475144055
1726	-1.28618604971618	2.2425741537106	-3.53507167802676	0.00449199862108849	0.049834309488657	-1.99522358305954
1727	-1.27671841952336	2.47397393722892	-3.52870036934526	0.00454330241869958	0.0502184041472034	-2.00620714574125
3188	1.09814157925791	2.14643076052406	3.52652334977329	0.00456096980458521	0.0502184041472034	-2.00996062337244
3960	-0.649108142850756	1.56920563492644	-3.52598992764688	0.00456530946792758	0.0502184041472034	-2.01088035352915
701	-0.689437537151779	0.973149024573044	-3.51970191210835	0.00461678577566664	0.0506162303534374	-2.02172330968747
1765	-1.3086379412389	2.31688908524674	-3.5184054947554	0.00462747252332402	0.0506162303534374	-2.02395908554855
3900	-1.01810840205359	2.24262960945353	-3.51005248751096	0.00469693919529618	0.0512321602982726	-2.03836656950824
70	0.824445085213619	3.23225117489075	3.50449495344485	0.00474374862446007	0.0513501257531453	-2.04795428950857
3714	-1.73361622934678	3.23215255553305	-3.50407438447324	0.00474731033753693	0.0513501257531453	-2.0486799069507
3377	-0.512139024076823	1.88878241043279	-3.50407381409866	0.00474731516978231	0.0513501257531453	-2.04868089103715
1221	1.0503347675719	1.73349265530668	3.49291908702638	0.00484278858486069	0.0521814912255501	-2.06792954817869
409	1.65530033943129	4.25549964564004	3.49197302777986	0.00485097581501005	0.0521814912255501	-2.06956234870124
889	0.846279884560433	1.92548289550741	3.48422845586449	0.00491853261787356	0.0527386737142219	-2.08293026833273
69	0.926839739023531	3.60256182655806	3.48294050382012	0.00492986061427241	0.0527386737142219	-2.08515367651148
1680	0.457289014957621	0.975593056331468	3.48080370085853	0.0049487134853205	0.0527953159228439	-2.08884263598182
1807	0.933168504040019	2.04735745552349	3.4752506304985	0.00499805361919031	0.0531760130959756	-2.09843038922465
3162	0.909576949716313	3.03516302491492	3.46851822686378	0.0050585480209951	0.053612815107694	-2.11005620549046
1169	-0.550525063710756	1.47900121917039	-3.46762336242358	0.0050666450846511	0.053612815107694	-2.11160164915056
1308	-1.29474889483381	2.25844513995755	-3.45748491868043	0.00515931272886538	0.0543144090518464	-2.12911332328701
3463	-0.555593106516217	1.49698805768158	-3.45591134760354	0.00517385014093398	0.0543144090518464	-2.13183167711188
3713	-1.57017573419205	2.79518119480459	-3.45471136239028	0.00518496433005121	0.0543144090518464	-2.13390472947029
237	1.6029153466731	3.08901867940761	3.4535195642061	0.00519602685469083	0.0543144090518464	-2.13596369825426
665	0.969477913714943	3.07949576061485	3.45212199775982	0.00520903011129403	0.0543144090518464	-2.13837823133487
186	1.14507642529865	3.77666624845136	3.45130595177298	0.00521663815752197	0.0543144090518464	-2.13978812692339
428	1.38951977109929	2.26364912006114	3.44911189268046	0.00523714988619365	0.0543659404253681	-2.14357897484404
3232	0.927096230072261	2.03457501809275	3.44779397215909	0.00524951042628105	0.0543659404253681	-2.14585614515097
2613	-0.482999456810971	1.86704801161347	-3.4443960037751	0.0052815171102859	0.0544771473595563	-2.15172765681606
1725	-1.35851656467372	2.29270032287614	-3.44368616552631	0.00528822848020346	0.0544771473595563	-2.15295427958116
3432	-0.515616222968185	1.49918460561935	-3.44193394028329	0.00530483273926102	0.0545040070888718	-2.15598226702384
979	0.92685305527277	1.77986456047988	3.43304584722682	0.00538988148396732	0.0550874216017754	-2.17134349913201
781	0.95075354197287	1.58997161836869	3.43304294206807	0.00538990950957278	0.0550874216017754	-2.17134852060678
368	1.25712935291771	3.88004992228546	3.42946637623326	0.00542452524561975	0.0552860023135398	-2.17753074912159
3693	-0.54399899234503	2.40414818451851	-3.42809051962458	0.0054379018699607	0.0552860023135398	-2.17990910009157
3515	0.703841809967087	0.937852094275435	3.42665111234107	0.00545193243153551	0.0552860023135398	-2.18239738415994
3795	-0.932824437047466	1.63714088598691	-3.41095257944952	0.00560737545002021	0.0567145974087759	-2.20954023448685
1063	0.973582383302576	1.84087628209019	3.40567954909607	0.00566059705328109	0.0571045723457942	-2.21865932824243
39	1.05506444646675	2.20352134788526	3.40270952642248	0.00569080075018846	0.0572609253778653	-2.22379606431838
3680	-0.896922762260904	2.42828487143601	-3.39873909871816	0.00573143521641598	0.0575211565276387	-2.23066350010313
868	0.633476088005073	2.81962750388168	3.39349249570626	0.00578558502439507	0.0579153421208083	-2.23973908028539
934	1.33893286064192	3.16396779946749	3.38898228332383	0.00583255176843951	0.0582357861187268	-2.24754157472026
571	-0.594325071994657	1.55649473202863	-3.3872622762431	0.00585056522957509	0.0582662429768936	-2.25051729402036
2435	-0.599294513844115	1.88889309604781	-3.38273695385903	0.00589823006115918	0.0585910914748822	-2.25834683177553
3741	1.03840388373802	1.08021630710937	3.38035315945167	0.00592349746656967	0.0586923642107437	-2.26247143823217
3784	-1.01502182677605	3.05371538356452	-3.37619033556576	0.0059678870267284	0.0588552761129773	-2.26967466318985
904	1.17711816325078	3.06488903134923	3.37578015840735	0.00597227920127528	0.0588552761129773	-2.27038444982523
939	0.720771836634712	1.15044394132761	3.3745676222794	0.00598528231657396	0.0588552761129773	-2.27248269941548
1772	-0.521799612977151	1.26233934887405	-3.37262093187829	0.0060062188403527	0.0589123832854746	-2.27585146797352
1033	0.801722491068704	1.32109491170736	3.36990272618078	0.00603557796406634	0.059051609527825	-2.28055553919504
3361	-0.510218554912677	1.4563977411565	-3.36202815509016	0.00612145921847758	0.0596690182149857	-2.29418431460584
3734	-0.540879456788974	2.29170485798601	-3.36131220115792	0.00612932904108739	0.0596690182149857	-2.29542352617794
2240	-0.72209069677452	1.02669945504492	-3.35799992443007	0.00616587228583582	0.059875079005099	-2.30115677715192
124	-0.970504191455327	2.77950523058521	-3.35532716988944	0.00619552173062237	0.0600133373608047	-2.30578329119863
2328	-1.10516767865593	3.86285984218118	-3.34597140914285	0.00630045643016193	0.0608783556800262	-2.32197951634922
915	1.92560627419473	2.52060225874366	3.34318849613848	0.00633201782649368	0.0610318747929861	-2.32679758918657
3628	-0.796971628016354	2.70846436219312	-3.34160014676818	0.0063501036596997	0.0610550707428905	-2.32954759374209
481	1.13496477231473	2.91610371573094	3.33684537068494	0.00640455933993646	0.0613812943727639	-2.33778019071168
1296	-1.11930228766704	1.90035272734127	-3.33588993801528	0.00641555901636233	0.0613812943727639	-2.33943452799514
477	0.836404886363458	3.0427016043647	3.32206252082287	0.00657692198167575	0.0625990933092826	-2.36337912523829
1603	0.491625817602533	1.85733749612384	3.32086441792356	0.00659109665901537	0.0625990933092826	-2.36545404890428
232	1.59939283688269	4.67984457228552	3.32071787101608	0.00659283257893546	0.0625990933092826	-2.36570784692949
2329	-1.44565603554397	3.74025601635086	-3.31951100450021	0.00660714621215078	0.0625990933092826	-2.36779798219633
3996	-1.05056388912764	2.70083734293131	-3.30884486486386	0.00673503138577716	0.0636531301403641	-2.38627163521257
1936	0.864551659885167	1.39989350744204	3.30752013352112	0.00675108956034164	0.0636531301403641	-2.38856621351709
554	1.49174369548873	4.28174621451643	3.30362596719066	0.00679851990959926	0.0639454988598539	-2.39531152251081
85	-0.754385115055743	2.82554837058823	-3.30161574870405	0.00682313657786868	0.0640223947812545	-2.39879364629673
1364	-1.17887045381092	2.39976327429211	-3.29625838575552	0.00688918530691612	0.0644737792267692	-2.40807408241668
3651	-0.574705513958727	2.16755170384381	-3.29467308293561	0.00690885425533027	0.0644737792267692	-2.41082036065298
576	0.623069753217854	2.0773130691136	3.29370333202139	0.00692091415428596	0.0644737792267692	-2.41250031651909
3534	0.516960954803235	1.56948526988167	3.28908082243066	0.00697869491858248	0.0648568926323632	-2.42050837003653
1666	0.48520459767021	1.15653405939423	3.28550432676669	0.00702373700554446	0.0649828714037554	-2.42670453725107
1013	1.33178931901492	1.65671042665993	3.28535481928848	0.00702562631252723	0.0649828714037554	-2.42696355857486
1044	0.621421399536397	1.87636007327732	3.27944555749414	0.00710071609058904	0.0655217735942032	-2.43720160470934
3266	0.913319665327081	3.10899397022412	3.27570072141915	0.00714872397555953	0.065710397135115	-2.44368994928338
1827	-0.514260882716245	1.89734055664243	-3.27522026520273	0.00715490713541058	0.065710397135115	-2.44452240693215
1396	-0.746747004560232	1.65743479044754	-3.27276226531631	0.00718662512232395	0.0658463958266575	-2.44878128376585
1011	0.960987976244569	1.65602172925383	3.27107112402791	0.00720853050788455	0.065892060557987	-2.45171150142577
3699	-0.74675406901013	2.13759941765125	-3.26926512534396	0.00723199855778923	0.0659517620234924	-2.45484077094771
133	0.689717832688525	2.94164326788906	3.26694647968173	0.00726224203696382	0.0660728282521895	-2.45885836727998
1599	0.463815080513847	1.62762830062833	3.26109775345279	0.00733910252089256	0.0664951510512991	-2.46899293512396
4002	0.502470991247219	1.33676348056574	3.2608169576308	0.00734281329020509	0.0664951510512991	-2.46947950277297
656	1.23983149724613	4.38332082363856	3.25886745644663	0.007368628906624	0.0665741089614707	-2.47285765414703
245	1.01565957760277	2.31766662188962	3.25357869829366	0.00743912868933347	0.0668482118275348	-2.48202236344763
1070	0.636587257821627	1.34242332019398	3.25289255493947	0.00744832511920207	0.0668482118275348	-2.48321137820321
763	1.12224251105793	3.01016793394827	3.2527327691986	0.00745046839577558	0.0668482118275348	-2.48348827084358
2615	-0.462717718063285	1.23639691852249	-3.24426364434014	0.00756496919242548	0.0675996247910386	-2.49816474132053
3535	0.483362658680574	1.73752258045695	3.24349124392022	0.00757550036388202	0.0675996247910386	-2.49950329358457
738	0.66908840416259	2.37168390956196	3.24270058803625	0.00758629584840366	0.0675996247910386	-2.50087348698134
3656	-0.520904942183517	1.93455749406494	-3.2356206692176	0.00768366244498054	0.0683109168053749	-2.51314307114573
1600	0.464552450606325	1.80732756454879	3.22999487863417	0.0077619345844067	0.0686063181440212	-2.52289286590713
239	-0.816253631524646	2.76750341892203	-3.22892955831857	0.0077768473312335	0.0686063181440212	-2.52473914298554
2436	-0.73241136057179	2.50851016154895	-3.22875469077537	0.00777929796708366	0.0686063181440212	-2.52504220164299
2422	-0.577168256756707	1.929824372336	-3.22817957658831	0.00778736328188428	0.0686063181440212	-2.52603891907
994	2.08719717847747	2.69938111086424	3.22071058030275	0.00789288096440423	0.0693110830305383	-2.53898340799135
676	1.31147827287981	3.37759026287842	3.22000254516961	0.00790295861981484	0.0693110830305383	-2.54021051292704
231	1.6564017337106	4.74083757597502	3.21668493909781	0.00795035308582123	0.0695700559914334	-2.54596032225966
104	1.36503536501925	4.08221057864457	3.21495787105695	0.00797513949388166	0.0696304780026349	-2.54895355180226
3688	-0.483085324688725	2.01062932380633	-3.21343492822916	0.00799706135036423	0.0696656753877367	-2.55159301291715
988	0.957217495338291	1.48253140435994	3.21203561092365	0.00801725754084359	0.069685716214386	-2.55401821957903
3318	0.547478407223913	0.908849635832819	3.20923330473926	0.00805785850453126	0.069830755857661	-2.55887500831639
2126	-0.572942500901059	0.741130924390496	-3.20841113066207	0.00806980999895929	0.069830755857661	-2.56029995363672
726	1.70334327677024	2.14904517021484	3.20323231450598	0.0081455057429175	0.0702112285054119	-2.56927560180672
1305	-0.707898916784542	2.79295412469661	-3.20197106917689	0.00816404934432497	0.0702112285054119	-2.57146152808342
624	1.14447172222298	3.49554263267767	3.20134002460397	0.00817334339870063	0.0702112285054119	-2.57255522264624
690	1.17197380494991	2.41184646944136	3.20048855987425	0.00818590080674294	0.0702112285054119	-2.57403093838434
2277	-0.839302111392418	1.32969712805955	-3.19712998347385	0.00823562404533642	0.0704632826572348	-2.57985185265638
242	1.01576499471134	3.69888617322149	3.1960634130457	0.00825147840053905	0.0704632826572348	-2.581700377323
766	0.85083508375534	3.00429367618172	3.19447594561947	0.00827513306499665	0.0705029070431612	-2.58445169193993
2349	-0.690717158124512	2.6603734881597	-3.1933247677508	0.00829232959059266	0.0705029070431612	-2.58644685086692
185	1.20341780345428	3.87588637565247	3.18976616760737	0.00834571792775392	0.0708022344459124	-2.59261441098026
4069	1.07676861453417	1.19880057277749	3.18557666471879	0.00840901786837907	0.0711841643031915	-2.59987538250797
894	0.978877990849965	2.55867341088921	3.18425368575298	0.00842910783563301	0.071199448832874	-2.60216827342793
1160	0.854897340320261	2.24440826384299	3.18238177865747	0.0084576165631058	0.071285625317606	-2.60541251755286
893	0.841470030362721	2.30256686495669	3.17958242440129	0.00850043238686205	0.0714917574825936	-2.61026411877078
2363	-0.507573127859158	1.17449255289691	-3.17638844839127	0.008549552018763	0.0717499042264291	-2.61579960718794
721	-0.494874990262288	1.75183796530858	-3.17414019960072	0.0085842996909333	0.071886587089235	-2.61969602611041
21	1.10114076581292	3.08271890999728	3.17162709999822	0.00862330998520532	0.0720583027519089	-2.62405142598898
121	-0.795171515492066	2.75410612702673	-3.1659564205375	0.00871199520295662	0.0725652702914342	-2.63387903115318
4088	-0.861133403191656	2.66563561657207	-3.16536803923774	0.0087212497422679	0.0725652702914342	-2.63489871758878
2178	-0.754124610682545	0.906173814119706	-3.1632047481226	0.00875536134735142	0.0726416026242354	-2.63864776078354
1025	0.558358151564658	1.01957315640522	3.16199470074742	0.00877450068028129	0.0726416026242354	-2.64074479212573
1248	1.03766331354005	2.02488090211753	3.16124449208538	0.00878638799075882	0.0726416026242354	-2.64204491037595
1082	0.906481893114967	2.92945178057587	3.1545234791515	0.00889361416876913	0.0733723168923453	-2.65369229072869
2531	-0.559664872833735	2.49445771437586	-3.1516772487845	0.00893942060073832	0.0735303853944982	-2.65862463627945
2341	-1.23822164426308	3.67568880150004	-3.15098855945883	0.00895053997868314	0.0735303853944982	-2.65981808230657
3353	0.686440073410185	2.61602873857929	3.14408772560328	0.00906273399659648	0.0742953393320983	-2.67177644559405
258	-0.520149879363678	1.8548999811193	-3.1407607914243	0.00911733035254616	0.0744527882274839	-2.67754146798378
489	1.12273428137271	3.08762089591329	3.14006118414999	0.00912885343907854	0.0744527882274839	-2.6787537550761
1602	0.500581440023301	1.96823519006179	3.13803227465863	0.00916235450678058	0.0744527882274839	-2.68226943956124
1443	0.556395561459807	0.89504605781706	3.13737345083018	0.0091732596183451	0.0744527882274839	-2.68341103587014
2447	-0.528590127476091	1.92275888512796	-3.1371151085753	0.0091775393808917	0.0744527882274839	-2.68385868457228
663	0.616745063839117	3.00719900796958	3.13477720519002	0.00921636155693742	0.0746122908580339	-2.68790970549336
12	-1.07175684339839	4.25412244182916	-3.12691070738077	0.00934821191599161	0.0754080417606443	-2.70153992733887
3954	-1.2237190334607	2.40903323843393	-3.12612080356382	0.00936155634390767	0.0754080417606443	-2.70290854139148
1086	0.873123124488065	2.32709466745387	3.1254590319794	0.00937275095330042	0.0754080417606443	-2.70405514239811
2056	-0.675207937999783	0.856115054127467	-3.12269866972795	0.00941959161304362	0.0756286386416327	-2.70883774267695
1943	1.35604513655608	1.92931276530023	3.12018226691773	0.00946249852666023	0.0756296147233546	-2.71319756058074
3684	-0.80357647941047	2.458554541014	-3.11996777491961	0.00946616492430253	0.0756296147233546	-2.71356917630307
2108	-0.499334022939925	0.755002563537579	-3.11927717050423	0.00947797945171984	0.0756296147233546	-2.71476567046863
2334	-0.696066299272367	2.66647000864117	-3.11517548402965	0.00954845664409682	0.0758904681587186	-2.7218718181433
995	0.759716283034458	2.17289538288378	3.1151064103606	0.00954964802202674	0.0758904681587186	-2.72199148555178
1329	-0.504660614283341	2.07037478803297	-3.11074772631085	0.00962513067025795	0.0763345393686038	-2.72954257319147
836	0.811863759744865	2.45850271654726	3.10760535387949	0.00967992295153621	0.076613048726183	-2.73498629160642
88	-0.969558599246869	3.07973833118091	-3.10277955036252	0.00976468225295089	0.0771063605554525	-2.74334597216449
287	-0.845925461327587	2.99716729921266	-3.10180698366882	0.00978185467755356	0.0771063605554525	-2.74503068522721
234	1.5774529315198	3.36627742579266	3.09612671789312	0.00988276060144829	0.0774789733128416	-2.75486986918005
866	1.49385800185451	2.24473952966573	3.09603575904186	0.00988438493704833	0.0774789733128416	-2.75502742014691
1801	-0.895136100131889	1.04061180803167	-3.09578770359396	0.0098888160597027	0.0774789733128416	-2.75545707924966
2344	-0.716468299207099	2.74310411013669	-3.09151785571378	0.00996540514643936	0.0777406153392949	-2.7628527239118
2421	-0.56622972733243	2.24801180993191	-3.09140831507884	0.00996737785140625	0.0777406153392949	-2.76304245017716
3008	1.05957285964422	4.15544513157535	3.09059136531816	0.00998210263730031	0.0777406153392949	-2.76445741321472
932	1.40656397981725	2.24312261444421	3.08882780125349	0.0100139641504993	0.0778330866308267	-2.76751187065904
3190	0.652711885719922	1.75948347718599	3.08447968566054	0.0100929585037757	0.0782907976368579	-2.77504242938912
973	0.810839753268126	1.40444854118217	3.07919901873347	0.0101897405343848	0.0788843929242432	-2.78418751170082
633	0.665610637049111	1.99232394913043	3.07146831452691	0.0103331161000589	0.0798356232016458	-2.79757438364029
2764	-0.68834488638846	1.0025061830643	-3.06058530362994	0.0105384080302172	0.0812605165735958	-2.81641737258834
3239	0.673258519037289	0.848078863586586	3.05916005685237	0.0105655958149868	0.0813091504022896	-2.81888482868328
3295	0.566478062911507	1.28679290558568	3.0568562585373	0.0106096922045164	0.0814874584701909	-2.82287315621471
954	0.974639093513486	2.00054404351384	3.05464496097235	0.0106521924160576	0.081503947302206	-2.82670120590247
1087	2.20485486462952	2.96473006255923	3.05325481712761	0.0106789981348865	0.081503947302206	-2.82910765780557
722	0.751097255732605	2.86736919986495	3.0529385732826	0.0106851056472866	0.081503947302206	-2.82965509378833
3626	-0.568850321829164	2.385111840486	-3.04969005298477	0.0107480472569192	0.081503947302206	-2.8352782968139
3638	-0.944541277406153	2.78881624854782	-3.04757795518142	0.0107891702915809	0.081503947302206	-2.83893417964696
2654	-0.654161649316295	1.23696656284882	-3.0474212856029	0.0107922269887094	0.081503947302206	-2.83920535759579
1213	-0.578470073302159	0.88989201518358	-3.04737529839276	0.0107931243863152	0.081503947302206	-2.83928495629896
3359	-0.601880655821475	2.16722505788993	-3.04682712042816	0.0108038273562975	0.081503947302206	-2.84023378595054
3354	0.526352273659548	2.28508427110084	3.04657676219665	0.0108087190612169	0.081503947302206	-2.84066712269217
3700	-0.935461892863584	2.59990004707795	-3.04594128535679	0.0108211455457731	0.081503947302206	-2.84176703987473
3907	-1.00677395241862	1.28890400266872	-3.04351910859819	0.0108686422341351	0.0815470567548591	-2.84595935904833
2785	-0.664890072807241	2.6117438811231	-3.04351349491921	0.0108687525566954	0.0815470567548591	-2.84596907502993
1672	0.400068891378042	1.51794949169583	3.03962970773817	0.010945349301135	0.0819492291084426	-2.85269077713717
62	1.20547993865274	3.22605431813418	3.0386657390959	0.0109644448807136	0.0819492291084426	-2.85435905159552
3449	-0.44567026772976	1.80317221003268	-3.03541836009848	0.0110290203729321	0.0820779214490251	-2.85997884761151
1617	0.416317256164289	1.62263803966897	3.03539480198382	0.0110294902315428	0.0820779214490251	-2.86001961517569
2450	-1.09603812001131	1.04751717381079	-3.03358680484853	0.0110656102787264	0.0820779214490251	-2.86314831873779
3660	-0.641652327820926	2.04595254211094	-3.03356855185563	0.0110659755420488	0.0820779214490251	-2.86317990463384
709	-0.485988255196701	1.76343134257557	-3.03181643443241	0.0111010939540582	0.0821431382850554	-2.86621180508698
1893	-0.447136244908408	1.74017482229802	-3.02950138511544	0.0111476674634706	0.0821431382850554	-2.87021765669887
603	-0.52665315060614	2.06469667057001	-3.02790409555744	0.0111799158394798	0.0821431382850554	-2.87298142478553
3370	-0.456990596208823	1.492491983544	-3.02763722277037	0.0111853129930864	0.0821431382850554	-2.87344318257015
83	-0.480822373501243	2.07080199283138	-3.0268652429267	0.0112009400382558	0.0821431382850554	-2.87477889020102
196	-0.66914388973808	1.02131724722731	-3.02681958083512	0.0112018650551575	0.0821431382850554	-2.87485789577015
45	-0.837876532165951	2.95116037144015	-3.02580531059938	0.0112224318355546	0.0821431382850554	-2.87661279013297
2740	-0.661422359002396	1.10556630805757	-3.02309361010401	0.0112776048255506	0.0823921072996138	-2.88130440869347
858	1.23463720781097	2.69502455075028	3.01691086222419	0.011404422903286	0.0831625894857597	-2.89200044221287
1211	0.807590064895638	1.59778675206239	3.01553332371898	0.0114328732050546	0.0832142210476313	-2.89438336774505
1980	0.962488223442773	2.04064619427975	3.0100395260243	0.0115470481108852	0.0838884428055727	-2.90388607222689
113	1.1663130388062	3.90626887260269	3.0076226812667	0.0115976385559375	0.0840990773497592	-2.90806616211556
1184	-1.10196446298642	1.00982629399476	-3.00374918762357	0.0116791852338272	0.0843920901508103	-2.91476514802938
861	1.16514557686415	1.69094850435654	3.003644790468	0.0116813910095754	0.0843920901508103	-2.91494568879038
3422	-0.520652780908625	1.89127995955759	-2.99865304103986	0.0117873501182032	0.0849998914079321	-2.92357773652953
1881	-0.448349991076509	1.52497184728253	-2.98828121551955	0.012010608692049	0.0864497416762273	-2.94151008046129
421	1.00889212524758	3.51756251917935	2.98408241562978	0.0121021929632262	0.0868196594350606	-2.94876828646443
716	0.917366762417857	1.95781066206458	2.98388147155107	0.0121065934959522	0.0868196594350606	-2.94911562682291
622	0.785000017054627	2.6810365553512	2.97986316939653	0.012194929467678	0.0872923811528275	-2.9560610578792
3482	-0.523190878291543	0.805058084513697	-2.97585012120099	0.0122837956350133	0.0876375222307546	-2.96299668588125
3277	0.850486653133712	2.79766249960165	2.97565387635386	0.0122881579707221	0.0876375222307546	-2.96333583107362
2439	-0.719037595751589	2.79830150776076	-2.97236038313083	0.0123616015932193	0.0880001400438685	-2.96902729547504
3365	-0.478601100129751	1.92935125641607	-2.96920134782046	0.0124324606648718	0.0882424541244008	-2.97448593057264
911	0.658244914591339	1.99711072716272	2.96882354129232	0.0124409623303277	0.0882424541244008	-2.9751387275984
3401	-0.458917122084811	1.57593218669645	-2.96642316395717	0.0124951136977859	0.0883658223519003	-2.97928608702734
1477	-1.06787199090975	1.5669186102365	-2.96604169642901	0.0125037411699787	0.0883658223519003	-2.97994515935302
3065	0.931618762550293	3.22900559990216	2.96047599417868	0.0126302997233646	0.089098527396344	-2.98956038302751
947	0.672802138397806	1.83467661972761	2.95430061969126	0.0127722255624503	0.089349344586363	-3.00022708455813
3007	1.02369750218093	4.18704494135899	2.95424791650661	0.012773443671948	0.089349344586363	-3.00031811035795
135	0.798722662429886	3.64315315128702	2.95303437106542	0.0128015241431035	0.089349344586363	-3.00241403483009
3042	0.631948973267112	2.87985047517869	2.95279559516453	0.0128070565081406	0.089349344586363	-3.00282641788642
2627	-0.61153152970294	2.05828179830526	-2.95220576173658	0.0128207330442485	0.089349344586363	-3.00384508996057
3066	1.05787865647471	3.2237226705696	2.95213609834777	0.0128223493036994	0.089349344586363	-3.00396540097541
2445	-0.774205955663181	0.952217975017717	-2.95195842502226	0.0128264724252124	0.089349344586363	-3.00427224766156
782	0.917646878591384	1.67609075349633	2.94976666855063	0.01287744419631	0.089507166407567	-3.00805733798832
1007	0.823427326438978	2.35046654346384	2.94854095754745	0.0129060379565013	0.089507166407567	-3.01017399219105
75	1.111459450422	3.69920900609382	2.94802530932604	0.0129180861635985	0.089507166407567	-3.01106443086615
697	1.56272972836871	4.7958566616847	2.9464055184867	0.0129560062154629	0.0896104586199156	-3.0138614501249
1194	0.884877097153294	2.23573396796708	2.94336792960053	0.0130274185655653	0.0899446239260842	-3.01910632108657
601	0.75331565060127	2.76063447470757	2.94010355992828	0.0131046021604041	0.0903173819692278	-3.02474221900073
1601	0.45793894793886	1.95311777220206	2.93547078975687	0.0132149276526663	0.0906013010026452	-3.03273965986502
369	1.17636135904517	3.35442209686682	2.9351961586177	0.0132214968944414	0.0906013010026452	-3.03321371234669
3360	-0.42874114095577	1.70683068411443	-2.93473013641142	0.0132326517408602	0.0906013010026452	-3.03401812360955
2414	-0.383643135331979	1.07299721145998	-2.93447073264728	0.0132388649898575	0.0906013010026452	-3.03446588102581
874	0.948734767625794	1.76392932029652	2.93182400799321	0.0133024266719796	0.0908765780012081	-3.03903418594051
107	-1.02743774510237	4.19930575450282	-2.93052675341564	0.0133336920431027	0.0909306424095306	-3.0412731337278
847	1.00419356431921	3.17934669959534	2.92924629468291	0.0133646247755629	0.0909822532797934	-3.04348300101042
3624	-0.61586997700654	0.854696684383051	-2.92610091763689	0.0134409147212097	0.0913419230792159	-3.04891102692029
2330	-1.02944145124046	3.41550389557263	-2.91894778496806	0.0136160383190799	0.0920913075582432	-3.06125318859724
577	0.541483301453754	2.27377694193862	2.91835334202169	0.013630693893981	0.0920913075582432	-3.06227871877056
3650	-0.533117618921462	2.30960061863396	-2.91735360272921	0.0136553773759737	0.0920913075582432	-3.06400341742666
719	-0.460248739766859	1.60455145218998	-2.91734313887762	0.0136556359640206	0.0920913075582432	-3.06402146881215
842	1.65021299030108	2.11002815035947	2.91646606857352	0.0136773280015604	0.0920913075582432	-3.06553449615209
3336	0.814031988138029	1.27600069804345	2.91582990228462	0.0136930834813104	0.0920913075582432	-3.06663191330401
517	0.773135833100787	2.53908842299312	2.91318901256927	0.0137586829331217	0.0923507066066574	-3.07118731628824
1859	-0.478324211144742	1.85240208020487	-2.91142364170785	0.013802709834339	0.0923507066066574	-3.0742322598975
756	0.630339181385872	2.84727627232237	2.91141994935985	0.0138028020660181	0.0923507066066574	-3.07423862832934
1991	-0.521640005059555	1.8521235417202	-2.90851286677082	0.0138756101574197	0.0926198147034473	-3.07925240552744
848	0.898176603785056	2.14060830926815	2.90771420350542	0.0138956799202276	0.0926198147034473	-3.08062975119554
1616	0.425782809900015	1.74002371700751	2.90697112557856	0.0139143789423515	0.0926198147034473	-3.08191120131404
2004	-0.427510367256949	1.1759396557318	-2.90343928265581	0.0140035998867675	0.0930546381554141	-3.08800145708786
2466	-0.399824223748127	1.09349383635386	-2.90075565324121	0.0140717756931468	0.0933483723153554	-3.09262854768558
2767	0.758069591038638	1.40227797642212	2.89884571575748	0.014120498428377	0.0934668673433356	-3.09592136966858
685	0.952908213732234	1.48820047296469	2.89817518282267	0.0141376437763802	0.0934668673433356	-3.0970773452317
3473	-0.458780250938014	1.86678621290506	-2.89664574159217	0.014176829097433	0.093567072043058	-3.09971394198558
4071	0.44586768501958	1.80361055100195	2.89394651923483	0.0142462500816158	0.0938661553600879	-3.10436675399643
3692	-0.509814799382049	2.43083950237121	-2.89007318456923	0.014346461959549	0.0943667616055472	-3.1110426316155
420	0.897345098733472	3.25892308902659	2.88877288335717	0.0143802613775	0.0944295747116103	-3.1132835435402
2938	-0.399829920469649	1.05936586537003	-2.88767399176881	0.0144088874797191	0.0944582623670476	-3.11517726367909
2037	-0.547644391740807	0.881525445961756	-2.88210391858553	0.0145548658524315	0.0952548699653245	-3.1247749394864
3715	-0.949231144761728	3.1445033582471	-2.87805242190534	0.0146619732127612	0.0955329003236057	-3.13175467789672
2539	-0.493763619320593	1.76774589566656	-2.87707739281673	0.0146878668672015	0.0955329003236057	-3.1334342478744
948	0.776032906982576	1.28155015370798	2.87687911524733	0.014693138070621	0.0955329003236057	-3.13377578977228
2890	-0.423621486325365	0.72252537429518	-2.8762748216018	0.0147092148554197	0.0955329003236057	-3.13481669570758
3127	-0.506960731459037	1.83688734846559	-2.87586921919984	0.0147200154581827	0.0955329003236057	-3.13551533856929
3420	0.4824853006431	2.01775539586769	2.87325049147311	0.0147899392523142	0.0956496054375435	-3.14002577680163
1299	-1.08399475248083	3.01683938195693	-2.87217073267928	0.0148188668425729	0.0956496054375435	-3.14188539080065
790	0.704839271554751	2.08268472487207	2.87174931989865	0.0148301721437085	0.0956496054375435	-3.14261114669491
3010	1.05984809088953	3.35221276858004	2.87089038605141	0.0148532415545473	0.0956496054375435	-3.14409036171013
2798	-0.842515043721608	1.6518655932635	-2.87060871961314	0.0148608144041381	0.0956496054375435	-3.14457542300895
834	1.36221853614558	2.03045974658995	2.86914381086753	0.0149002619607997	0.0957452476490989	-3.14709807088571
2496	-0.441021044668395	0.992480330471541	-2.86654365937444	0.0149705373190738	0.0959496593910205	-3.15157529204252
2530	-0.471780435443187	2.5522497765202	-2.86513592355592	0.0150087227167115	0.0959496593910205	-3.15399908306095
1415	0.49648305325635	0.970131443965795	2.8640408197495	0.0150384950588405	0.0959496593910205	-3.15588449719591
2485	-0.59582801218908	0.636859147595383	-2.86321373608324	0.015061019859344	0.0959496593910205	-3.15730841046437
2353	-1.03644284372206	3.55169964395316	-2.86278625812755	0.0150726749910377	0.0959496593910205	-3.15804434035775
922	0.983797033635429	1.91947993470425	2.86252085683996	0.0150799156515934	0.0959496593910205	-3.15850123856532
2350	-0.745623778210466	2.59558006136998	-2.8610121730555	0.0151211414601819	0.0960550160619062	-3.16109839734522
759	0.856478634169535	1.88979184319622	2.86009873525886	0.0151461564071016	0.0960572199499243	-3.16267077600308
2866	-0.428714846350035	0.777527410487545	-2.85792436785701	0.0152058687916343	0.0962791106904456	-3.16641345645506
1256	0.780305732879197	1.35204348244616	2.85379093241775	0.0153200293713856	0.0968444713834021	-3.17352727214168
34	1.25239939590734	3.15781025382745	2.84935806697007	0.0154434100623254	0.0972617945474639	-3.18115501020394
977	0.729815663250185	1.91494533489462	2.84882015844467	0.0154584490239913	0.0972617945474639	-3.18208050210337
945	0.725746806928273	1.70821955400835	2.84872973125791	0.0154609786401849	0.0972617945474639	-3.18223608334622
867	1.24923758454406	2.01225390434771	2.83664727138948	0.0158027126292523	0.0992512306101749	-3.203018504936
764	1.08404375880194	3.36556300283066	2.8340313549338	0.0158776856096398	0.0995574323877582	-3.20751651650197
543	0.543119623942171	2.70119171327022	2.83262770554198	0.0159180606466706	0.0995574323877582	-3.20992983839097
958	0.991233268367086	2.83363879990186	2.83227692758308	0.0159281665068242	0.0995574323877582	-3.21053291339484
1003	1.20547821650602	1.64941757395856	2.83065109646552	0.0159750899958041	0.099663470349096	-3.21332799561445
480	1.0407180290894	3.13206005325986	2.82991707999919	0.01599631971448	0.099663470349096	-3.21458982652328
1043	0.725189606344532	2.53970103197403	2.82764831796846	0.0160621162302152	0.0999135472850764	-3.21848973015447
3694	-0.429211529416078	2.12776913930516	-2.82044259033858	0.0162728829092107	0.101063167541414	-3.23087329640096
4026	1.26538424598152	2.96258027927514	2.81483356007684	0.0164388506276014	0.101931344496624	-3.24050986342509
1631	-0.575204413152217	0.886528901477022	-2.80826313861381	0.0166354093230543	0.102986142931595	-3.25179478474248
2534	-0.579374560253001	2.66908427939947	-2.80540748166066	0.0167215657571736	0.103355201680054	-3.25669832529499
1289	-0.741838341987709	1.57178147713258	-2.80230284722695	0.0168157376998876	0.103709592663571	-3.26202859484076
470	-0.622906919336784	1.86783325250567	-2.80176294712218	0.0168321680953716	0.103709592663571	-3.26295545046118
1331	-0.456612669684502	1.94932801280708	-2.80033014908317	0.0168758488799651	0.103734045279468	-3.26541503571623
3815	0.838905155716388	0.95794589125805	2.79806157018548	0.0169452402619668	0.103734045279468	-3.26930898028367
1298	-1.16643638926512	2.95019784455325	-2.79747405539191	0.0169632574022778	0.103734045279468	-3.27031735719361
1615	0.407022573594771	1.73658000645576	2.79731046564575	0.0169682775500546	0.103734045279468	-3.27059812789003
3371	-0.442214096491791	1.51897027901273	-2.79727604355566	0.0169693340634364	0.103734045279468	-3.27065720656215
2480	-0.364469698361275	1.12131749435459	-2.78784663397638	0.0172612267958425	0.105353004926349	-3.28683693611868
1709	0.662371215263971	1.18108124678159	2.78210460633497	0.0174414138382322	0.106203473265456	-3.29668562425615
2139	-0.685477549679437	0.873121456338201	-2.78167036409933	0.0174551163045433	0.106203473265456	-3.29743031063352
926	0.906784957539609	2.26541665128399	2.77939908626814	0.0175269606970013	0.106474235497852	-3.30132506365137
1886	-0.431354491256347	1.17385727936789	-2.77797519752626	0.0175721504678155	0.10658248274404	-3.30376648236349
3709	-0.657268749303827	1.77185034904095	-2.77649689537549	0.0176191896154784	0.106606802928608	-3.30630099890656
735	1.0574624435178	3.58110406389744	2.77612902692707	0.0176309145059125	0.106606802928608	-3.30693166949943
3991	-0.491199628887083	1.57821586679052	-2.77361233762599	0.0177113358426198	0.106927041505677	-3.31124591957262
1061	0.782117070532332	1.46567142627444	2.77221944696584	0.0177560024706258	0.107030764118602	-3.31363343410817
3312	0.838144506478189	2.34748610673557	2.77042863022651	0.0178135940284867	0.107211955404833	-3.31670275219988
106	-1.09940246245241	4.74211104171128	-2.76916817438426	0.0178542406941235	0.107290761208205	-3.31886289063506
204	0.609079972372485	2.68772886399483	2.76368364620873	0.0180321782414842	0.108192872005554	-3.32826036642895
2555	-0.467500423579622	0.766404111107989	-2.7628331110534	0.0180599298417077	0.108192872005554	-3.32971745733173
2564	-0.564898606102694	0.750122786093692	-2.76140153938285	0.0181067354877748	0.108219511036544	-3.33216978970816
2610	-0.607637458266221	0.784384954034105	-2.76068938276212	0.0181300644758993	0.108219511036544	-3.33338966446623
3143	1.1294073869617	3.52263136423597	2.76015009089848	0.0181477505667343	0.108219511036544	-3.33431340092373
983	0.613740193170548	1.86500415518654	2.75797791563541	0.0182191606444831	0.108479222552931	-3.33803376433964
774	1.01772268821356	1.46864488967838	2.75546787996654	0.0183020251639326	0.108806238150158	-3.34233221451968
184	1.14082238120223	4.26210026587018	2.75067737220966	0.0184612147232454	0.109585320323655	-3.35053424838466
47	-0.961655091799893	2.97273709658126	-2.74786506040883	0.018555307434133	0.109848987865891	-3.35534825628192
3120	0.984838682776161	3.54493247479771	2.7476639904639	0.0185620529059467	0.109848987865891	-3.35569240955144
978	0.875079204612731	2.47896650415179	2.745934368271	0.0186201785973874	0.109991550903661	-3.35865267844627
2644	-0.4142461714709	1.92177070460851	-2.7452675536553	0.0186426357463833	0.109991550903661	-3.3597938583996
1434	-0.390351283650493	1.11332929777892	-2.74373881636519	0.0186942223555093	0.110075689990988	-3.36240995324135
1073	0.583165357664453	2.05099460515227	2.74285255744718	0.0187241935802358	0.110075689990988	-3.36392647945269
987	0.629155381395133	1.29971068969292	2.74233551715627	0.0187417006841359	0.110075689990988	-3.36481117826018
1858	-0.394668531578131	1.57127352799504	-2.73908077171279	0.0188522803151677	0.110426516965648	-3.37037968607953
4003	1.01798415058081	1.27840707486135	2.73885015485755	0.0188601399894798	0.110426516965648	-3.3707742044051
2548	0.619267490407071	1.89589292624398	2.73780064266707	0.0188959495541889	0.110426516965648	-3.3725695447156
2241	-0.603056274364912	1.53857914388879	-2.73724704246095	0.0189148656435766	0.110426516965648	-3.37351651077571
3955	-0.748807174181214	2.61454716099466	-2.73596896149959	0.0189586083877991	0.110516199194745	-3.37570262243078
3364	-0.408792062693408	1.83744594492997	-2.73504474876002	0.0189903023205459	0.110535481668469	-3.37728334903257
241	1.01335089788723	3.70039416047935	2.73111799971455	0.0191255483846143	0.111156545387594	-3.38399846285857
1397	-0.722035358791301	1.99768302270418	-2.72781035415964	0.0192402112953387	0.111656308172949	-3.38965358774572
139	-1.05008668302968	4.15265328621338	-2.72675333665765	0.0192769972691614	0.111702485883924	-3.39146053914963
3914	-0.754674375818813	2.32963846465923	-2.72468334428713	0.0193492383701183	0.111702485883924	-3.39499880595226
329	0.564244282967198	2.64445224859339	2.72461681976086	0.0193515644652311	0.111702485883924	-3.39511250963516
3526	-0.51527355410779	0.527244001951602	-2.72429241248325	0.0193629116516817	0.111702485883924	-3.39566697956125
1269	0.84601667432031	1.56661320629492	2.72196517211588	0.0194445077752805	0.112007268161157	-3.3996443164914
3272	0.608212805742774	1.0803151083966	2.71968875909422	0.0195246512178849	0.112302794449695	-3.40353422130016
1614	0.374241683022671	1.61127969770189	2.71793769276396	0.0195865217645441	0.112492501107868	-3.40652603739609
230	1.24929138470345	4.2034223723411	2.71686384900782	0.0196245599318679	0.112505473872085	-3.40836060708901
1243	0.891926528260066	2.1641899433809	2.71624358468966	0.0196465645179809	0.112505473872085	-3.40942021783163
352	0.988969822511029	2.38316009776009	2.71136223616614	0.019820590441995	0.113335358562597	-3.41775765209798
3760	-1.08083976310173	2.82419927903268	-2.7071802783413	0.0199708949354168	0.114027367857057	-3.42489841232993
3875	-0.713011221225435	1.2163469614574	-2.70565020529522	0.0200261688869655	0.114175551458044	-3.42751054784004
3472	-0.404084013765836	1.68239597580946	-2.70243699279577	0.0201427394123218	0.114672262092955	-3.43299527468791
3989	-0.610604024892338	2.74983463797466	-2.70087955128722	0.0201994822959698	0.114827421986141	-3.43565329666366
924	1.30496165272625	1.96058905982581	2.69942514871656	0.0202526138533211	0.11496163024028	-3.43813521700714
3662	-0.8458833545902	2.57087906674642	-2.69525579524536	0.0204056938719955	0.11564083674802	-3.44524882612894
3166	0.552727638995834	3.26359665486519	2.69403190894358	0.020450846305788	0.11564083674802	-3.4473365994662
3617	1.00838209203336	2.17596277881791	2.69374730709542	0.0204613601744698	0.11564083674802	-3.44782206431305
1814	-1.08092922933238	2.62043910246759	-2.69212294198771	0.0205214704410724	0.11581247231527	-3.45059267532894
2713	0.655768918605159	1.7005387332959	2.68953160076414	0.0206177255712574	0.116187298660602	-3.45501198136335
1908	0.537831978612753	0.669061803722643	2.68625660058522	0.0207400136788178	0.1167075336204	-3.46059608405065
849	0.857851151676898	1.93635357700452	2.68158629601272	0.0209156429492557	0.117487021141708	-3.46855708875347
4006	0.962625690292425	1.30733784351461	2.68097132536678	0.02093887844693	0.117487021141708	-3.46960517517032
3592	0.602033498565932	1.23342146006107	2.67813842800664	0.0210462437682046	0.117605171720992	-3.47443266135032
3742	1.04033705622997	1.50977634809086	2.67758825244076	0.0210671580984783	0.117605171720992	-3.47537009343224
2342	-1.29805919240563	3.55889365812723	-2.67723536914037	0.0210805833795203	0.117605171720992	-3.47597134439181
2719	0.572896450173598	0.992867925633607	2.67723119766694	0.0210807421318059	0.117605171720992	-3.47597845175784
1309	-1.10954911786809	2.23826723290749	-2.67555014371024	0.021144813605878	0.117657413098924	-3.47884246466522
1180	0.961585580193365	2.0972717774564	2.67540023572122	0.0211505365098221	0.117657413098924	-3.47909784645895
462	0.603353141706713	3.08538079115813	2.673491618505	0.0212235339294135	0.117895065793347	-3.48234911045821
7	-0.895664528190669	3.06045761618234	-2.67064688693149	0.0213327961006744	0.118175476381392	-3.48719419184671
959	0.660147366774393	2.58470834117747	2.67059719088812	0.0213347097832867	0.118175476381392	-3.48727882423567
313	-0.54325180288905	2.59317268585047	-2.66771225189454	0.0214460932196496	0.118514590738393	-3.49219135850149
1041	0.866749164257346	2.71395502132528	2.66743566726456	0.0214568018671204	0.118514590738393	-3.49266227890089
1277	-0.55100993888862	1.71920313348807	-2.66586776688006	0.0215176067769762	0.118682097435617	-3.49533164993613
740	-0.789701020455342	1.14048280410754	-2.66373356234479	0.0216006469398054	0.118971597147952	-3.49896467303546
1330	-0.508792798689677	2.00062772587969	-2.65797457218088	0.0218263056654561	0.120044681160009	-3.50876528327532
3623	-0.652513809619509	1.11642747165683	-2.65573948607373	0.0219145097191737	0.120359803732669	-3.51256781715502
3809	-0.649172073349549	2.41455304573106	-2.65417724641986	0.0219763696238445	0.120529553965142	-3.51522526814502
43	-0.617905010884607	2.81349387170585	-2.65331880180709	0.022010434679355	0.120546600058239	-3.51668539542794
2140	-0.596632539641903	1.00630135184951	-2.65141531027898	0.0220861554433123	0.120791417550924	-3.5199227073332
1107	-0.77511308852949	2.59499584604108	-2.64735197566575	0.022248654984666	0.121426689480984	-3.52683176479634
547	0.92692756225002	2.78058243357692	2.64667637524489	0.0222757874134408	0.121426689480984	-3.52798031079416
762	-0.53799205009955	2.0226460189143	-2.64617706104432	0.0222958610628925	0.121426689480984	-3.52882912580176
2883	-0.361160090008383	0.930142061591062	-2.64255018646979	0.0224422063402818	0.122053004872985	-3.53499370545507
2237	-0.519067328593349	0.846908714840413	-2.63814432382242	0.0226212578307727	0.122404239523903	-3.54248002313433
937	0.680035607688588	2.12193919856553	2.6381293870973	0.0226218672374166	0.122404239523903	-3.54250539887295
600	-0.677544327311797	1.50911992664317	-2.63790815215207	0.0226308953433909	0.122404239523903	-3.5428812475829
3425	-0.43331458418114	1.57741961254046	-2.63786822578845	0.0226325250275322	0.122404239523903	-3.54294907647243
3030	0.80087074836169	1.26003625689871	2.63373814269801	0.0228017296167887	0.123115173347989	-3.54996433136157
2409	0.3771451389324	1.77147492851536	2.63311881705801	0.0228272098503462	0.123115173347989	-3.55101610767437
678	0.944026132875874	1.86532953734712	2.63139874108247	0.0228981242289532	0.123326826760088	-3.5539369774326
3999	-0.669928180492896	2.36276714239353	-2.63052993219903	0.0229340254396031	0.123349578814661	-3.55541215637703
2425	-0.615597111977181	1.07896011801963	-2.62887332704876	0.0230026338972796	0.123460294132963	-3.55822468075223
4065	0.4343816058365	1.34968593067164	2.62850246275569	0.023018020940044	0.123460294132963	-3.55885427040315
73	0.849848268116884	2.21076651850489	2.62081145678116	0.0233394119867657	0.12489254409814	-3.57190655772617
1067	0.823288426371049	2.20599075083877	2.61974948844829	0.0233841350372793	0.12489254409814	-3.57370817693539
1944	1.16203758732206	2.02650776924054	2.61905647785189	0.0234133654998967	0.12489254409814	-3.57488377975026
913	2.27429944694691	4.86732619088798	2.61832852754442	0.0234441084008858	0.12489254409814	-3.57611858247097
444	0.630452901186069	3.09780977730183	2.61829758721715	0.0234454159567901	0.12489254409814	-3.57617106411551
843	0.984014714640968	1.91104404841714	2.61569797026616	0.0235555339122072	0.125165298431314	-3.58058012034909
1115	-0.822649155727026	1.02762813767696	-2.61540175179525	0.0235681137668746	0.125165298431314	-3.58108245991237
2470	-0.534995028468357	0.659477025620662	-2.61481508272727	0.0235930480350756	0.125165298431314	-3.58207732190895
317	0.927673310815567	3.03410108495257	2.61033345135055	0.02378438187217	0.12600868436766	-3.58967561245172
58	0.623064892035058	3.09246070432804	2.60741694387603	0.023909714848214	0.126500583721393	-3.59461884319728
730	0.507130546823084	1.7636132442576	2.60502528933449	0.0240129773944623	0.126874537278204	-3.5986716030918
2165	-0.607313893225217	1.31821653121543	-2.60041954212641	0.024213072613501	0.127758407529773	-3.60647396179917
40	0.789343673440006	1.96475554771527	2.59433288748671	0.0244800208017283	0.128659723380161	-3.61678041375597
99	0.497178167485331	3.13449868984328	2.59421533806058	0.0244852046367331	0.128659723380161	-3.61697940631443
120	-0.707766361952271	2.79506571861743	-2.5938524831008	0.0245012130511984	0.128659723380161	-3.61759364971984
3620	0.401154731958917	1.74149279465772	2.59351629575421	0.0245160541212325	0.128659723380161	-3.61816273305478
1860	-0.39852864376173	1.50442629260819	-2.59113163963671	0.0246215790973943	0.128872769316015	-3.62219890641114
48	-0.924102281554701	3.19132363706292	-2.59110319829102	0.0246228403623818	0.128872769316015	-3.62224704012336
1662	0.345395243517447	1.53450704040165	2.58893359525098	0.0247192412477937	0.129078478449864	-3.62591849779955
990	0.748317564101441	3.02425617462749	2.58816550399157	0.0247534582218843	0.129078478449864	-3.62721811722649
773	1.53011093159089	2.27794790876416	2.58798316428486	0.024761587930675	0.129078478449864	-3.62752662551128
1766	-0.788166127293261	2.61154689648653	-2.5842790149544	0.024927308068357	0.129768633179388	-3.63379277964275
1201	-0.491628489706099	1.26170077770623	-2.58170805881159	0.0250429698797114	0.130016212997818	-3.63814077289074
2340	-1.02382527417788	3.49852542430216	-2.58131619561515	0.0250606451704545	0.130016212997818	-3.63880340504652
68	0.968471394392644	3.66881357487161	2.580997430496	0.0250750323475503	0.130016212997818	-3.63934241318418
2327	-0.931681792567181	3.55154085525536	-2.57660860244059	0.0252739442268345	0.130873322897997	-3.6467620618324
1823	-0.818481511739113	1.32041138644491	-2.57546852060558	0.0253258682290175	0.13096803570225	-3.64868898744142
3659	-0.884110041185689	1.71822095386956	-2.57169990659288	0.0254982522473123	0.131642290122307	-3.65505717724801
2464	-0.657278643751265	0.872395740763244	-2.57114210813408	0.0255238646744586	0.131642290122307	-3.65599956138807
449	0.991383044320284	2.27822987964623	2.56974508559266	0.0255881225437135	0.131799139133889	-3.65835958372285
2352	-0.894142250952452	3.44768934847325	-2.56829774699706	0.0256548621022106	0.131968339532375	-3.66080429446209
585	1.31996488454026	3.5660357370814	2.56528806353913	0.0257941914096214	0.13251000177977	-3.66588695444465
491	-0.38762926264933	2.28741967444954	-2.56342828817461	0.0258806578473704	0.132779027216944	-3.66902699422579
2177	-0.399996233286998	0.611163474204693	-2.56226565200234	0.0259348565121476	0.132882014813556	-3.67098971681884
292	1.10949115897571	3.55360632890536	2.56141279346494	0.0259746849889786	0.132911200193275	-3.67242935137792
3673	-0.589925320061526	1.95217481418082	-2.56008593356377	0.0260367685478158	0.133054037697106	-3.67466888279712
950	0.534004029286393	1.17793036215296	2.55603286289716	0.0262273130732677	0.13385210630053	-3.68150814505505
751	0.598200986607165	1.49962946460936	2.55501634293508	0.0262753160343104	0.133921571515189	-3.68322304865989
512	0.459463221419737	1.40571013704682	2.552769102145	0.0263817428400706	0.134184904442142	-3.68701364802398
4089	0.385381881749935	2.28748453510796	2.55247082616927	0.0263959005656602	0.134184904442142	-3.68751671443494
780	0.975528599932917	1.41283626997874	2.54740314869295	0.0266375792925778	0.135236941023856	-3.69606162395571
1741	-0.417189350388657	2.03308693161888	-2.5443655982557	0.0267834781387794	0.13580060400053	-3.70118147238134
2063	-0.397434356052957	1.07549277092523	-2.53665559857956	0.0271573248833679	0.137517065144128	-3.71417021149297
1763	0.510087857015734	1.34127561396077	2.53495429137578	0.0272405040428731	0.137759120445387	-3.71703505066542
1008	0.75565860543907	2.39367535926253	2.532624787739	0.0273548010068032	0.13815771092152	-3.72095695211316
2017	0.779753934836783	0.85404665299527	2.53083369208682	0.0274429999312197	0.138423629186748	-3.72397180157426
2239	-0.477464383508854	1.08499293318101	-2.52715371996981	0.027625086533494	0.139161820131211	-3.73016444439246
1404	-0.548532583717125	1.32867532083577	-2.52499688360397	0.0277323563478653	0.139521699765617	-3.73379292676582
89	-0.686768582355435	2.98639181879268	-2.52283790295538	0.0278401406572523	0.139883235766891	-3.73742424772758
3362	-0.36403442544645	1.52715729209774	-2.52166487628113	0.027898874090052	0.139997700652915	-3.73939690910616
737	0.791116907249934	2.62801395446766	2.51760527151098	0.0281030748560841	0.140730438042766	-3.74622211888647
3506	-0.366429101553015	1.44734259356617	-2.51732601238496	0.0281171753459866	0.140730438042766	-3.74669152212284
865	0.997306262475333	1.45274577775759	2.51492149531615	0.0282388717944593	0.14115810881595	-3.75073270455125
545	0.61505257253934	2.53239384936512	2.51390928891889	0.0282902549678988	0.141233657493587	-3.75243359172018
41	0.549375650824863	1.45929122719318	2.50956595186302	0.0285117768890848	0.142071037727207	-3.75973006723538
3643	-0.750467452928742	2.41865797010587	-2.50919141831864	0.0285309582698192	0.142071037727207	-3.76035910541825
84	-0.603571947072634	2.61259578246964	-2.50807716804992	0.0285880980939453	0.142173759869506	-3.76223037480621
3681	-0.597282954733078	2.5159330047996	-2.50061020883337	0.0289739047107607	0.143904239414326	-3.77476489330987
2869	0.635207893602877	2.03313865709329	2.49991714052145	0.0290099712224566	0.143904239414326	-3.77592783634776
2455	-0.749737865656547	1.30165645630991	-2.49807930480868	0.0291058224558347	0.144032097718037	-3.77901125462993
632	0.653970718627684	2.11379340016084	2.49732499404972	0.029145252485041	0.144032097718037	-3.78027662575975
814	1.07431624121678	3.45724766139907	2.49690527253617	0.0291672151229317	0.144032097718037	-3.78098067408163
3044	0.775511495061867	3.1651759658137	2.49659045070725	0.0291836993065052	0.144032097718037	-3.78150874171981
638	0.843945576027634	2.94689286535909	2.49470506170645	0.0292826093505377	0.144047502932574	-3.78467084546508
187	1.01426767145915	3.84258309226302	2.49417575444209	0.0293104362737527	0.144047502932574	-3.78555846837167
255	0.8012021268236	3.06166699597902	2.49374636394316	0.0293330292906231	0.144047502932574	-3.78627849971416
2090	-0.70739414178977	1.06908129766069	-2.49371292629597	0.0293347893748155	0.144047502932574	-3.78633456889493
1903	0.503777098579369	1.26719566942762	2.49284352418626	0.0293805889724664	0.144090697051365	-3.78779233801391
1168	-0.346304231700225	1.66638492133652	-2.4902681086317	0.0295166701088525	0.144410633451388	-3.79210988623538
3807	-0.661584636836415	2.42728188228864	-2.49020531023037	0.0295199959494876	0.144410633451388	-3.79221514989519
91	-0.677674607808289	3.01498075544662	-2.48831560372025	0.0296202470813505	0.144719249855432	-3.79538238062312
1768	-0.52118180826979	2.85207203235156	-2.48736239530267	0.029670941801266	0.144785272398659	-3.79697976064014
3404	-0.477610567185805	0.902212750376472	-2.485372605747	0.0297770380596727	0.145121134173173	-3.80031371821599
2588	-1.01120548345893	0.992228461161282	-2.48286864441017	0.0299110758462819	0.145592161681777	-3.8045081891141
46	-0.967067763822882	3.00264356589349	-2.48153781447963	0.0299825547584221	0.145757887926711	-3.80673705327913
3054	1.19236207207633	4.06527596798552	2.48067211879173	0.0300291406482319	0.145802336264607	-3.80818674427316
391	0.656180694547977	2.58745991013382	2.47955550309683	0.0300893335530967	0.145912658599949	-3.81005642703314
3618	0.980049331419707	2.35008564126441	2.47823055811203	0.0301609093259201	0.146077836959121	-3.81227465040924
2664	-0.816244153799981	2.96910226484595	-2.47687224467012	0.0302344599520956	0.146252157830385	-3.81454841185997
219	1.1132652229948	4.39591834365083	2.47602074182769	0.0302806566378841	0.146293891994939	-3.81597362359753
3032	0.800915867715434	1.7895283654457	2.4738620251784	0.030398082147489	0.14634907132481	-3.81958621157302
2876	1.23829898173839	4.78325319636727	2.47348213593225	0.0304187924485022	0.14634907132481	-3.82022186473369
840	0.900639303195887	1.8276588919393	2.47321619798796	0.0304332986811385	0.14634907132481	-3.82066683227782
3451	-0.367183021090676	1.80770231312076	-2.47304921112195	0.0304424108302763	0.14634907132481	-3.82094622826104
3946	-0.786367230032124	1.87640191193246	-2.47226786078332	0.030485082924758	0.146373505436508	-3.82225348631195
514	0.973480394295468	2.72942858083432	2.47083212783172	0.03056364493009	0.146569991819914	-3.82465528675928
3664	-1.04867695414724	2.8512324065242	-2.46983250007721	0.0306184600593106	0.146652255191827	-3.82632731662567
2161	-0.48102844297143	0.98530298705405	-2.46815620171603	0.0307105957499108	0.146912849938762	-3.82913077216818
3774	-0.41327821392459	1.68132238096421	-2.46632133412997	0.0308117564991614	0.147215926144459	-3.83219883109068
3785	-0.845119278293573	2.93477806217888	-2.46471103180836	0.0309008036658088	0.147460452787573	-3.83489088844339
608	1.02047690003518	3.04726575140153	2.46256070812691	0.0310201038909213	0.147848573502139	-3.83848499396105
2942	-0.37023343546066	0.511205434189493	-2.45764173346313	0.0312946973463929	0.14897500179322	-3.84670347703242
3241	-0.327911123710582	1.11419873165753	-2.45630010244342	0.031370001249628	0.149028260967527	-3.84894425544272
2324	0.383801207682094	2.94120973803937	2.45550438119714	0.0314147472450682	0.149028260967527	-3.85027310223623
1387	-0.440613285177291	1.34263255601829	-2.45539862221902	0.0314206990894555	0.149028260967527	-3.8504497098003
518	1.0589122416362	2.94105528815131	2.45393288826194	0.031503299881563	0.149238260022879	-3.85289713239579
3986	-0.73847468871443	2.70849303486154	-2.45265844983299	0.0315752919413972	0.14939755385152	-3.85502481029044
4074	-0.552009452563437	1.18177174856726	-2.44837762306599	0.0318182858907458	0.150364569488549	-3.86216942291313
1210	0.657809937440075	1.4133927439146	2.44698345478296	0.031897815329632	0.150557688355863	-3.86449551397869
808	0.67378909893323	1.22971805758271	2.44262071438583	0.0321479356065494	0.151439337721214	-3.87177211386964
3787	-0.777954141979803	2.57355378611806	-2.44217991985758	0.0321733125760149	0.151439337721214	-3.87250711169503
443	0.86302990970654	3.58485851785841	2.44163195013296	0.032204886871073	0.151439337721214	-3.87342076576958
1485	-0.627649410132357	1.41321992159571	-2.44102028019814	0.0322401671728009	0.151439337721214	-3.8744405621187
3369	-0.327461084210803	1.22717388909613	-2.43973360772522	0.0323145033563653	0.1516056338189	-3.87658551091117
1110	-0.649578906143032	1.85974486674306	-2.43855000418443	0.0323830318871197	0.151744315485492	-3.87855835778796
3346	0.340657978241166	1.53479722312786	2.43651838284317	0.0325009884516778	0.152114001238982	-3.88194406376312
1819	-0.342974704653164	1.95106671280524	-2.43203087523185	0.0327630155276557	0.153156281470218	-3.88941968676067
1297	-1.08391481661313	2.47089731724332	-2.43082703349386	0.0328336565423732	0.153302468316548	-3.89142447032935
591	-0.48164295110673	0.760283716706196	-2.42537501424512	0.0331554348679051	0.154619477096554	-3.90050028975424
2003	0.404406458148357	0.407383369590123	2.42242763390148	0.0333306618798164	0.155250714545461	-3.90540427704057
1000	0.512037348664053	2.0180326399891	2.41937707241685	0.0335129694986636	0.155913384979446	-3.91047813300558
1756	0.670073567186134	0.960179300801644	2.41710133415122	0.0336496018187527	0.156251146390468	-3.91426205799983
2579	-0.578303167440273	0.927922215539969	-2.41611732858596	0.0337088474052782	0.156251146390468	-3.91589786815093
914	0.888545595781873	2.98223200345455	2.41555022578042	0.0337430378086099	0.156251146390468	-3.91684053159979
4007	0.610766172240531	1.79054792744887	2.41549988427426	0.0337460745029235	0.156251146390468	-3.91692420837818
1935	0.525723899178565	1.36697568808936	2.41367127603237	0.0338565594346714	0.156510240143475	-3.91996334536884
2576	-0.731920919802908	1.76249003904695	-2.41324414697578	0.0338824171651128	0.156510240143475	-3.92067313498361
1071	1.40840013360507	2.31221545384063	2.41222697285592	0.0339440724354007	0.156609263108353	-3.92236329540005
211	0.962833024307511	3.91774565834105	2.4098571319591	0.0340881408734465	0.157087834983669	-3.9263002711247
2238	-0.525784165869681	0.766202890606801	-2.40679370650104	0.0342752526345141	0.157598986129651	-3.93138780631745
1133	-0.627425352691214	1.94723619118357	-2.40671610375805	0.0342800054575794	0.157598986129651	-3.93151665915498
970	0.491043851244629	2.18886620817423	2.40357183088204	0.034473116327805	0.158299899741123	-3.93673643072503
3358	-0.479568278711813	2.23336238448147	-2.39960888191143	0.0347180094820517	0.158930216051496	-3.94331240368176
2498	-0.563845864626858	0.960965451045125	-2.39811788522539	0.0348105822543285	0.158930216051496	-3.94578567569668
2669	-0.402610080599962	1.84429341364661	-2.39777938656721	0.0348316321829557	0.158930216051496	-3.94634711512004
961	0.558704036544026	1.8182675125058	2.39750617968165	0.0348486308576498	0.158930216051496	-3.94680024333595
3669	-0.711800969602455	1.96827722088725	-2.39712650459576	0.0348722672248591	0.158930216051496	-3.94742992922016
3508	0.48467071129078	1.1418680892293	2.39688379567139	0.0348873850079044	0.158930216051496	-3.94783244305247
1240	0.743206496028919	1.46833753068855	2.39674425106057	0.0348960797955905	0.158930216051496	-3.94806386141357
784	1.24734349637011	1.88434238302005	2.39507769093769	0.0350000826483344	0.159217665692306	-3.9508273451752
3139	0.970574296740926	4.17147342784437	2.3937414566995	0.0350836880265034	0.159411763331627	-3.95304266900881
431	-0.357524382919839	2.03284909782945	-2.39162826435104	0.0352163008709709	0.159827827029791	-3.95654534509344
989	0.659942709097532	1.56827502284272	2.39056710000529	0.0352830768600236	0.159944471819478	-3.95830390498263
2296	0.672234405688901	1.38100060733041	2.38778709560893	0.0354585960769522	0.160553224562386	-3.96290981074012
3917	-0.546156763935122	1.83618941384959	-2.38401839455502	0.0356978876223434	0.16123199182245	-3.9691512038839
1066	1.04391048395407	1.86133246857572	2.38225282987845	0.0358105278602844	0.16123199182245	-3.97207415042037
2092	-0.543754882529678	0.810827129042536	-2.38218766537881	0.035814691824696	0.16123199182245	-3.97218201967041
2106	-0.531514990723904	0.781587122887122	-2.38190115530877	0.0358330051680943	0.16123199182245	-3.97265627994097
426	0.65848911993849	2.14714704814536	2.38133384684974	0.0358692934995022	0.16123199182245	-3.97359529477283
1705	-0.685488107963098	1.00688222465396	-2.3806365992615	0.0359139421814514	0.16123199182245	-3.97474929299205
2202	-0.41360205942667	0.992813057083432	-2.37995610067755	0.035957570159883	0.16123199182245	-3.97587547111518
695	0.898423335581581	2.86106037670718	2.37994524363563	0.0359582666394641	0.16123199182245	-3.9758934379743
3877	-0.814408909540904	2.12544948909026	-2.37908730209085	0.0360133448862433	0.16123199182245	-3.97731313012476
224	1.76271470659292	5.02522102057964	2.37894394720595	0.0360225559541684	0.16123199182245	-3.97755033363507
971	0.513364333717901	0.931414378583988	2.3763618436563	0.0361888560025215	0.161652230768823	-3.98182208792285
2357	-0.667037449353521	2.72247907269122	-2.37619739623431	0.0361994723241945	0.161652230768823	-3.98209409672234
3089	-0.430172067730374	1.79246659868058	-2.37465468652886	0.036299212601881	0.161769376872128	-3.98464557744296
736	0.775780114690228	3.65654755696846	2.37447351476268	0.0363109432550202	0.161769376872128	-3.98494518328037
2356	-0.670415603666344	2.65433047367094	-2.37386554935386	0.0363503350701366	0.161769376872128	-3.98595053140289
220	1.05788610778918	4.56534915077668	2.37143740344795	0.03650807391546	0.162285890213243	-3.98996499015706
1652	0.298372510316649	1.36862397031467	2.37008295591768	0.0365963496680355	0.162492800008358	-3.99220375131328
497	0.454687699004902	2.08717665355822	2.3693926556815	0.0366414191171439	0.162507615082185	-3.99334459411035
3759	-0.681728179188786	2.2029768170863	-2.36855495966969	0.0366961840199033	0.16256534763766	-3.99472889650874
683	1.03993603387013	3.74671848532765	2.36778322019983	0.0367467069598672	0.162568654529991	-3.99600407098483
901	1.35468580220979	4.0349433536083	2.36726870833036	0.0367804274886806	0.162568654529991	-3.99685414705322
1342	-0.825743249711177	1.88608225614345	-2.36408417264608	0.036989804445287	0.163308728469328	-4.0021143591976
2560	-0.543139445495367	1.0032787145708	-2.36046749170872	0.0372289903258341	0.16417858247882	-4.00808571579241
3591	-0.416648711106143	0.711832488505531	-2.35709648428297	0.037453273047519	0.164980820415203	-4.01364887779265
3290	0.89747812071833	2.09070006647965	2.35501062890576	0.0375927035922334	0.165407895805827	-4.01708990862985
479	0.956491850152072	3.40161953852344	2.35408977051268	0.037654418342971	0.165492443597663	-4.01860874174672
500	0.623981623609326	2.84543934572067	2.35013343078998	0.0379206813492072	0.166474783735978	-4.02513206419685
3376	-0.336916945663525	1.4024184228184	-2.34896998787064	0.0379993264886381	0.166632181696798	-4.0270497207888
1328	-0.419120380297746	2.15992950575804	-2.34811048073212	0.0380575275431375	0.166699676325059	-4.02846621880918
1327	-0.41551958919695	2.18621438477666	-2.34689341563747	0.0381400875430493	0.166873596508577	-4.03047170343433
2754	0.604962783700264	1.57323673690721	2.3461666796518	0.0381894682548805	0.16690212052133	-4.03166906426913
473	-0.752158378024381	2.70381061250154	-2.34357789702789	0.0383658739882902	0.167485104608074	-4.03593334951838
3788	-0.557011334857808	2.53190725560681	-2.34111190388044	0.0385346430924106	0.167848736732102	-4.03999397618124
1376	-0.697151682873131	1.2218801615314	-2.34110115586281	0.0385353802358754	0.167848736732102	-4.04001167140757
2181	-0.408742393682758	0.805477966199606	-2.3396279166387	0.0386365498049411	0.168031860234029	-4.04243692370172
3084	0.513907399005706	1.81484413675978	2.33923281683904	0.0386637254159451	0.168031860234029	-4.04308725533258
3803	-1.05712509299852	3.14900328836448	-2.33761374163004	0.0387752806231661	0.168328810196888	-4.04575187393391
1790	-0.600443442566701	2.49343010961107	-2.3338319951383	0.0390370548171884	0.169276493828654	-4.05197342896036
890	0.415768131763906	1.53549709102198	2.33266259665676	0.0391183452042535	0.169369451795887	-4.05389661128465
1341	-0.682207122842807	1.4142848945543	-2.33227274397198	0.0391454819250894	0.169369451795887	-4.05453769024885
2494	-0.603123595543193	1.21039467071236	-2.33000569984145	0.0393036451767843	0.169865032539843	-4.05826496002152
159	0.75703379876872	2.58153417333624	2.32447341350705	0.0396921998969887	0.170727104760004	-4.06735569875003
174	0.957348975321387	2.84874177143211	2.32441535617105	0.0396962970412075	0.170727104760004	-4.06745106209702
3649	-0.386707906404404	2.15344881133953	-2.3236188790624	0.0397525460732085	0.170727104760004	-4.06875925437604
213	0.901290819393754	4.00788799311827	2.32351125506758	0.0397601526071609	0.170727104760004	-4.06893601265516
492	-0.3874832750493	2.32684762041873	-2.3231120802798	0.0397883772940472	0.170727104760004	-4.06959158143389
2884	-0.356894057756855	1.00154623120333	-2.32307349816015	0.0397911063646232	0.170727104760004	-4.06965494328442
957	0.838218681981782	2.80332674935199	2.32280620193899	0.0398100182645311	0.170727104760004	-4.07009390356849
154	-0.49688548660831	3.38603603524426	-2.31991580699268	0.0400150745448544	0.171417712076637	-4.07483952189617
2086	-0.500767818604071	0.816944285219549	-2.31632181192095	0.0402714649539056	0.172326466517042	-4.08073764167584
56	0.660398486374509	2.99933379680416	2.31359356801203	0.0404671483825992	0.17278413771226	-4.08521295864073
1241	0.812287309917741	1.69457178536223	2.31359336157534	0.0404671632238268	0.17278413771226	-4.08521329720632
1292	-0.790459625127107	1.76553186853567	-2.31177599195021	0.0405980213523127	0.17315300673155	-4.08819347836677
2326	-0.55406028049224	3.21373358343044	-2.30819527865658	0.0408570391529554	0.174067079279659	-4.09406297066516
578	0.515857978182465	2.38029456209697	2.30727532906394	0.0409238415720543	0.174161135608284	-4.095570459538
854	0.465373318790314	0.621381304824135	2.30651059374422	0.0409794529632608	0.174207412487923	-4.09682345165735
295	0.710932485144907	2.00917571945857	2.30471094568113	0.0411106097320234	0.1745743885458	-4.09977156455172
2407	0.43665774180914	1.61465759564921	2.30005313751872	0.0414519424841974	0.175623419562422	-4.10739822144999
3141	0.752573609582963	3.38380203769748	2.29962055222608	0.0414837809491903	0.175623419562422	-4.10810626993924
2609	-0.879935435398956	0.781265439054878	-2.29904612403118	0.0415260954231773	0.175623419562422	-4.10904641524374
2052	-0.521787122626507	0.810434547787724	-2.29888393044554	0.0415380506977377	0.175623419562422	-4.10931185714061
4104	-0.436621144878264	1.90231658012122	-2.29797765211664	0.0416049132623506	0.175715327813008	-4.11079493301205
817	0.679800273802931	2.44686907489242	2.29391369653968	0.0419060131103568	0.176795249243477	-4.11744294854063
791	0.537268812636552	2.05064862745041	2.29276015294911	0.0419918600864383	0.17696332426864	-4.11932924488842
2569	-0.654770444537573	1.70975169495021	-2.29169979112577	0.0420709213629972	0.17696332426864	-4.12106288453062
2867	-0.380230929196041	0.624271024205111	-2.29154884606946	0.0420821875379457	0.17696332426864	-4.12130965015
1062	0.731828201747714	1.55323468662036	2.28975228148628	0.0422165013366988	0.177201648049944	-4.12424625700216
753	0.717182353240328	1.81948314853004	2.28957371070389	0.0422298740088209	0.177201648049944	-4.12453810023372
2035	-0.3708226143686	1.71350161565854	-2.28773268106486	0.0423679808530404	0.177589792725231	-4.12754649405796
1773	-0.356777038617574	1.56184976640221	-2.28693248894301	0.0424281431771384	0.177650741432018	-4.12885381623141
1842	-0.302834704253627	1.07766340564702	-2.28520666636135	0.0425581780589794	0.17800380812209	-4.13167286437628
42	-0.559024848853885	2.63320078489463	-2.28201992916027	0.0427992933701774	0.178748318845037	-4.13687632911314
1238	0.695204783957942	1.1274390406508	2.28114514116772	0.04286571056221	0.178748318845037	-4.13830429060736
2904	0.349049069790303	1.50851890633501	2.28103749159152	0.0428738905498881	0.178748318845037	-4.13847999954079
908	-0.856081290033259	1.47175746639601	-2.27978843777031	0.0429689121469233	0.178952881176598	-4.14051853466937
3641	-0.604462895094793	2.60105435048488	-2.27659473248555	0.0432127919893653	0.179380272352926	-4.14572911270801
980	0.50740085684004	1.29325632775498	2.27640213785232	0.043227541377372	0.179380272352926	-4.14604325304118
2487	-0.69880558240206	1.86086475313586	-2.27632459775233	0.0432334809584442	0.179380272352926	-4.14616972579091
2671	-0.3701169673139	2.26749242246323	-2.27603334986965	0.0432557975704667	0.179380272352926	-4.14664475597608
1236	0.448571865996891	1.02012696609766	2.27274136032971	0.0435088123428363	0.180237569428728	-4.15201258118897
1717	-0.353879830828817	1.62728866253418	-2.2708827180778	0.0436522891416364	0.180385973971942	-4.15504203873702
2321	-0.446838982512073	2.57679649837646	-2.27053971755695	0.043678816370844	0.180385973971942	-4.15560101144008
2549	-0.559355509254634	0.659986547106816	-2.2704777694958	0.0436836090024502	0.180385973971942	-4.15570196230658
3791	-0.430775014061752	1.9336908930007	-2.26984696599022	0.0437324400132262	0.180396315054558	-4.15672986817215
2822	1.01263680441041	4.58869200832677	2.26723590097253	0.0439351214569283	0.180869404340758	-4.16098358629347
1056	1.24342086497769	1.88893686899558	2.2668910811414	0.0439619549348812	0.180869404340758	-4.16154520864697
475	0.84734185058273	3.08201599542169	2.26657619124213	0.0439864730125059	0.180869404340758	-4.16205805677682
2411	-0.464676257291152	1.07796483639215	-2.26460175928303	0.0441405057505587	0.181184097427199	-4.16527316360256
628	0.62279953222777	2.48690170357866	2.26440271223212	0.0441560627782259	0.181184097427199	-4.16559723146123
976	0.583125723017934	1.99388342103321	2.26342021986026	0.0442329289134882	0.181308447567498	-4.16719667766536
305	1.11740606956592	3.24973065874426	2.26272569338079	0.0442873430699982	0.181340603485355	-4.16832718339114
2599	-0.603963204022315	2.78338070792489	-2.26120794126303	0.0444064777393142	0.181562616578002	-4.17079725849057
3144	0.493693793241231	3.15861103801906	2.26084749106127	0.0444348160243544	0.181562616578002	-4.17138378969199
3576	-0.634184211413218	0.65236589911235	-2.25946671350922	0.0445435318262715	0.181800774689124	-4.1736303114581
282	0.959336166628062	1.68526381469545	2.25892216935105	0.0445864765865726	0.181800774689124	-4.17451615040568
3893	-0.672718023276527	1.28104979100529	-2.25665718609044	0.0447655270867215	0.182339918907629	-4.1781999097296
2502	-0.359926497374536	2.04938826357481	-2.25338510138332	0.0450254059440844	0.183041683229891	-4.18351930346251
1352	-0.367231670825567	0.852535006795712	-2.25330448986368	0.0450318265367835	0.183041683229891	-4.18365031819511
1290	-0.908376177800956	1.78239073279497	-2.25268333511915	0.0450813300120895	0.18305182384471	-4.18465980071416
881	0.642147522001739	1.8948474570774	2.25182731149415	0.0451496368786118	0.183138214588869	-4.18605082310977
621	-0.587034287540045	2.2283906568119	-2.2497839828204	0.0453130857873016	0.183360216849688	-4.18937043303824
609	0.839097982632762	3.20063501728614	2.24965068332572	0.0453237682522722	0.183360216849688	-4.18958695525983
3698	-0.660992371574235	1.94832336840259	-2.24937796055223	0.0453456314397149	0.183360216849688	-4.19002993248222
933	1.00301381340414	1.80293001891362	2.24721673365958	0.0455192460696811	0.183871311405953	-4.19353968451845
892	0.457713240146104	1.74341855881357	2.2465949131435	0.0455693154739149	0.183882812907176	-4.19454927443746
1920	0.771426157032381	1.02926912723059	2.24575865565186	0.0456367345129188	0.183964227943381	-4.19590686725218
366	1.07194968695083	3.79204773850741	2.24481651084369	0.0457128044093309	0.184080310620408	-4.19743614214659
3408	-0.591756390106932	0.739402249411304	-2.24142575307479	0.0459875824706018	0.184995502211284	-4.20293806071993
1114	-0.577119836826037	0.81365874833713	-2.24018242773526	0.0460887332160594	0.18521107032336	-4.20495475808777
1894	-0.371947986090307	1.47213536432761	-2.23822894649519	0.0462480881947425	0.185659850959101	-4.20812252661698
2557	-0.648305939934724	0.90819040354112	-2.23617812665704	0.0464159498435522	0.186141821514719	-4.21144706492714
2087	-0.504830398027763	0.6875727234771	-2.23287861649563	0.0466872398797167	0.186941355506648	-4.2167935092338
1055	0.593348199322911	1.89193382070657	2.23258644902612	0.0467113351073367	0.186941355506648	-4.21726679199159
815	0.698759346849868	3.15525353155514	2.23031366475294	0.0468991788264355	0.187500413090493	-4.22094771090896
2473	-0.29358978082924	1.11570004478265	-2.22969940434097	0.0469500705891384	0.187511358845236	-4.22194231032448
1268	0.815960621274027	1.3416225515976	2.22824719120776	0.0470705968325069	0.187776932866518	-4.22429331018045
4080	0.386956622883268	2.25539249939671	2.22773699406443	0.0471130106344601	0.187776932866518	-4.22511913976655
671	1.03790078581453	1.89707342342504	2.22606802869733	0.0472520103110216	0.188138372342657	-4.22782012404766
1058	1.04742313142	2.01908837913038	2.22518084680188	0.0473260584116975	0.18824072671619	-4.22925560070274
3821	0.390636078831856	1.78640160463852	2.22371084046038	0.0474489953665055	0.188537130568543	-4.23163363620245
1901	0.64868641177965	1.01639811936869	2.22176219366408	0.0476124307890484	0.188993685517385	-4.23478508071497
768	0.710625055350395	2.14892825017549	2.21557297057812	0.0481350967240893	0.190873794952753	-4.24478783106546
285	-0.599546062945131	2.51249227332921	-2.21484278184787	0.0481971190409946	0.190925311847033	-4.24596724949399
2428	-0.454541422187765	1.77170544599878	-2.21364989785283	0.0482986066499966	0.191132900706389	-4.24789371433955
658	1.06092900863379	2.24844589849488	2.21065562742036	0.0485542497304658	0.191949490812623	-4.25272765491576
3090	-0.357378348045154	1.75632156299938	-2.20954510778993	0.0486493903915932	0.192130553940024	-4.25451985511857
584	0.654189308740896	2.73721811129689	2.20771678906691	0.0488064134949588	0.192555394274944	-4.25746973594766
1271	-0.662975398956377	0.815185272305459	-2.20364077871206	0.0491582165867674	0.193569284865829	-4.26404284231098
1731	-0.410480394617687	2.73175567929998	-2.20358762275056	0.0491628204243207	0.193569284865829	-4.26412853326891
2012	0.547343402618606	0.910930804917599	2.20186841773369	0.0493119423061966	0.193960306404373	-4.26689958798668
1088	1.17511703415052	2.46894069386718	2.20018861626874	0.0494580622202924	0.194190488918009	-4.26960634567985
1867	0.455762937889401	0.616024824343053	2.19978315486817	0.0494933935522768	0.194190488918009	-4.27025957171344
2258	-0.554734379436271	0.927001806076477	-2.1993555555256	0.0495306799792537	0.194190488918009	-4.2709484143414
2193	0.374063003990694	1.49037074768065	2.19890565518545	0.0495699399035698	0.194190488918009	-4.27167312834162
2127	-0.391014200804134	0.788359580474846	-2.19818474380422	0.0496329109847493	0.194237112718553	-4.27283427908427
2805	0.735811336633136	1.48429768788039	2.1971151399539	0.0497264803803907	0.194237112718553	-4.27455679370054
202	0.530456554545224	2.47693397225928	2.19705798902044	0.0497314846893676	0.194237112718553	-4.27464882196505
3429	-0.348544169487786	1.16975208408388	-2.19478788102552	0.0499306502233307	0.194819591151953	-4.27830356977946
2429	-0.392914307011152	2.16951388389253	-2.18845003393133	0.0504907184943995	0.196807665482674	-4.28849956045071
3352	0.488090353891271	2.62110619939716	2.1878158089303	0.0505470918773918	0.196830375770564	-4.2895192500008
1300	-0.868897745440668	3.09429663247474	-2.18688659995023	0.0506297931158697	0.196867995475234	-4.29101300299553
372	0.610491078954187	3.4527762882306	2.18657150489897	0.0506578663241357	0.196867995475234	-4.29151948007455
3959	-0.533573105428157	1.93225979628683	-2.18213862953554	0.0510543822819853	0.198211131212414	-4.29864182846093
899	0.847143770536344	2.78041007991145	2.17943218898191	0.0512979185612898	0.198958261830341	-4.30298756806018
98	0.58845947825164	3.54852776513708	2.178716538735	0.0513624998676464	0.199010521875239	-4.30413634287261
1177	0.67155231226985	1.07630453934519	2.17645704339077	0.051566907150836	0.19960391296755	-4.30776237133541
752	0.482788814590494	1.17665961286768	2.17528761915471	0.0516730033193584	0.199815963183299	-4.30963848787029
3104	0.37245961210849	2.22657765585835	2.17388615260365	0.0518004246006937	0.199906390116123	-4.31188635803194
1288	-0.628631490430925	1.61458981480724	-2.17362265150742	0.0518244154031231	0.199906390116123	-4.31230893570994
3912	-0.528547558100355	2.47850809882351	-2.17307212165463	0.0518745731608179	0.199906390116123	-4.31319175842519
3867	-0.380739745504791	1.19643620080867	-2.17277419295368	0.0519017361087316	0.199906390116123	-4.31366947698764
725	0.768505920623896	2.20331915968084	2.1706680772205	0.05209414167948	0.200366905885962	-4.31704583731781
327	-0.282772050008642	1.19799323631764	-2.17033960430354	0.0521242104937029	0.200366905885962	-4.31757230484403
3530	0.543793805021402	2.94721984586304	2.16948301614046	0.0522027011292643	0.200470728005281	-4.31894507553769
3109	0.514094048936952	2.6292716040415	2.16840243337486	0.0523018767714819	0.200653702609015	-4.32067651989462
3433	-0.308316888085937	1.25044793273396	-2.16700105169392	0.0524307615568452	0.200950182581058	-4.32292148780294
646	-0.661696565639398	1.00553599125488	-2.16640286490496	0.0524858683870414	0.200963590461297	-4.32387959126637
3798	-0.844600160142071	2.64773810268429	-2.16396405736152	0.0527111080917579	0.201627755313659	-4.32778470989491
1252	0.267462159747152	1.23397718880219	2.16213818463385	0.0528803390877619	0.201897340623328	-4.33070724569666
1004	0.9181878603867	1.73699710018641	2.16208493959071	0.052885281827374	0.201897340623328	-4.33079245649169
2354	-0.89207254294505	3.41675910122443	-2.15958947143296	0.0531174282544275	0.202584981021294	-4.33478515958242
1287	-0.802759630225629	1.55228959705962	-2.15878561303911	0.0531924144586552	0.202672467614485	-4.33607093250339
1650	-0.569339837392496	0.92646712254442	-2.15774305385108	0.0532898168303299	0.202845109225127	-4.33773822728629
706	1.09834550620553	2.90456449690758	2.15654036991107	0.0534023890470532	0.203075100536353	-4.33966120484446
403	1.07742165982834	4.09873741531328	2.15581561585397	0.0534703354206806	0.203135108417688	-4.34081981377572
2095	-0.748635859526704	1.4881394162184	-2.15500258071405	0.0535466557304429	0.203226781105599	-4.34211936806211
2348	-0.537211267869706	0.86184911866054	-2.15335564719976	0.0537015712379949	0.203521958249107	-4.34475123101923
461	0.484636189176361	3.20116952177041	2.15288994553142	0.0537454534892383	0.203521958249107	-4.34549529587441
3452	-0.303721496132125	1.58341284539681	-2.15251057245962	0.0537812262553496	0.203521958249107	-4.34610138399901
3794	-0.837988660431461	1.21274197338819	-2.15128003216805	0.0538974146468611	0.203642114563438	-4.34806700960139
2221	-0.475769446446427	0.94647505989959	-2.15106681763344	0.0539175706509771	0.203642114563438	-4.34840754639354
3920	-0.368494405705679	1.36722815765216	-2.1484437368125	0.0541661256532854	0.204382648540594	-4.35259591866292
3325	0.487886591868409	1.2228844873505	2.14503092586849	0.0544911374794191	0.205322742646007	-4.358042240037
493	-0.416574313213083	2.40395486170624	-2.14421472134113	0.0545691401026797	0.205322742646007	-4.35934426554664
2053	-0.536919329798753	0.857402906546202	-2.14416959024954	0.0545734562502868	0.205322742646007	-4.35941625378154
1346	-0.733112616735809	2.21732112717764	-2.14323401880182	0.0546630031770422	0.205407221831541	-4.36090843985373
193	0.825274548255071	3.70863785380173	2.14283319912486	0.0547014096146144	0.205407221831541	-4.36154764603832
355	0.49733084357122	1.94234825869215	2.14211043293622	0.0547707294372135	0.205469383842494	-4.36270015481602
544	0.561693844208083	2.56691326633374	2.13896163164167	0.0550736990713464	0.206407107010416	-4.3677193547091
3836	-0.6520860046089	2.79038718651739	-2.13749270111051	0.0552155775487637	0.206739864398929	-4.37005982169511
3811	-0.441858203690361	2.29658760921139	-2.13527775555526	0.0554301646363542	0.207343958783826	-4.37358770213544
799	-0.343766548697637	2.46987764559579	-2.13395575126851	0.0555586178861104	0.207349282611973	-4.37569263791003
1095	-0.574819779052909	1.24134611171873	-2.13391568299779	0.055562515532358	0.207349282611973	-4.3757564276333
3895	-0.541929204532746	1.94545738196587	-2.13357554223619	0.0555956131838117	0.207349282611973	-4.37629792106273
2994	0.745774828759406	3.17021074043277	2.13135523927433	0.055812119818254	0.207349282611973	-4.37983171737655
1148	-0.702363564830838	2.51776952028632	-2.13088043319553	0.0558585225389975	0.207349282611973	-4.38058721761064
1028	0.403153911630985	1.17311692297845	2.13058519794525	0.0558873942168207	0.207349282611973	-4.3810569546419
468	0.740087397911388	3.00068118022337	2.13034911338066	0.0559104915731264	0.207349282611973	-4.38143256042355
3869	-0.415603824070796	2.64104011524145	-2.13024467386908	0.0559207123011936	0.207349282611973	-4.38159871620543
616	-0.506979450341226	2.15922012029194	-2.12999187773499	0.0559454589134446	0.207349282611973	-4.38200088309469
2112	-0.374763461941881	1.30574716674043	-2.1298018084484	0.0559640719119629	0.207349282611973	-4.38230324672218
3776	-0.687178606239122	2.26852823826773	-2.12907308616798	0.0560354880676484	0.207416530927208	-4.38346240222602
1340	-0.60385502816635	1.52492126716376	-2.12717227465539	0.0562221767045912	0.207909929807861	-4.38648520596531
2481	-0.446618176826622	1.42071156527829	-2.12650367287554	0.0562879831857007	0.207934047425088	-4.38754820282136
1279	-0.646536934294182	1.26188947068761	-2.12602139952772	0.0563354956429038	0.207934047425088	-4.38831487546113
1016	0.716505032744645	2.0378541264111	2.12380621315537	0.0565542177850938	0.208543678082533	-4.39183546081797
2377	-0.563618424856932	1.81444740966098	-2.12225723242652	0.0567076366643719	0.208911577266854	-4.39429636025875
2526	-0.462145350356131	1.00380610974687	-2.1216791570685	0.0567649928190214	0.20892521931689	-4.39521457348201
281	0.546413139765922	3.91658607563715	2.12063704092211	0.0568685291328506	0.209108642533825	-4.39686960966718
240	0.907887363090872	3.68044405507124	2.11917719753748	0.0570138673589144	0.209445282543031	-4.39918750011727
684	0.578004105476525	1.48247246690857	2.11834750051179	0.0570966260619578	0.209551613463962	-4.40050457412446
3642	-0.465073043556917	2.50099710580727	-2.11670740559854	0.0572605522041638	0.209955358081934	-4.4031074645134
1937	-0.380692920986187	1.78721781616462	-2.11615295585125	0.0573160693990401	0.209961217535148	-4.40398720942617
3822	-0.578961835097257	1.11085590371945	-2.11352099492815	0.0575803019135195	0.210730916965456	-4.40816204765799
906	0.477367932541282	2.49104788930653	2.11078495334195	0.0578562016230565	0.211471322676347	-4.4124997115843
3846	-0.654431146073016	1.84962775541183	-2.11043851480502	0.0578912249545419	0.211471322676347	-4.41304878280347
3088	-0.372425500648831	1.70239110855942	-2.10879023640887	0.0580581323325188	0.2117307466813	-4.41566063302708
2168	0.336533131368183	1.42571753598876	2.10841686388447	0.0580960036398502	0.2117307466813	-4.41625215928774
1880	-0.307147834604816	1.55679777214262	-2.10767745877971	0.0581710705164678	0.2117307466813	-4.41742345540443
560	-0.45735156352342	2.67705700915086	-2.10677588184095	0.0582627253681729	0.2117307466813	-4.41885141876276
2523	-0.520445496022261	0.808431636969979	-2.1065089697539	0.0582898859219002	0.2117307466813	-4.41927411913097
1861	-0.363380217636485	1.42622510842197	-2.10573583236319	0.0583686265479428	0.2117307466813	-4.42049838747627
3777	-0.947662659911386	2.98637466126835	-2.1052312333933	0.0584200717914007	0.2117307466813	-4.42129732287334
4044	-0.57230626850696	1.1470004001141	-2.1050840637621	0.0584350841867967	0.2117307466813	-4.42153032270879
883	0.853651692824401	2.63857559218181	2.10492214090721	0.0584516057222388	0.2117307466813	-4.42178667212525
2403	-0.305145370143565	1.44464707714165	-2.10272174242731	0.0586765567114566	0.212049092435145	-4.42526943790864
2152	0.400902735523508	1.90876480967475	2.10259895911318	0.0586891330911187	0.212049092435145	-4.42546373333944
1674	0.321041155222344	0.983794284625234	2.10246500955457	0.058702856097865	0.212049092435145	-4.42567569313534
698	0.750601637760116	4.03187957021798	2.10177113839216	0.0587739909640734	0.212109287130771	-4.42677357462319
1875	-0.514091325418517	1.32704708117981	-2.10099919423785	0.0588532252316292	0.212198573196263	-4.42799481021419
2898	-0.385096700043992	0.646049974314354	-2.09967777371426	0.058989092772847	0.212298764813194	-4.43008489762
2276	-0.539570822844594	0.940244964961434	-2.09966845206643	0.0589900522670457	0.212298764813194	-4.43009963969824
2020	0.480892904768802	0.483069426856992	2.09774116776789	0.0591887472241037	0.212817157609104	-4.43314703064236
1686	0.305815603785144	0.973858712659772	2.09448389599011	0.0595259919815789	0.213832299609104	-4.43829471525467
1294	-0.663490237784988	1.73461246848776	-2.09358987703486	0.059618871077702	0.213968556660435	-4.43970700693803
985	0.803190700367393	2.51828948622387	2.09118990982015	0.0598688774256229	0.214542594189001	-4.4434970095422
2089	-0.624085828771543	1.10917453979064	-2.09031260795025	0.059960512654465	0.214542594189001	-4.4448819790555
3020	0.769538998539908	3.29342002666077	2.0901947694528	0.0599728310779269	0.214542594189001	-4.44506798843765
1183	0.691715695761526	2.33519318282607	2.08994259924704	0.0599992000698054	0.214542594189001	-4.44546602708497
2571	-0.434314814437149	1.23079036816251	-2.08929410356179	0.0600670622341919	0.214588202146737	-4.44648955370709
3269	0.591201570280054	2.26002325563921	2.08860651814319	0.0601390938532688	0.214648608125233	-4.44757462979693
385	0.409331539806606	2.06188417259131	2.0873157152585	0.0602745382543129	0.214824917339161	-4.44961123433044
2420	0.591382744086024	1.12054502255869	2.08708452329953	0.0602988275941712	0.214824917339161	-4.44997594854358
3616	0.696703366681641	1.71171571812904	2.08638070850756	0.0603728280292135	0.214891949127749	-4.45108613842335
936	0.8387862791867	2.62428551946256	2.08483410885642	0.0605357407207913	0.215159086656413	-4.45352517194326
2922	0.425291958997779	1.21147336578016	2.08461942809409	0.0605583869993397	0.215159086656413	-4.45386366939468
2482	-0.57433150760944	1.86614889222629	-2.0826105110488	0.0607706904504188	0.215716562091095	-4.45703050962939
361	0.73322200931038	2.73542817478198	2.0819988889756	0.0608354658654127	0.215749821566409	-4.45799440855693
4036	0.39179070749345	2.12197148765779	2.07943486377783	0.0611077227500319	0.216487452216918	-4.46203393039651
1291	-0.790163283024738	1.92953502914266	-2.07898902395387	0.061155180280079	0.216487452216918	-4.46273611767784
2763	0.468687123698604	0.82986211726799	2.07847214780722	0.0612102426530114	0.216487452216918	-4.46355010529263
2102	0.342116712078785	1.09567659148409	2.074573831109	0.0616270303809646	0.217643121753556	-4.46968647786458
1111	-0.607146248098588	1.89204305654114	-2.07413470247186	0.0616741464801244	0.217643121753556	-4.47037740563754
3908	-0.784077496308824	1.28001072849477	-2.07385033592939	0.0617046755048603	0.217643121753556	-4.47082479639402
1209	0.609184727743454	1.33884365882523	2.07278546001268	0.0618191246269721	0.217767595119081	-4.47249992084143
4061	-0.573098539624769	1.98982742551703	-2.07248165469497	0.06185181309751	0.217767595119081	-4.47297776038285
2203	-0.503632178975065	0.871685788466518	-2.0705878114908	0.0620559508359832	0.218288954431182	-4.47595581091971
1906	-0.273759143264273	1.17829039763438	-2.06733405861236	0.0624081515178845	0.219329731056536	-4.48106957738018
427	0.697194088985385	2.51212685886163	2.06406299476369	0.0627641169223429	0.220381849680436	-4.4862070609726
2905	-0.435268658973973	0.770189954817714	-2.06232134012923	0.0629544246614032	0.22085092759595	-4.48894104524717
1307	-0.803942012705493	2.59817793664755	-2.06072461194436	0.0631293721037673	0.221256520745393	-4.49144665258096
3719	-0.543411330677693	2.5305248026462	-2.06022979066021	0.0631836802950377	0.221256520745393	-4.49222296228859
1012	0.893612823601188	1.58351134666487	2.05778648065554	0.063452484251023	0.221743014368943	-4.49605501044212
3434	-0.314578158688814	1.41130291565328	-2.05777999342187	0.0634531993780026	0.221743014368943	-4.49606518228904
3405	-0.34366675982425	1.45644749376152	-2.05703486148982	0.0635353900838698	0.221743014368943	-4.49723344093194
2746	-0.334289990710908	1.64543633737545	-2.05689900545322	0.0635503862444119	0.221743014368943	-4.49744642365465
956	0.664311453763598	2.8372224510255	2.05509973968851	0.0637493074055561	0.222237961537364	-4.5002665717559
509	0.337629709610847	2.61642701343116	2.05415991242106	0.0638534436946781	0.222401887072519	-4.50173921897638
2554	-0.675728415447699	0.817272712003517	-2.05321242459949	0.0639585901985159	0.222569035060787	-4.5032235726985
3980	-0.6726153544112	1.0562684795028	-2.05259020511581	0.0640277286345876	0.222610692234897	-4.50419819199044
3291	0.646590376354529	1.53940329934687	2.04955404459251	0.0643661000038317	0.223587505276468	-4.50895205975756
2963	0.790733043843396	1.38676259929469	2.04806089239212	0.0645331214439751	0.223967892070267	-4.51128883344262
1206	-0.463460515400612	1.30211295198511	-2.04750922549448	0.0645949326000722	0.223982784990811	-4.51215199990889
192	0.692930093744333	3.69943670676345	2.04542688169078	0.0648287474952449	0.224420834199109	-4.51540922326972
1050	0.649738711040746	2.23102709169177	2.04535771344847	0.0648365275998967	0.224420834199109	-4.51551739197412
1388	-0.372195454442123	1.2609397412466	-2.04450003131979	0.0649330731058751	0.224555405572183	-4.51685854402312
191	0.624080972484606	3.36472987314898	2.04396847890867	0.06499297517225	0.224563128057446	-4.51768960502675
2172	-0.981400349486631	1.39835805942398	-2.0415224209165	0.0652692954373896	0.22531794010035	-4.5215126933419
2204	-0.438096899662375	0.831079800574999	-2.04071926654983	0.0653602637653941	0.225432123208542	-4.52276755079936
3189	0.48200382071943	2.14813609354008	2.03914915812413	0.0655384430735865	0.225839818572251	-4.52522007663996
2091	-0.428901064237382	0.79255665947485	-2.03865634757765	0.0655944619427879	0.225839818572251	-4.52598967999934
851	0.682799394271413	1.72873660333087	2.03799133693397	0.065670126204743	0.225882070931415	-4.52702807133362
593	-0.473835180906914	1.49781760219655	-2.03752925554988	0.065722749451796	0.225882070931415	-4.52774950737426
1808	0.543645355375909	1.52552783013356	2.03506167091793	0.0660044340442887	0.226650146533034	-4.5316008590467
943	0.464111353013674	2.07448898930835	2.03340078193806	0.0661946665300504	0.227103111425565	-4.53419197282049
2110	-0.559511117881051	0.759165846293121	-2.03251099134725	0.0662967908738633	0.22725326026657	-4.53557972775417
115	0.714618216199684	2.08891852503625	2.03147161591513	0.066416270139185	0.227462582165335	-4.53720043964608
3035	-0.283311718662613	1.98577910444187	-2.02821700278552	0.0667917008504481	0.228547348955751	-4.54227301341888
1459	0.385594209410267	0.956940105745647	2.02755186401175	0.0668686705818991	0.2286098360368	-4.5433092388716
3456	-0.547883268884027	2.2975796025905	-2.02450124711481	0.0672227503887054	0.229568631026262	-4.54805987560552
279	0.687945156313477	3.00142940213196	2.02404712823171	0.0672756087207158	0.229568631026262	-4.54876678805563
1129	-0.268457550933828	1.33845992818695	-2.02361466310187	0.0673259826995354	0.229568631026262	-4.54943992677113
2688	0.333272704449997	2.90785114296389	2.02105066681515	0.0676253639437969	0.230387722832148	-4.55342950216701
3481	0.326548914950662	1.80625990251381	2.01960793448102	0.0677943685726973	0.23073080326691	-4.55567339357809
3022	-0.906948875919097	3.67351804963873	-2.01917999866308	0.0678445736365208	0.23073080326691	-4.55633882654792
3406	-0.27879067137725	1.21973906063179	-2.01727698328202	0.0680682544289002	0.231289513740085	-4.55929721464246
2194	0.304454291894358	1.44787166772555	2.01665419828488	0.0681416060726766	0.231336891061031	-4.560265110329
2483	-0.568685325579198	1.80411640440208	-2.0156082592667	0.0682649628306686	0.231553802493575	-4.56189034379181
1239	0.604089761238906	1.266540998632	2.01494671735084	0.0683430918248637	0.231576018431144	-4.56291808498452
3940	-0.530480873336504	1.18495631213156	-2.01454604543041	0.068390452284493	0.231576018431144	-4.56354047644323
3517	0.591395923567692	1.12614142565204	2.01192075063069	0.0687015273779485	0.232104291054313	-4.56761714425669
3988	-0.705702539525189	2.62485000767264	-2.01179291086417	0.0687167089538239	0.232104291054313	-4.56781559778866
3941	-0.467682205862322	1.04902018397289	-2.01172073242966	0.0687252818658508	0.232104291054313	-4.56792764228968
2206	-0.421823579856442	0.832173481993878	-2.01077751849704	0.068837402772414	0.232281496010208	-4.56939165094918
1824	0.665223942678181	1.7442283230457	2.00813878117636	0.0691519793319961	0.232756382219167	-4.57348571049102
1969	0.478930419144354	1.26444862796331	2.00737391358515	0.0692434131509351	0.232756382219167	-4.57467196315035
3870	-0.503719073907138	2.60500217498973	-2.00710769859874	0.069275263462195	0.232756382219167	-4.57508479457413
3749	-0.256673256114635	0.959823102365447	-2.00705280764305	0.0692818323865666	0.232756382219167	-4.57516991332558
3970	-0.265622717768661	1.11998755081482	-2.00700560482692	0.0692874817183405	0.232756382219167	-4.57524310932402
2777	0.363228913545174	1.17449318526394	2.00659388524272	0.0693367753914314	0.232756382219167	-4.57588151740028
3621	0.275749867297674	1.35322655559238	2.00559211304691	0.0694568504703804	0.232791699496891	-4.57743460595206
1060	0.860056518596179	2.36183612569509	2.00550867340532	0.06946686050729	0.232791699496891	-4.57756394992565
2479	-0.263400500528113	1.17931719299932	-2.00428698129982	0.0696135777900414	0.233082778946192	-4.57945747542213
523	0.697315303838069	2.8604268477511	2.00277985440916	0.0697949718111801	0.233414472990661	-4.58179267726566
3484	-0.276746905418545	1.33102322083605	-2.00246827829457	0.0698325272301285	0.233414472990661	-4.58227534559566
1320	-0.433516972590642	1.25527405492109	-2.00154203074079	0.0699442824794689	0.233587509412566	-4.58371001031224
919	0.595796878279523	2.19323385160493	1.99937755170116	0.0702060849330297	0.234260920933348	-4.58706138836734
406	1.24169408753095	4.79243851400893	1.99608478939304	0.0706061086262007	0.235393995710981	-4.59215656128942
3951	-0.387529846724723	1.09327951613024	-1.99558534024747	0.0706669696234746	0.235395363313781	-4.59292906509777
3168	0.623269911062899	1.96354929240866	1.99481703638228	0.0707606876061037	0.235506083365956	-4.59411723622753
623	0.888786723894387	3.00846648041873	1.99318928680117	0.0709596234274507	0.235966501815963	-4.59663383296138
3767	-0.535830780575308	2.30522845114284	-1.9916853750987	0.0711438868949631	0.23618910060523	-4.59895812837839
604	0.647203308503535	3.45512016520449	1.99103944688076	0.0712231644335591	0.23618910060523	-4.59995616216391
3567	-0.374710097099401	1.43270534670001	-1.99096857024014	0.0712318684303695	0.23618910060523	-4.60006566567991
3213	0.779430801648366	3.38405005335586	1.99066482028561	0.0712691816155997	0.23618910060523	-4.60053493516325
3718	-0.421942352480545	2.38674033014219	-1.99013749991247	0.0713340017820148	0.236202893655753	-4.60134952467264
1312	-0.78770696320667	2.32239388807234	-1.98851430553909	0.0715338752519424	0.236663475132594	-4.60385636360487
1475	0.284772321948231	0.754978165853167	1.9870324477698	0.0717167998676011	0.237067248458777	-4.6061440985253
3670	-0.63352038014874	2.13078467299404	-1.98647840263384	0.0717853043959274	0.237092430294946	-4.60699924673919
627	0.427853835382943	1.95933475245381	1.98422532661201	0.0720645117642457	0.237579896916167	-4.61047564795984
2821	1.1655206267067	4.79681322619743	1.98390588597484	0.0721041793513487	0.237579896916167	-4.61096838328725
935	0.617943402971423	1.65149125855963	1.98381127616899	0.0721159317295608	0.237579896916167	-4.61111431129643
532	-0.546313499507657	2.10749751818222	-1.98289284659461	0.0722301111323916	0.237754905113722	-4.61253074704936
2834	-1.07913555139175	3.30112589301534	-1.98186532273529	0.0723580523204351	0.237974878155215	-4.61411507083284
3215	0.499690243414585	1.22660986032755	1.97963671787073	0.0726362691446198	0.238544750665453	-4.6175500107292
2148	0.436089249493846	1.9589053975856	1.97949619240998	0.0726538454774595	0.238544750665453	-4.61776654175834
2275	0.275518311150028	1.3430967319841	1.97741146618055	0.0729150588301872	0.239200706895323	-4.62097798557548
263	-0.561171417527585	2.46929060652605	-1.97665886059071	0.0730095734197257	0.239309157320212	-4.62213695878597
3635	-0.659887121206196	1.89485789696998	-1.9756476058055	0.073136749173334	0.239524391321247	-4.62369391370682
1192	-0.269801537316951	1.2299605664521	-1.97347380702894	0.0734108236065985	0.240219955566466	-4.6270394909545
3208	0.57584976251391	2.66409293405701	1.97239931387836	0.0735466485414321	0.240462342082566	-4.62869254884366
2159	-0.365998106960922	0.827395637739021	-1.97122439013949	0.0736954357454969	0.240746666772621	-4.6304996314118
2343	-0.748621877144177	3.06171584666427	-1.96735250886344	0.074187733416562	0.242024031274926	-4.63645116879535
1831	0.553600995033966	2.04430518395004	1.96717200314594	0.0742107584340683	0.242024031274926	-4.63672849304588
339	0.49902730061274	1.52331312970578	1.9662104910897	0.074333519109257	0.242221525867319	-4.63820553298265
944	0.417444634512891	1.30927647829313	1.96564392002703	0.0744059440259101	0.242254804378674	-4.63907571954782
197	-0.544711520933509	1.11891200277028	-1.96424551806129	0.0745849823212633	0.242634854769423	-4.64122299431986
1039	0.906039996583824	2.10064919704626	1.96336834326816	0.0746974913956181	0.242798022950365	-4.64256954594622
1350	-0.422368149609302	1.28706009391337	-1.96208534965511	0.0748623354677904	0.243130887666035	-4.64453855843384
2378	-0.341487689038585	2.08023551845527	-1.96117793421871	0.07497912734135	0.243287230504837	-4.64593080292188
3631	-0.413741580082396	2.61106295039189	-1.96067890942406	0.0750434279283443	0.243287230504837	-4.64669632509523
882	0.406819594985712	2.10062212948299	1.9602564152436	0.07509790731043	0.243287230504837	-4.6473443744101
1806	0.342022213563629	1.22727365913476	1.95809849832319	0.0753767365805937	0.243949433668853	-4.65065329649228
1190	-0.479965900237111	1.17659360504555	-1.95770556717649	0.075427611231972	0.243949433668853	-4.65125562599118
3402	-0.315767861499094	1.7284434355921	-1.95639054724649	0.0755981045889836	0.244106373500699	-4.65327102036709
2207	-0.605696915540284	0.932661662881152	-1.95636429635484	0.075601511669708	0.244106373500699	-4.65331124583028
448	-0.518542105733621	2.05491559262658	-1.95324252342701	0.0760076997128165	0.245214567259078	-4.65809305251172
2256	0.313271855159684	1.3765480405363	1.95163322642085	0.076217881309878	0.24550021459619	-4.66055668788895
3529	-0.513970767987421	0.632243880057408	-1.95124004777913	0.0762693139918082	0.24550021459619	-4.66115844867532
1367	-0.285926432788522	1.19401999254831	-1.9502717992466	0.0763961100428172	0.24550021459619	-4.66264010839051
1817	-0.451479000382038	0.603491389915321	-1.95003198120305	0.0764275453228218	0.24550021459619	-4.66300703502859
3710	-0.68276223850129	1.88988782236682	-1.94972736736936	0.076467491280789	0.24550021459619	-4.66347306949693
794	0.425921177313013	1.39817122027013	1.94920751823604	0.0765357070575447	0.24550021459619	-4.66426831614803
377	-0.493056482571064	1.46468349621871	-1.9491933999015	0.0765375604827363	0.24550021459619	-4.66428991245815
2125	-0.328805577510702	0.657205457260716	-1.94805934232728	0.0766865729366146	0.24577573252278	-4.66602439525571
1905	-0.255054537796994	1.18265575981295	-1.94736869713913	0.0767774535707949	0.245864641615687	-4.66708046487658
3663	-0.855193253135615	2.67717381633098	-1.94501879795625	0.0770874191369189	0.246654404370717	-4.67067236539342
1465	-0.418095606605378	1.21855678647805	-1.94416398440809	0.077200460980046	0.246813296433743	-4.67197846076171
3118	0.688421579414703	3.22646379485589	1.94239436161761	0.0774349660419358	0.247058779250238	-4.67468144414587
541	0.425949790048296	2.35145871895175	1.94233782354982	0.0774424691453076	0.247058779250238	-4.67476778284977
117	-0.467282906103679	2.04453676601206	-1.94214861775178	0.0774675833242272	0.247058779250238	-4.67505670829372
3721	-0.563929181039262	2.4577466744345	-1.94083413162387	0.0776422693085509	0.247222363690339	-4.67706361157825
3347	0.496387650433091	0.768585371206043	1.94080719503778	0.0776458527974535	0.247222363690339	-4.67710473040889
975	-0.498047338403681	1.20466834919607	-1.94023125746824	0.0777225088283206	0.247250802288214	-4.67798383615911
265	0.464259747719039	3.04679362343726	1.93960780954621	0.0778055672467891	0.247250802288214	-4.6789353195631
2600	-0.729935374344857	2.96796248428881	-1.93931000825868	0.0778452705714818	0.247250802288214	-4.67938976096981
1130	0.430529808413522	0.875387077534254	1.93803723098713	0.0780151703635674	0.247495825795105	-4.68133162538898
597	-0.409738412812155	0.763200848777347	-1.93778013456823	0.0780495310930634	0.247495825795105	-4.68172380030803
2575	-0.597440343968966	1.11333749057686	-1.93717102661574	0.0781309937151155	0.247552554537559	-4.68265283340713
876	0.602447714512527	1.76969597782694	1.93642863584689	0.0782303879493485	0.247665959898181	-4.68378496340163
2541	-0.478801854797574	2.3253374029721	-1.93550484088476	0.0783542324660299	0.247765426992416	-4.68519343795904
2021	0.533357097823991	1.39946736867485	1.93524528221429	0.0783890616473181	0.247765426992416	-4.68558911855786
3101	0.325455669646918	1.90434617865039	1.93470026753746	0.0784622416330952	0.247795595230554	-4.68641987502088
3045	0.511035392282758	2.91539137586655	1.93195667415136	0.0788315877659202	0.248760293971226	-4.69060016533599
643	0.857411878151053	3.30616067005441	1.9304692644727	0.0790324954565824	0.248933959136707	-4.69286526181695
3519	0.46480795795779	0.827545566295987	1.93018211103709	0.0790713363132486	0.248933959136707	-4.69330245482341
2793	-0.478103463537298	1.37987732310363	-1.93002185424114	0.0790930205796532	0.248933959136707	-4.6935464331174
3831	-0.533215768111867	1.22490690151898	-1.9296575697808	0.0791423321549162	0.248933959136707	-4.69410099076549
260	-0.419363420654065	2.14871111959792	-1.92877648003502	0.0792617187560784	0.249108258947675	-4.6954420811945
3470	-0.293080863161664	1.36475541652393	-1.92732502384354	0.0794587519253747	0.249526112901136	-4.69765066597011
3527	-0.468855729140229	0.649699491959988	-1.92406053075205	0.0799035552441043	0.250720744657971	-4.70261506767437
4047	-0.529911875595368	1.9377033687908	-1.92307651901013	0.0800380816773523	0.250940652215467	-4.70411067476001
3695	-0.311870129927902	1.62886863471481	-1.91961545407202	0.0805129130688501	0.252226294038699	-4.70936820045024
2427	-0.419562491500019	1.07525309178868	-1.91559678988971	0.0810675010538183	0.253759525002868	-4.71546691837825
1048	0.508560557798496	2.12188196041495	1.9142190687555	0.0812584398262289	0.254138858881417	-4.71755629945313
669	0.804544196800682	2.71405527680831	1.91352700385538	0.0813545095895778	0.254138858881417	-4.71860557027058
3565	-0.351326493309271	1.54695481750164	-1.91331127283562	0.0813844779211933	0.254138858881417	-4.71893261159234
188	0.696878501126108	3.71336334095101	1.91210940523216	0.0815516219257928	0.254368757764151	-4.72075427174202
1852	0.667244550594957	1.45668778049109	1.9118427656364	0.0815887463912237	0.254368757764151	-4.72115833852871
3097	-0.243319343390229	1.07806112930363	-1.9111374677159	0.081687020703641	0.254471406895983	-4.72222701598444
2515	-0.342416346848573	1.5920539547062	-1.91046261935737	0.0817811543160174	0.254529710334832	-4.72324937360668
1351	-0.349650362507527	1.27889158691085	-1.91006642319391	0.081836465675195	0.254529710334832	-4.72384950562087
3471	-0.279318476853987	1.62391731243361	-1.90883143343444	0.0820090987849535	0.254720173942262	-4.72571979255613
777	0.520540930062603	2.17146475686494	1.90869257131714	0.0820285305915759	0.254720173942262	-4.72593005001659
838	0.462570013130022	1.46873130651707	1.9064961740708	0.0823364499440038	0.255472618391993	-4.72925470826242
949	0.52410071065468	1.2347064763803	1.90594781810189	0.0824134913808068	0.255508069615336	-4.73008445185535
927	0.551567325996931	1.65903149793713	1.90491127706543	0.0825593018033318	0.255756500574522	-4.73165256829508
2503	0.455589961348179	1.79430448826306	1.90337482332691	0.0827758718600748	0.256223565201217	-4.73397619176342
967	1.11519540734396	3.85237493244449	1.90154811544839	0.083034034666838	0.256403506828799	-4.73673756273178
3319	0.660241638821844	0.851241951415764	1.90075718712224	0.0831460436624738	0.256403506828799	-4.73793277252643
2544	-0.589074344429851	2.68961438567918	-1.90035538524008	0.08320299890968	0.256403506828799	-4.73853985984756
433	-0.334842681299336	2.07963816933749	-1.9001687783993	0.0832294625512994	0.256403506828799	-4.73882178464652
2209	-0.679152331802808	1.32077998532764	-1.90009405247126	0.0832400619763192	0.256403506828799	-4.73893467638569
176	-1.02781072189702	4.40243256294035	-1.899813281783	0.0832798987122802	0.256403506828799	-4.73935882922305
749	0.479099346121345	2.12096202019818	1.89961551080546	0.0833079696806486	0.256403506828799	-4.73965757785321
1170	-0.52247046608183	0.902003124622136	-1.89892552298572	0.0834059724539973	0.256403506828799	-4.74069973740451
2006	0.387227554562103	0.742338400984932	1.898543641466	0.0834602587566968	0.256403506828799	-4.74127645119109
2475	-0.459272901638721	1.16308201814158	-1.89831721365429	0.0834924619052176	0.256403506828799	-4.74161837297177
2559	-0.531884496904546	0.583956536294843	-1.89610564003714	0.0838075988944605	0.25716847131208	-4.74495693293345
17	0.516372310915046	3.17784218518126	1.89450513976341	0.0840363428876214	0.257518327111775	-4.74737181234025
249	0.52498106562078	2.21543762822422	1.89437504972137	0.0840549605889806	0.257518327111775	-4.74756805099948
1797	0.471600216583606	1.07706871646956	1.89392074105204	0.0841200082399018	0.257518327111775	-4.7482533151536
432	-0.365716291600527	2.03289231867205	-1.88841739916247	0.0849116554890951	0.259737617026344	-4.75654782707515
1739	-0.29412356623316	1.55069684882511	-1.88598785761584	0.0852633134868835	0.260387823493845	-4.76020571699427
1463	-0.286026561064768	1.41648663081127	-1.88500466572223	0.0854060027871335	0.260387823493845	-4.76168532531813
430	-0.314780259662825	1.90761421304545	-1.88478432162609	0.0854380110752795	0.260387823493845	-4.76201686843708
3975	0.522176457433735	1.76462214421579	1.88477925221859	0.0854387476123807	0.260387823493845	-4.76202449594574
3474	-0.271744426585166	1.30536207139539	-1.88464289315082	0.0854585614856532	0.260387823493845	-4.76222966001887
1432	-0.406735398500309	1.65971589913997	-1.8835633142442	0.0856155803554672	0.260662290777318	-4.76385371601028
2249	0.269948832877844	1.3163210315068	1.88264110879831	0.0857499197362035	0.260717376608166	-4.76524065646015
720	-0.332495088877793	1.69231847396276	-1.88251996908253	0.0857675807486033	0.260717376608166	-4.76542281767595
3249	0.306525552761877	1.16730938128221	1.88028034578029	0.0860946981773187	0.261507608972293	-4.76878953502709
1162	-0.684934641674048	1.96046323687419	-1.87885645036061	0.0863032657731571	0.261936801964672	-4.77092895345949
2584	-0.480317021157249	0.916417168027803	-1.87741869192279	0.0865143340340305	0.2623729102247	-4.77308836788735
3395	-0.525078218946483	2.34851964125158	-1.87470089387604	0.0869146102241311	0.263381706002153	-4.77716802185482
3033	-0.354890241150718	0.725261425111848	-1.87345467238545	0.0870987202509982	0.263734383092836	-4.77903770548482
173	0.884551312060892	2.87167106587573	1.87286431086079	0.0871860617660223	0.26379372534335	-4.7799231934194
1324	-0.374982482843363	2.76700140189166	-1.87176769832937	0.0873485140177323	0.26408005713125	-4.78156763410854
1843	-0.271013497646023	1.159067518236	-1.87042406202464	0.0875479384246118	0.264477635551155	-4.78358183360182
28	0.557538486121625	3.62865256725356	1.86967568502769	0.0876591943558805	0.26448981698961	-4.78470338023134
3344	0.451027756311643	0.940301952279098	1.86948330169408	0.0876878155453483	0.26448981698961	-4.78499165630668
2476	0.354603922295184	1.12733088275907	1.8675749209716	0.0879721923968858	0.265018671897306	-4.78785044156333
1286	-0.594386087671878	1.53270156453624	-1.86739352987083	0.087999266246332	0.265018671897306	-4.78812209072199
579	0.561554307923917	2.25711530187525	1.86685016863129	0.0880804122486788	0.265058056643242	-4.78893574131863
2057	-0.913205418236595	1.28323168469913	-1.86549247681236	0.0882834705575384	0.265134672520159	-4.79096827311698
2394	-0.55447488414059	3.13380268027667	-1.86492819447187	0.0883679914126048	0.265134672520159	-4.79181280896352
3674	-0.620198799015973	1.95259440621861	-1.86475250626992	0.0883943219312723	0.265134672520159	-4.79207572682818
2082	0.408988394216238	2.04362266840171	1.86455376741576	0.0884241157236136	0.265134672520159	-4.79237312475759
2062	0.325841952910302	1.47417390889839	1.86383175934822	0.0885324324066545	0.265134672520159	-4.79345341946654
1818	-0.292047154349381	1.38834964503503	-1.86358333412248	0.0885697295833757	0.265134672520159	-4.79382507271624
2820	1.0748708490598	4.62108449072949	1.8630904987062	0.0886437637023809	0.265134672520159	-4.79456229737459
2565	-0.436471900709212	1.04322516642493	-1.86304516790299	0.0886505761739207	0.265134672520159	-4.7946301019787
1237	0.561300312080497	0.898370604069484	1.86022402986418	0.0890754904283092	0.26607476400459	-4.79884821780656
3487	0.350737183885972	0.656441616594916	1.85901738052752	0.0892578017578354	0.26607476400459	-4.80065137527267
917	-0.347971914939906	1.91524509521774	-1.85884198585132	0.0892843303366623	0.26607476400459	-4.80091342634108
940	0.547206649701916	1.44706682930456	1.85873521564099	0.0893004829430709	0.26607476400459	-4.80107294175664
3587	-0.322333678032528	0.784865693507407	-1.85869509797863	0.0893065527873651	0.26607476400459	-4.80113287659618
328	-0.414738433056745	2.73757031893299	-1.85645952956973	0.0896453934936782	0.266880093474299	-4.80447170962489
1325	-0.394865128077838	2.64739969076872	-1.85294528159196	0.0901804175575531	0.268267796767847	-4.80971606512778
864	0.892121166178243	1.50210250465925	1.85074733347939	0.0905165240427636	0.269062095131696	-4.81299347818875
2032	-0.3776044480925	1.9309169326674	-1.84945621275373	0.0907144931615535	0.269444879001594	-4.81491775976244
3561	0.279097375439009	1.46981012025553	1.84849514249957	0.0908621118816422	0.269599050345146	-4.81634968323357
3357	-0.354040452636012	2.14110640580569	-1.8482170503265	0.0909048672581348	0.269599050345146	-4.81676394792811
1113	-0.552815235943423	0.786070896404627	-1.84716044738124	0.0910674825887926	0.269875781735737	-4.81833763927535
1257	0.610095455821322	1.35050877020116	1.84511557548127	0.091382950943358	0.270552120552891	-4.8213819177448
682	0.71578707568474	2.33693003923349	1.84478097033172	0.0914346663193642	0.270552120552891	-4.82187989017279
4073	0.256335701260071	1.23046043618481	1.84381440991496	0.0915842044983769	0.270788832434836	-4.82331809901874
274	-0.585602583006518	1.91620607213312	-1.84087649689596	0.092040105007413	0.271930325416439	-4.82768720123688
1851	0.472059809673106	1.38561358338935	1.84005958337077	0.0921672396534265	0.272099492957121	-4.82890142398686
416	-0.508018416447457	2.36353930176725	-1.83886847805756	0.0923528960603179	0.272266381090627	-4.83067132366029
503	0.532926685672549	2.64830201469146	1.83879982093753	0.0923636079662861	0.272266381090627	-4.83077332510734
3593	0.298886640002849	0.858279648121811	1.83815255542459	0.0924646502425235	0.272279188152036	-4.83173484662142
1205	-0.265068151005788	1.47758356801953	-1.83787635136385	0.0925077981317779	0.272279188152036	-4.83214509752024
3403	-0.392590393129999	0.892972256013115	-1.8371194048999	0.0926261404754339	0.272421594419441	-4.83326923846895
3490	0.53931951345963	0.868031412532813	1.83570060196897	0.0928483304873821	0.27286898031537	-4.83537564897546
2645	-0.292307880860025	1.85926271277891	-1.83405651217575	0.0931064088620188	0.273421083038236	-4.8378154621443
365	-0.997666111799373	4.29361825588607	-1.82870119098101	0.0939515902660631	0.275448015372746	-4.84575474061862
2882	0.423667304827034	2.0566864721323	1.82851291705459	0.0939814305636381	0.275448015372746	-4.8460336348882
710	0.496953521096163	2.07893831497471	1.82834004537592	0.0940088372959372	0.275448015372746	-4.8462897001465
452	-0.244034355389637	0.861069710826828	-1.82592139269955	0.094393049518365	0.276340610987599	-4.84987097743649
342	0.355186626287325	2.07414501244157	1.82552969454276	0.0944554065805071	0.276340610987599	-4.85045072594821
620	-0.38495767381643	2.03500028722886	-1.82419075659187	0.0946688443253796	0.27675711696924	-4.85243197829112
531	-0.469756195769966	2.11859520241472	-1.82275158962869	0.0948987487003339	0.277221100854539	-4.85456068421926
2721	0.488107814381353	1.44206095887084	1.82159071042979	0.0950845670849396	0.277555700321405	-4.85627712011599
3936	0.945006623440125	3.03943903634596	1.82018680695594	0.0953097277234482	0.277835749138645	-4.85835210922166
3294	0.40735109462318	1.36740779660616	1.81980393638666	0.0953712173114026	0.277835749138645	-4.85891785009704
1262	0.230462121861987	1.09704706136818	1.81965868180366	0.095394554853202	0.277835749138645	-4.85913246604509
3779	-0.57932166059508	2.45155928214106	-1.8188857748306	0.0955188224458417	0.277989756804266	-4.86027429546106
3577	-0.456073799207939	0.645889062693526	-1.81810796031089	0.0956440276471936	0.278017611266703	-4.86142311488318
456	-0.387538920747416	2.21125640238305	-1.81793936487718	0.0956711862088808	0.278017611266703	-4.86167209318791
2748	-0.517136840772606	2.47845623234023	-1.8169346497837	0.0958331783502622	0.278156274229544	-4.86315558156109
3910	-0.586416983549883	2.60097062493146	-1.81626769661133	0.0959408501357701	0.278156274229544	-4.86414011475588
3466	-0.256176463224141	1.22323503602349	-1.81609777484066	0.095968299586742	0.278156274229544	-4.86439091666446
32	-0.608715586458689	2.04686739676785	-1.81564213124179	0.0960419402614017	0.278156274229544	-4.86506337795592
1361	-0.83044119614286	1.91097001351625	-1.8154311089456	0.0960760628758955	0.278156274229544	-4.86537478464378
80	0.606513174560021	1.69072104647762	1.81374892544414	0.09634846861089	0.278691061079623	-4.86785650224117
2799	0.964890082862392	1.68686057886344	1.813407034909	0.0964039186631363	0.278691061079623	-4.86836074189747
3446	-0.280253851458398	1.24710455485144	-1.81153538246406	0.0967079896449982	0.279190379456459	-4.8711202631503
2360	-0.636045142834321	2.95937437238433	-1.8114613408103	0.0967200364372788	0.279190379456459	-4.87122939719187
3931	-0.235861601355301	1.16486156331189	-1.81006640948075	0.0969472506760921	0.279638958616817	-4.87328501750359
2120	-0.320695441444736	0.849295612822433	-1.80945747151469	0.0970465898012992	0.279641365841307	-4.87418210477809
1118	0.328364129527625	2.4343639602738	1.80844979515414	0.0972111801634528	0.279641365841307	-4.87566625879713
2274	0.31615609501775	1.06365637294696	1.80833325743581	0.0972302313702634	0.279641365841307	-4.8758378725991
2630	-0.244061032166601	0.89346599015203	-1.80830201831602	0.0972353388159039	0.279641365841307	-4.87588387441709
2602	-0.45577352052177	0.809351094716219	-1.8071473118529	0.0974242987272691	0.279978021582277	-4.87758396304036
3625	-0.369439403916553	1.56932038799502	-1.80571531170565	0.097659098817547	0.280264868105569	-4.87969150650212
2094	-0.39854008034145	1.56498618173648	-1.80544236666055	0.0977039108957855	0.280264868105569	-4.88009311122921
3909	-0.624383151274837	1.63836634471482	-1.80522243016376	0.0977400336125739	0.280264868105569	-4.88041669677573
3086	-0.263523742999396	1.43057976543766	-1.80365503817555	0.0979978156385433	0.280778150894831	-4.88272213801203
3833	-0.58434233473015	1.90855169748463	-1.80325778895203	0.0980632473592629	0.280778150894831	-4.88330627208486
1649	-0.388681013685056	0.769278711812327	-1.80068632775618	0.0984877572676758	0.281786426745283	-4.88708579743046
3307	0.334755339256844	0.853017728043391	1.79998391427972	0.0986040046822459	0.281911890038668	-4.88811769790137
2717	-0.516624196389658	2.51097100583841	-1.79858338671879	0.0988361593524688	0.282368308524221	-4.8901745354423
3087	-0.298475829184576	1.53698166146289	-1.79693658734213	0.0991097703529574	0.282574914665588	-4.89259194753833
965	0.371458209520841	1.08526449171061	1.79686884496731	0.0991210402408271	0.282574914665588	-4.89269136408382
2970	0.322737572637949	1.78073535596476	1.79683797034229	0.0991261770501268	0.282574914665588	-4.89273667402625
1135	0.387341425808257	2.70021898894121	1.79621154354512	0.0992304518084638	0.282665237265661	-4.89365589359834
870	0.59622951672214	2.37033344340524	1.79415963932458	0.099572707337763	0.283432837992141	-4.89666564814234
3757	0.252754941593725	1.32311292795554	1.79319385542432	0.099734168938978	0.283685064900205	-4.89808162620227
345	0.343522774243957	1.42602221075379	1.79219877096074	0.099900777070228	0.283828890916538	-4.89954013146129
2629	-0.29362928762057	1.65104123974694	-1.79143053834186	0.100029575504293	0.283828890916538	-4.90066583776342
1490	0.432904987286093	0.82526789477394	1.79128974847896	0.100053195998107	0.283828890916538	-4.90087211155195
24	0.738936265762173	4.45781294720046	1.79115213509299	0.100076288451055	0.283828890916538	-4.90107372293518
2981	-0.27818155865581	1.90471260430415	-1.79029897765323	0.100219561747705	0.284028364953103	-4.90232345936023
1736	-0.381692537209593	1.40304718528069	-1.78952575343135	0.100349572009689	0.284189047553612	-4.90345582768106
3585	0.260294694707284	1.49544164674945	1.78882549643591	0.100467445252788	0.284189047553612	-4.90448110816841
3735	-0.264652291454974	1.66025551473396	-1.78866070547532	0.100495202486216	0.284189047553612	-4.90472235500056
2672	0.489079354264487	1.13227150284286	1.78743434853925	0.100701987009935	0.28444656181965	-4.90651730922278
3633	-0.583713572772422	1.97836750243749	-1.78704082336496	0.100768423570843	0.28444656181965	-4.90709314955958
905	0.78216293042253	2.94120050315692	1.78658846195725	0.100844842108158	0.28444656181965	-4.90775499903331
417	-0.481856373883742	2.57787437744443	-1.78638959071335	0.100878454512824	0.28444656181965	-4.90804593849336
3176	0.447955619187962	2.45125241922954	1.78464155747974	0.101174336335326	0.28460151341818	-4.91060247216292
3494	0.49567021073134	1.11486345805619	1.78449404185836	0.101199341534964	0.28460151341818	-4.91081815436638
1140	-0.324746639306435	0.835465299939628	-1.78447401943375	0.101202735943466	0.28460151341818	-4.91084742835246
555	1.31896901137749	4.87556820181776	1.7843382448625	0.101225756570154	0.28460151341818	-4.91104593420137
140	-0.685586945951792	4.1141838407707	-1.782365036367	0.10156084976353	0.285337625526109	-4.91392988552527
3921	-0.625787644963051	1.10853550166362	-1.7816817681354	0.101677116994497	0.285458322693995	-4.91492811343883
2998	0.594630793152896	3.24974409930922	1.78109236255225	0.101777508908004	0.285534308132398	-4.91578904388662
471	-0.413170843929058	2.39237952189627	-1.78036717616989	0.101901150963204	0.285675364903322	-4.91684809260666
101	0.443168852540461	3.17233306650021	1.77948927082093	0.102051012804463	0.285889671842142	-4.91812985393092
1947	0.378292026197357	0.760378931359115	1.77843968029991	0.102230443396655	0.286186446144195	-4.91966182572915
344	0.466786214899957	2.45659181776475	1.7777234376166	0.102353050802241	0.286323836080408	-4.92070696248472
1068	0.805597909482589	1.45784460762916	1.77548576963633	0.102736954288607	0.287191457286313	-4.92397066775926
3431	-0.455146418047503	0.992797667333975	-1.77210848289807	0.103318838626437	0.288610873465814	-4.92889226997372
1021	0.712782202044465	1.62229383704694	1.77156781093578	0.103412268685542	0.288664784416845	-4.92967969431974
3571	0.295596923892068	0.323410651749272	1.76960987816825	0.103751244997249	0.28932407691201	-4.93253008414906
1668	0.314090302924452	0.78586518228351	1.76934571696742	0.103797055841314	0.28932407691201	-4.93291452140406
304	0.954327009161215	3.59211162196369	1.7677042149366	0.104082134519089	0.289911181557463	-4.93530271196236
2528	0.474455699504201	1.18574964908922	1.76697377941393	0.104209215773846	0.290057674212548	-4.93636501598581
2500	-0.359223227431682	1.15249906859513	-1.76609884924985	0.104361620451187	0.290274392883517	-4.93763714593189
100	0.349932589384348	3.19799443372995	1.7647979560387	0.104588595603779	0.290514628222181	-4.93952797389027
997	0.635636838447524	1.45920980932401	1.76465511813211	0.104613544550376	0.290514628222181	-4.93973553965622
1379	-0.638685334537571	1.40137687158438	-1.76389974973535	0.104745571088789	0.290514628222181	-4.94083305338643
3722	-0.436577469215753	2.28199260203209	-1.76389492711267	0.10474641448997	0.290514628222181	-4.94084005958921
2083	0.378806569755794	1.83311980928426	1.7603994822291	0.105359325821944	0.292006558541387	-4.94591537769714
1306	-0.54702011483761	2.81683331491123	-1.7586239276377	0.105671897957375	0.292425303558221	-4.94849131123882
2546	-0.476894800014877	1.0319335357284	-1.75777819492525	0.105821075949713	0.292425303558221	-4.94971777342863
564	0.656075051484349	2.82376231814659	1.75760562614808	0.105851538486103	0.292425303558221	-4.94996798846657
2454	0.363188974524462	1.19168863503783	1.75733847694685	0.105898712319253	0.292425303558221	-4.95035531289398
4090	-0.655021791416376	1.96662502631015	-1.7570953819935	0.105941655051157	0.292425303558221	-4.95070773400973
1911	0.400629112789478	0.769620936157469	1.75698594555212	0.105960992121379	0.292425303558221	-4.95086637803954
694	0.586343734177738	2.33345486863059	1.75343901831341	0.106589446299673	0.293556601014361	-4.95600518817997
3397	-0.426784206092552	0.960114941645266	-1.7526235301216	0.106734410296017	0.293556601014361	-4.95718585485371
3559	0.33185150634668	1.15205428886875	1.75253255522751	0.106750593304556	0.293556601014361	-4.95731754964404
1356	-0.231581619950631	1.11652122113135	-1.75180459933382	0.106880164805268	0.293556601014361	-4.95837119757381
488	0.699595700659595	2.8917666496255	1.75172068611084	0.106895109917261	0.293556601014361	-4.95849263840556
2507	-0.490214373951479	0.924226304807266	-1.75149301691313	0.106935667727651	0.293556601014361	-4.95882210930445
3584	0.255650893328609	1.24704529980034	1.75145476102728	0.106942484127607	0.293556601014361	-4.95887746886751
533	-0.451585365630648	2.02976039291788	-1.75127782441123	0.106974015623877	0.293556601014361	-4.95913350261988
2173	-0.454050294257021	1.4846449537397	-1.75012476928627	0.107179704082254	0.293913920912886	-4.96080166190092
262	-0.46729275867847	2.35588377949372	-1.74745087260693	0.107658058633681	0.295017931259361	-4.96466770529125
1065	0.677287957616743	1.65137156253569	1.74688153399514	0.107760159732108	0.295090057663029	-4.96549045440341
4102	-0.464601455994094	1.64619730744026	-1.74587511518089	0.107940856664743	0.295377158013007	-4.96694445928941
568	0.279902599269786	0.902852990201237	1.7452847918822	0.108046972661544	0.295459909792171	-4.96779709950256
3363	-0.314338471093691	1.61238292632054	-1.74441813764294	0.108202931572125	0.295494942132101	-4.96904856866388
35	1.00874324181807	3.45274851400763	1.74433127191463	0.108218574660961	0.295494942132101	-4.96917398560754
696	1.13473218635245	5.23776748436616	1.74389969049076	0.10829632551858	0.295494942132101	-4.96979705195128
3828	-0.256187673429722	1.05001539287484	-1.74352802590973	0.108363322384345	0.295494942132101	-4.97033354811239
195	-0.308949068972652	2.4252032463181	-1.7422824992293	0.108588114717332	0.29588464337021	-4.9721309923355
3005	-0.894587973382366	4.5308039524913	-1.74189463220208	0.108658202367591	0.29588464337021	-4.97269058363999
1278	-0.502094227788756	1.18798336607174	-1.74146264847969	0.108736309753574	0.29589041941329	-4.97331374147842
3640	-0.509190612275312	2.39237855122415	-1.74052738083212	0.108905589232492	0.29593672687479	-4.97466261356895
2371	-0.556639254931571	1.38220100749131	-1.74049910798253	0.108910710182731	0.29593672687479	-4.97470338320814
235	0.804258109643841	3.19930477249379	1.7401093828615	0.108981321607203	0.29593672687479	-4.97526533150096
3465	-0.25046193809544	1.22248872744997	-1.73903232774026	0.109176679187927	0.296260619343407	-4.97681797911758
4075	-0.344687447518836	2.54002055532784	-1.73733932586316	0.10948439368263	0.296590740467624	-4.97925746133719
3793	-0.255585830838066	1.72740493068835	-1.73720511846935	0.109508820060373	0.296590740467624	-4.97945078634116
1228	0.320378733440973	1.45805456610582	1.73674890777703	0.109591889141915	0.296590740467624	-4.98010789235466
1076	0.430087455577039	1.37833279124643	1.73668792023058	0.109602998339217	0.296590740467624	-4.98019572878732
2556	-0.562975355267554	0.870831379584624	-1.73594465440876	0.109738469312997	0.296669063050754	-4.98126606685946
2504	-0.537287474391202	0.96336405590236	-1.73540198101843	0.109837474316296	0.296669063050754	-4.98204737904513
592	-0.550973876382792	0.966936428884527	-1.73495839926517	0.109918460640474	0.296669063050754	-4.98268592197358
2195	-0.472942440028069	0.835507786044013	-1.73485861118722	0.109936686692922	0.296669063050754	-4.98282955578862
3644	-0.518036410178461	2.38884113788135	-1.73267826722404	0.110335598854713	0.297477741043945	-4.98596675274373
3000	-0.748317192519963	3.54175523055253	-1.7323861300884	0.110389146329867	0.297477741043945	-4.98638692605087
3227	0.665538448083355	0.888477361444725	1.7298345976438	0.110857823012551	0.298534137490231	-4.99005502473614
3905	-0.458842354605909	1.22381686957433	-1.72797369301359	0.111200766582466	0.299229705942591	-4.99272834066865
273	-0.595129153755841	2.00448286283218	-1.72759970311065	0.11126980333972	0.299229705942591	-4.99326540561375
459	-0.470521157648636	2.44223049700061	-1.72262053168026	0.112192601606378	0.301342255809577	-5.00040940599962
540	0.561355906577697	2.15011432226164	1.72252627466412	0.11221013634409	0.301342255809577	-5.00054453065171
1789	0.501348831435049	1.437162911124	1.72146223294077	0.112408251519376	0.301613674220861	-5.00206962379279
556	1.27914849576691	4.84929102980511	1.72115177089826	0.112466115811169	0.301613674220861	-5.00251450845566
839	0.526983196640403	1.77312268328411	1.71960343181893	0.112755095492367	0.302180551856351	-5.00473255801822
3639	-0.577760333245853	2.75551621177945	-1.71843899657006	0.112972861676599	0.302555930790013	-5.00639990140829
356	0.623686185637049	2.07880323014055	1.7156593912037	0.113494210327237	0.303743268051039	-5.01037738155356
3924	-0.398770861269073	1.89253530827909	-1.7148487389986	0.113646662857834	0.303942379923356	-5.01153669164067
659	0.922068771567021	1.92468317086732	1.71228050541985	0.114130858957249	0.304395699376584	-5.01520743830611
2906	-0.235818870897733	0.521518806357785	-1.71217371648916	0.114151032052511	0.304395699376584	-5.01536000218937
1316	-0.42112337701253	1.77796101143948	-1.7121621759134	0.114153212330141	0.304395699376584	-5.01537648929287
3829	-0.258088085176531	1.52275235041222	-1.71178358242298	0.114224757912057	0.304395699376584	-5.01591732037489
928	0.556533022787935	1.41661673787615	1.71178232384541	0.114224995821511	0.304395699376584	-5.01591911817268
3079	0.582913521465715	1.29000286989446	1.7114639862628	0.114285185538923	0.304395699376584	-5.01637381874824
3943	-0.437218965912484	2.07387436666058	-1.71104049766986	0.114365300644322	0.304400875399174	-5.01697863755337
3995	-0.396971991806894	2.69569195761506	-1.71023506573024	0.114517809919313	0.304598600973911	-5.01812870382486
2142	-0.399482363641359	1.61942342506345	-1.7074314685417	0.115050092070529	0.305805500698049	-5.02212949799654
2941	-0.251593642630408	0.595825902107694	-1.70657457559384	0.115213219534919	0.306030202502711	-5.02335154930634
3750	0.482300036101256	1.5949099806467	1.70525380880393	0.115465059716687	0.306490076712187	-5.02523445867053
739	-0.283513812026518	1.93237912311248	-1.70397266443122	0.115709814391336	0.306930529454947	-5.02706007862784
612	0.758496029114328	3.68504698312914	1.70299124668878	0.115897621386422	0.307219426602265	-5.02845805517407
434	-0.314760119163416	2.14970817220139	-1.70135188620286	0.116211941196282	0.30784306055668	-5.03079219825575
2368	0.470501945337869	1.36037746451472	1.69860169388688	0.116740953196995	0.309034175220324	-5.0347050386771
3024	-0.77561461880576	3.43850915289781	-1.69702814043917	0.117044598603419	0.309627491142468	-5.03694216576415
3116	0.360118524588566	3.08022950773552	1.69603063542982	0.117237449690586	0.309927107328677	-5.03835970008284
3580	-0.39593781601152	0.733921239184147	-1.69504624070884	0.117428043828725	0.310220354592305	-5.03975812959917
2160	-0.437016987283343	0.839853831037683	-1.69405256796315	0.117620714431696	0.310518686099678	-5.04116926144217
2030	-0.499472877540604	1.30350133556776	-1.69363201888796	0.117702342650232	0.310523660081304	-5.04176634570322
3289	0.603664833747882	1.67349795034597	1.69317805678984	0.117790512970845	0.310545875090366	-5.04241077219833
2013	0.289116739335305	0.74509826061971	1.69259213640534	0.1179043997641	0.310635813722196	-5.04324237297344
2065	-0.382909456457117	0.895905738425799	-1.69128412367674	0.118158995514171	0.311096097722908	-5.04509824032227
3426	-0.28560656301353	1.69949175554171	-1.69059047784349	0.1182942075851	0.311172091514229	-5.04608207747225
1862	-0.356584376989473	1.63233190556828	-1.69031635397774	0.118347680414117	0.311172091514229	-5.0464708180905
1408	-0.225377101055316	1.0804078248175	-1.6892860769571	0.11854884719903	0.311490695676804	-5.04793154649383
1746	0.387707061475561	1.27222487829752	1.68790686111541	0.118818622730996	0.311731426275501	-5.04988618828172
3457	-0.35498639318613	2.15509418357366	-1.6876134941184	0.118876075963928	0.311731426275501	-5.05030183153878
1246	0.515717125087829	2.18418966731665	1.68720666078038	0.11895579147171	0.311731426275501	-5.05087816449238
441	0.61140713510283	3.13505456055249	1.68718170465385	0.118960682959783	0.311731426275501	-5.05091351548975
4067	-0.614378454081474	1.04688844117681	-1.68606586045547	0.119179575396717	0.312046895724421	-5.05249382563903
3880	-0.277307321240756	1.00814000394259	-1.68575133034587	0.11924134073907	0.312046895724421	-5.05293916741967
2227	-0.527464283071341	1.37795436512535	-1.68405636017238	0.119574678446768	0.312709065058237	-5.05533823224505
827	0.494450379761203	2.39209639562803	1.68306301318004	0.119770418054531	0.313010743559961	-5.05674356197759
1750	-0.323117170903862	1.53171275335518	-1.68125541273174	0.120127338188244	0.313565934942293	-5.05929960488276
3435	-0.249107327941508	1.43668289160391	-1.68117161566623	0.120143907276297	0.313565934942293	-5.05941805935649
203	0.461645628034403	2.37111187433731	1.68024367095582	0.120327524524926	0.313834816142037	-5.06072955893758
177	-0.780749820435417	4.63091444352118	-1.67944411897763	0.12048593612257	0.314037640737142	-5.06185925563865
2078	0.339560210493889	0.962492247408451	1.67656843948011	0.121057215041887	0.315315582189371	-5.06591972867168
1879	-0.220892798916985	1.23802942874958	-1.67461474300687	0.121446705911353	0.316118631563375	-5.06867602373221
2339	-0.531295524026131	3.12738892892642	-1.67273259381788	0.121822985433535	0.316886242670799	-5.0713295898394
931	0.404159653825637	1.86419311119367	1.67155311913696	0.122059313524527	0.317122458075326	-5.07299158719292
1139	-0.398445556378205	0.907840429866303	-1.67146656081838	0.12207667299818	0.317122458075326	-5.07311352926121
1038	0.70607153625622	2.12598547441493	1.6702356790095	0.12232376653364	0.31755249792133	-5.07484717398263
2614	-1.14881400104352	1.75098139042155	-1.66963642918796	0.122444223622752	0.31765343556762	-5.0756909190356
2641	-0.373062474023707	1.68754821533757	-1.66828571869315	0.122716120331411	0.318146852576907	-5.07759206642929
3716	-0.502061208768506	2.91856327739371	-1.66744057441341	0.122886519413491	0.318200022809762	-5.07878115843955
1612	-0.243065993880686	1.24134042126984	-1.66737345965417	0.122900060171002	0.318200022809762	-5.07887557157063
63	0.785283570960773	4.02636278870135	1.66610491004672	0.123156245829436	0.318651442697558	-5.08065967032122
2362	-0.297439793619021	1.09498461295079	-1.66464298870115	0.123452070603531	0.31920475626172	-5.08271473155738
370	0.75883618512634	3.54617864528244	1.66270770353526	0.123844651244503	0.320007347011345	-5.08543356807982
2903	0.320351426022823	1.6076120828294	1.65957333989378	0.124482817686492	0.321443031877453	-5.08983297877088
3488	0.330871230958222	0.944253126197299	1.65731461356726	0.124944506168865	0.322421409557031	-5.09300027978066
693	-0.463962892401212	1.33437370205212	-1.65580303743477	0.125254321943463	0.323006840826388	-5.09511845407727
2059	0.367739961575072	2.0334346580083	1.65476426528314	0.125467624962285	0.323342774058992	-5.09657341943606
334	0.365738541688557	1.41214257030181	1.65406813458163	0.125610749359491	0.323409939942112	-5.09754815625907
3835	-0.560519503506273	1.91404566404091	-1.65372402802466	0.125681550985619	0.323409939942112	-5.09802989109699
2355	-0.624871132369726	2.92505451284787	-1.65342625514001	0.125742847733014	0.323409939942112	-5.09844671244151
3513	0.356884580264429	0.78382681144507	1.65262697144565	0.125907511648265	0.323477032253972	-5.09956532509465
1156	-0.455569524587156	2.15368457353021	-1.65249326991222	0.125935074703909	0.323477032253972	-5.09975241138343
2739	-0.334474468522783	0.99623696036306	-1.65047633138369	0.126351522075503	0.324332779803566	-5.102573581639
3536	0.237721551978163	1.70987823920656	1.64968954507361	0.126514303755551	0.324536692242501	-5.10367353151683
2235	0.277514372743765	1.36188862934111	1.64859794111143	0.126740457653366	0.324902792694015	-5.10519910530884
1444	-0.325721185607553	1.73623610470328	-1.64422539311975	0.1276499307003	0.327018967201953	-5.11130390080015
3566	-0.294638163268308	1.46280156698462	-1.64362892116346	0.127774440499894	0.327122729327144	-5.11213591933605
3603	-0.234757130302259	1.48262643426298	-1.64235128615092	0.128041499905151	0.327417019422279	-5.11391748145484
3100	-0.242882331133901	1.97496560940576	-1.64223529888293	0.128065768694596	0.327417019422279	-5.11407917538941
79	0.591262998453506	3.35998553819359	1.64169277541972	0.128179338444276	0.327417019422279	-5.11483539783151
2157	0.232962254868748	1.26139158904201	1.64147133133681	0.128225720241134	0.327417019422279	-5.11514402512564
2696	0.455005421810968	1.20368228402276	1.64087690517751	0.128350296988518	0.327520351555236	-5.11597235478826
1389	-0.341277209296809	1.2281028740871	-1.63902684985477	0.128738706082727	0.328210495275677	-5.11854924074789
1166	-0.398910047800263	0.91938532945565	-1.63878610039707	0.128789326343409	0.328210495275677	-5.11888444457478
3430	-0.259099905177271	1.7763146629365	-1.63588648205423	0.12940038467173	0.329552058804261	-5.12291935048899
2047	0.304252409681218	1.98488985995781	1.63493066390647	0.129602371180744	0.329710725315761	-5.12424845466361
2036	0.340419675170983	1.93136853108085	1.63461889767292	0.129668314725092	0.329710725315761	-5.12468187682875
546	0.512991726573525	2.77531685526688	1.63439023023365	0.129716700355353	0.329710725315761	-5.12499974202539
2395	-0.577635842741676	2.88613526511697	-1.63368215481365	0.129866628878138	0.329876485878322	-5.12598385038793
1809	0.382588445548278	1.45826209840164	1.63128956024925	0.130374370001541	0.330794117169682	-5.12930725411565
2680	0.569313318086979	1.54124123613804	1.63107001993016	0.130421046975402	0.330794117169682	-5.12961205613997
3687	-0.427277081041238	2.11673960052155	-1.63077999028236	0.130482733429027	0.330794117169682	-5.13001468495463
1116	-0.932076579787438	0.87785567671132	-1.62994592248185	0.130660274766991	0.331028698726522	-5.13117232382395
3268	0.478941205773388	1.17943899937255	1.62768095918753	0.131143473631113	0.331669135212806	-5.13431415234183
3843	-0.527372218914334	2.53859306259284	-1.62762271079341	0.131155920860963	0.331669135212806	-5.13439491623649
3317	0.429712691488732	1.20690062263176	1.62756345445952	0.131168584547438	0.331669135212806	-5.13447707588214
18	0.633658514608061	3.12451508969527	1.62710401822879	0.131266807333522	0.331702107564396	-5.13511402830437
2253	0.288598735874737	1.33700507011895	1.62666203552752	0.131361359859689	0.331725768672911	-5.13572668045141
1317	-0.30925341928	1.39192315490172	-1.62422991304387	0.131882732972075	0.332695986474329	-5.13909614471731
3762	0.377729532409969	2.49465925238409	1.62407298363533	0.131916436342158	0.332695986474329	-5.13931344951488
3949	-0.333390094310737	1.74212386796969	-1.62333883775041	0.132074207884433	0.33287829482329	-5.14032987331291
2124	-0.268420098277345	0.853433538592449	-1.62020430768169	0.132749703217355	0.334364388310726	-5.14466647491626
362	0.651327091193004	2.90593474027983	1.61882441482509	0.133048034059215	0.334899188511044	-5.14657392674803
3306	0.316302049568292	2.15274365049565	1.6177033397262	0.133290842766449	0.335293631610176	-5.14812287921459
3040	0.452621981706491	2.62393636938504	1.61642869517771	0.133567385590699	0.33577236894137	-5.14988321678809
1157	-0.475214854205398	2.0740759885962	-1.61549046843102	0.133771262368527	0.335839228405666	-5.15117840504607
250	0.563236235483842	2.24371926101091	1.61516970178382	0.133841027702833	0.335839228405666	-5.15162110631024
1833	0.375098283910498	1.41611242125349	1.61511596823701	0.133852717638827	0.335839228405666	-5.15169526059534
846	0.635249225163632	2.21784558379216	1.61454313848266	0.133977394688001	0.335935592347118	-5.15248569300832
1204	-0.593118591494334	1.1744451790568	-1.61107582405698	0.134734239553381	0.33761591301214	-5.15726647909194
1661	0.245462386827592	1.32845233067155	1.60973001270866	0.135029012938089	0.338136962302842	-5.15912040551029
1597	-0.241308023116579	1.32684279075324	-1.60894290482009	0.135201675616564	0.338265248415519	-5.16020424729885
2662	-0.249363739551155	2.25849401307033	-1.60855006307033	0.13528792319708	0.338265248415519	-5.16074506564903
998	0.460880746156505	1.40170178526442	1.60830911514257	0.135340846695269	0.338265248415519	-5.16107673427478
1910	0.73904249987038	1.22343960687394	1.60737672148002	0.135545815418983	0.338560234279357	-5.16235990101283
3736	-0.464082545379625	0.906357633767513	-1.60520629651967	0.136023996581723	0.3392991841539	-5.16534508147253
1112	-0.39731507073384	1.44067235462166	-1.60513698342512	0.136039291774437	0.3392991841539	-5.16544037307399
1167	-0.30624963522226	0.222957164571719	-1.60484806748624	0.136103062570209	0.3392991841539	-5.16583754723185
1366	0.350853016831255	1.96191323709815	1.60168919880768	0.136802013843118	0.340576952834788	-5.17017718330736
559	-0.479821575342065	2.44208579882943	-1.60132378165186	0.136883071046002	0.340576952834788	-5.17067885086925
3137	-0.489689484307841	3.26423546090265	-1.60086350498892	0.136985229977571	0.340576952834788	-5.17131064691102
1962	0.351916103439773	0.565832270416691	1.60028036216527	0.137114755136223	0.340576952834788	-5.17211093334407
1799	-0.279968823193791	1.52079539042068	-1.60013316380229	0.13714746715743	0.340576952834788	-5.17231291516067
3136	0.474598724890696	3.03871784351049	1.59980082802251	0.137221347577257	0.340576952834788	-5.17276889556281
3255	0.283953555045633	0.869391403413572	1.59977159600695	0.137227847713863	0.340576952834788	-5.17280900046923
1876	0.357166308750072	1.04648395446149	1.59862721253227	0.137482529042049	0.340991699420216	-5.17437868296767
1125	0.31954489703109	1.43899843388084	1.59719688058453	0.137801429952137	0.341540241983683	-5.17633960680285
2171	0.457226417470816	1.33577430380428	1.5968489027498	0.137879111555817	0.341540241983683	-5.17681650518307
3103	0.299164457457886	2.28434209433931	1.59574763261821	0.138125208786658	0.341932335038301	-5.17832535513011
884	0.337233022170285	1.22625019789854	1.5947548864254	0.138347384012854	0.342264747996222	-5.17968496356592
3998	0.300155516864213	2.06353827347478	1.59398603470121	0.138519666843082	0.342473385832992	-5.18073757841651
2050	-0.341793642600497	1.88882902006378	-1.59131326852455	0.139120036763335	0.34360870852966	-5.18439434123885
144	0.436950831880592	2.5102958701709	1.59115637264835	0.139155350115889	0.34360870852966	-5.18460888092506
363	0.457765941105406	2.86650562968974	1.59034352467636	0.139338427494813	0.343709891689551	-5.18572016008508
3872	-0.424730907925156	2.43365720289618	-1.59019074921483	0.139372860548999	0.343709891689551	-5.18592898652597
3840	-0.534127761774552	1.74358381290312	-1.58869089265259	0.13971129862157	0.344326453691387	-5.18797845480163
2885	-0.210765101513437	1.33922822434355	-1.58764043603912	0.139948758581712	0.34469352682934	-5.18941312691188
625	-0.326647925189359	2.31544482682023	-1.58663383865819	0.140176634894686	0.344787930869879	-5.19078734320989
699	0.697249048769326	3.02574982325405	1.58609557884194	0.14029862065314	0.344787930869879	-5.19152195773052
2423	-0.33455847666382	1.10516028432778	-1.58580455039063	0.140364615024236	0.344787930869879	-5.19191908729571
586	0.769952841586974	3.43491855883141	1.58568053420257	0.140392745499485	0.344787930869879	-5.19208830262878
3048	-0.429339085435734	3.25068648768798	-1.58518457331884	0.140505293084031	0.344787930869879	-5.19276493972868
390	0.438620870766456	2.60718760082359	1.58512706791364	0.140518347789034	0.344787930869879	-5.19284338554046
2257	0.22371807594608	1.08874911678443	1.58421733457497	0.140725013752464	0.344893867483459	-5.19408415906211
563	0.684236144463268	3.1833287440488	1.58415729042518	0.140738663438936	0.344893867483459	-5.19416603686151
1085	0.290976470581531	1.30669528080012	1.58318470249066	0.140959920543509	0.345218824274481	-5.1954920137439
1267	-0.578001468690012	2.41426878427751	-1.58181505316262	0.141272021471885	0.345481131830247	-5.19735846123591
253	0.579646199483048	2.95576765904661	1.58174367036716	0.141288303943044	0.345481131830247	-5.19745570826388
863	0.700140314503802	1.78486019983725	1.58154692456815	0.141333190294192	0.345481131830247	-5.19772372705299
2536	-0.403051554396108	2.83446697048761	-1.58080462960146	0.14150265245788	0.345678374323076	-5.19873473753762
2525	-0.276026165632485	1.74662336436492	-1.57993836586207	0.141700640302798	0.345945011497866	-5.19991421882989
458	-0.401417410503045	2.25973070437437	-1.57580817304463	0.142647938775765	0.347875021805871	-5.20553220824067
1923	0.306313061307935	0.60441187644969	1.57571290863538	0.142669853575752	0.347875021805871	-5.20566168042495
464	0.480902828141387	2.72817716295798	1.57348165084271	0.143183976446311	0.34891014035165	-5.20869273802915
3511	0.612091208512219	0.800955332492291	1.57269628099918	0.143365323985311	0.349133565727831	-5.20975898351546
670	0.49867572841292	1.39920955927983	1.57119146322142	0.14371335645707	0.349762381277393	-5.21180104136943
2583	-0.58795911483528	0.656259525989725	-1.56914576497841	0.144187663438196	0.350432682896295	-5.21457510775305
137	0.403174507861299	4.07467538535526	1.56889315064767	0.144246328000266	0.350432682896295	-5.21491750715902
2959	-0.419558142980397	1.22307074004516	-1.56883965189216	0.14425875466943	0.350432682896295	-5.21499001617316
2217	-0.243868566335417	1.46320689756651	-1.56842058849915	0.144356126798642	0.350450597103437	-5.21555793572426
3399	-0.266495572236809	0.761010802454516	-1.56774374533123	0.144513516609958	0.350614101980795	-5.21647499940084
3804	-0.627442281145789	3.06764040289443	-1.56731366390285	0.144613603257439	0.350638462692695	-5.21705759265908
2088	-0.330241644495005	0.755513188853427	-1.56592069193591	0.144938183855741	0.351206775316899	-5.21894383616883
389	0.412995818208641	2.41285048748994	1.56329740078365	0.145551166327008	0.352320812926154	-5.22249319655087
3448	-0.248354735827945	1.54444343987929	-1.56317899377843	0.145578887518793	0.352320812926154	-5.22265331464503
3296	0.492618839077692	1.35375638917897	1.56020659291482	0.146276285569275	0.353788730438979	-5.22667028448813
294	0.526363780527715	2.29613819064638	1.5597392767747	0.146386193188483	0.353834783535662	-5.22730138562163
2488	-0.370918578875764	1.67894143571498	-1.55934994346379	0.146477814908614	0.353836607477755	-5.22782708100516
3994	-0.704176034080437	2.77291788005817	-1.5589379882723	0.146574814495302	0.353848542605428	-5.22838323088571
2875	1.00059028210198	4.27911913394885	1.55746465724313	0.146922184187033	0.353848542605428	-5.23037150212808
3505	0.322617108065389	1.09911165099669	1.55745097517641	0.146925413379682	0.353848542605428	-5.2303899605896
1171	0.533671545900807	1.57467058902009	1.55744400097664	0.146927059429195	0.353848542605428	-5.23039936943542
1200	-0.274364798813461	1.05698380601235	-1.55740143295096	0.146937106675135	0.353848542605428	-5.2304567970918
451	0.615939426824634	1.67934747296376	1.5568890895711	0.147058080891506	0.353920993196245	-5.23114791095082
3708	-0.54300766177455	2.02109268443303	-1.55394684864772	0.147754477340209	0.355122101175275	-5.23511398238522
3873	-0.385784100098853	0.860003565753026	-1.55370083898268	0.147812834661936	0.355122101175275	-5.23544538155417
2720	0.299262326724982	1.21185684551376	1.55353916298599	0.147851197620084	0.355122101175275	-5.2356631568188
657	0.854348687543514	2.46558425853522	1.55306336734001	0.147964145966693	0.355122101175275	-5.2363039631251
2230	-0.314140708752217	1.66832107034887	-1.55285707439236	0.148013140782607	0.355122101175275	-5.23658176170099
3412	-0.211049060492265	1.32533379747774	-1.55184501874188	0.148253709225451	0.355480260913735	-5.23794427756653
3455	-0.258244318385599	1.63156030370155	-1.55091363842852	0.14847540065935	0.355792744718468	-5.23919768151683
254	0.620515596223116	3.44216728819832	1.54852739760645	0.149044697509428	0.356937301415568	-5.24240677331862
3274	0.231192779493772	1.70966676358255	1.54758457496246	0.149270152414095	0.357058370731501	-5.24367384200684
3351	0.323361111277895	2.38665170029645	1.54754910148293	0.149278640870797	0.357058370731501	-5.24372150555118
3560	0.218475789095331	1.31243224685845	1.54668223971121	0.149486202524624	0.357211147272734	-5.24488603782963
2265	0.209389302100865	1.21868390549222	1.54651622775836	0.149525981010415	0.357211147272734	-5.24510900885369
2522	-0.208012626019644	1.13351063501009	-1.54611079400005	0.149623166445908	0.35722416317619	-5.24565348356249
3632	-0.46466230867077	2.12035360417833	-1.54480729218169	0.149935996421115	0.357561672655673	-5.24740339477933
3602	-0.229050433803583	1.56471473670165	-1.54475657484689	0.149948179621652	0.357561672655673	-5.24747146217195
4014	-0.288743821385797	1.08708905663838	-1.54351733949084	0.150246132516876	0.35805290086947	-5.24913418731443
2068	-0.340396850895637	1.79228427635531	-1.54190877438997	0.150633649257746	0.358563072207972	-5.25129118088493
3305	0.210659898681393	1.08346991646081	1.54158624808897	0.150711452627886	0.358563072207972	-5.25172349677487
3766	-0.39226773408928	2.55883125268506	-1.54148264078664	0.150736453313932	0.358563072207972	-5.25186236023057
1181	0.56609569050738	2.06225679268812	1.53965092435974	0.151179044103411	0.359396335615801	-5.2543163967455
3952	-0.330838982252998	1.24673737287426	-1.53854115095323	0.151447741377994	0.359815439247045	-5.25580230166722
2311	0.307721808855622	0.985835564222188	1.53780879729075	0.151625284421984	0.360017596060492	-5.25678249260206
36	0.755961128531908	3.69278472189591	1.53729817560109	0.151749179957976	0.360092203995345	-5.25746573745286
565	0.436341351359703	1.6140260867035	1.53632380262616	0.151985841595347	0.360252458704977	-5.25876910695841
3203	-0.321043258866342	0.670610385290745	-1.53587085844059	0.152095964094807	0.360252458704977	-5.25937480665669
2442	-0.717733930459145	3.03816507099109	-1.53581303674114	0.152110027018371	0.360252458704977	-5.2594521204699
2333	-0.519942963673006	2.86112904350827	-1.53549756568748	0.152186773130377	0.360252458704977	-5.25987390613567
3023	-0.781823417808123	3.78454590878503	-1.53295029123467	0.15280768812641	0.36150251370853	-5.26327757611577
3579	-0.289981210917911	1.45603086008707	-1.53215951147356	0.153000890842372	0.361739811135518	-5.26433347633572
1052	0.501730018833268	1.30979130381649	1.53161525106077	0.153133986758862	0.361834796382893	-5.2650600040056
2512	-0.470858230343559	0.871300308828736	-1.53111444290713	0.153256545038858	0.361841651272132	-5.26572838068779
171	0.671123451029562	2.55393936458891	1.53084412146667	0.153322733589887	0.361841651272132	-5.26608909209451
2594	-0.258392317538557	1.06963202717515	-1.528371223746	0.153929372902624	0.363053287754584	-5.26938696842006
3808	-0.405869716196158	2.38687366403377	-1.52710206255744	0.154241521522223	0.363520518575576	-5.2710781948246
2930	-0.250734306741724	0.587838142960985	-1.52679282374702	0.154317661173899	0.363520518575576	-5.27149013479935
3345	0.22711320707089	1.27522463219792	1.52612289587487	0.154482719658734	0.363520518575576	-5.27238236710635
4012	-0.493822441116237	1.60429942448492	-1.52604919284377	0.154500888095167	0.363520518575576	-5.27248051180106
3557	-0.320150136326997	1.28105103025799	-1.52558036151427	0.154616502267947	0.363572862217021	-5.27310474687287
1175	-0.366227423316009	1.17097439595875	-1.52255930068594	0.155363290217023	0.365046066355691	-5.2771242217109
1006	0.3771610664237	1.85715281809037	1.52228801320372	0.155430502829413	0.365046066355691	-5.27748491293843
1462	-0.377196642367556	1.73582049932105	-1.52155904034169	0.155611233152303	0.36525023622367	-5.27845391494368
1057	0.391879458775155	1.82665724502527	1.52026547696501	0.155932385455611	0.365783559616957	-5.28017266922028
793	0.287191108269607	1.47571583952133	1.51962753295012	0.156090977753398	0.365935139898695	-5.28101995444626
3876	-0.264291753396341	0.952061447277795	-1.51844862273804	0.15638441961954	0.366402484956972	-5.28258511609119
1728	-0.362929179864267	2.42644926226923	-1.51703796895048	0.156736169255059	0.367005798604451	-5.28445691105691
3201	0.400699179450265	2.54246514668972	1.51615879958458	0.156955736669383	0.367107484439267	-5.28562290767319
2073	0.53164238219815	1.51437154870297	1.51610914195098	0.156968146274109	0.367107484439267	-5.28568875289124
1153	-0.358185616054595	1.23386535603733	-1.51561361557956	0.157092026228578	0.36716134832648	-5.2863457359632
3283	0.498806438364312	1.18918105131272	1.51526289762457	0.157179755434063	0.36716134832648	-5.28681064341062
2563	-0.363356962807165	1.01026435214997	-1.51365271274172	0.157583071568783	0.367882782187554	-5.28894418559532
607	0.559741826921763	2.55378456163041	1.51273318977984	0.157813791388816	0.368200661275045	-5.29016191744803
3478	-0.212094108368944	1.13740587158533	-1.51132724186385	0.158167123392558	0.368804058976419	-5.29202289295027
3262	0.334762978996746	1.43789072759882	1.50942822900502	0.158645449061295	0.369514309813468	-5.29453471830442
1701	-0.224552406945066	1.20429597599939	-1.50918014073142	0.158708029632362	0.369514309813468	-5.29486271248194
1131	-0.229233694196549	1.1284919800293	-1.50839754209237	0.158905580227692	0.369514309813468	-5.29589714480328
3098	-0.250671631576057	1.5854866978334	-1.50821621437948	0.15895138276122	0.369514309813468	-5.29613677221708
1898	0.382979231713593	0.758628323163854	1.50800848822174	0.159003867368632	0.369514309813468	-5.29641126244611
3091	-0.198646246177004	1.54806042930016	-1.5078612239436	0.159041084552484	0.369514309813468	-5.29660584311735
2912	-0.610839564242287	3.34603808774864	-1.50669177477319	0.159336898121233	0.369980847515851	-5.29815059812304
3613	-0.327019315414392	0.718481888266753	-1.50568674400162	0.159591499600364	0.370351191563658	-5.29947754212349
1027	0.43224940979623	1.4228572630882	1.50525344661657	0.15970137335647	0.370385436480103	-5.30004944665707
3797	-0.434984241686684	2.39354967444921	-1.50451427955156	0.159888958296443	0.370599764051399	-5.30102481647393
2147	-0.412515170893482	1.12955770911553	-1.50363050683682	0.16011348952374	0.370899421894969	-5.30219058905361
844	0.471351881343179	2.10095644076503	1.50257483648215	0.160382047976804	0.371065935020972	-5.3035825209387
225	1.46976336985765	5.71875429589187	1.50254715254335	0.160389095865956	0.371065935020972	-5.30361901438665
178	-0.643724447394713	4.63841754862502	-1.50222454315105	0.160471246680873	0.371065935020972	-5.3040442511649
2652	0.73708052830275	1.60781515922288	1.5013103903638	0.160704227234667	0.371384131069313	-5.30524888567887
588	-0.287447486825219	1.14283507063542	-1.50018237582784	0.160992112686383	0.371828758482074	-5.30673467534002
2990	0.570487223667091	2.79381233026835	1.499252321779	0.161229808621103	0.371944104398414	-5.30795916519215
1915	0.538648217252047	1.48278284888374	1.49923949492523	0.161233088912307	0.371944104398414	-5.30797604927363
3555	0.243847112045891	1.83630542205868	1.49859639356166	0.161397626660144	0.371974544355869	-5.30882244659905
2622	-0.333124374103955	0.737135085432743	-1.49763921917003	0.161642786894048	0.371974544355869	-5.31008175898255
2315	0.361188745612175	1.26246150803583	1.49735318711682	0.161716109999343	0.371974544355869	-5.31045797612142
353	0.597889868234558	2.90713533507349	1.49709318288084	0.161782785735709	0.371974544355869	-5.31079991792996
2881	0.403804256725631	2.10803860240133	1.49708710480705	0.161784344684803	0.371974544355869	-5.3108079109768
3510	0.282377289211503	0.480101885368365	1.49668715116387	0.161886956061281	0.371974544355869	-5.31133382807819
1924	0.259471951156968	0.742701151131362	1.49638228332193	0.161965209882552	0.371974544355869	-5.31173465045431
610	-0.221938683819326	2.01606037509811	-1.49620595574079	0.162010484650116	0.371974544355869	-5.31196645109476
3149	0.235773655824292	1.38043830051932	1.49410135883918	0.162551709961719	0.372866787523416	-5.31473177006866
2174	-0.32937173219883	1.0169983523539	-1.49353766774141	0.16269693357051	0.372866787523416	-5.31547199215252
3477	-0.206755361196628	1.34232952839776	-1.49334635577236	0.162746246496746	0.372866787523416	-5.31572317538255
4095	-0.462190996685917	0.980743537675019	-1.49320725027463	0.162782110629124	0.372866787523416	-5.31590580075463
2643	-0.19697485039233	1.68705574576978	-1.49241919623521	0.162985414347173	0.373112994396173	-5.31694018973429
3882	-0.309966223010015	1.5388652768916	-1.4912451043926	0.16328871234997	0.373585496065737	-5.31848061835423
498	0.314072522072533	2.02391905320325	1.49032483141418	0.163526780313086	0.373585496065737	-5.31968747270621
2231	-0.269387617292378	1.90545995690106	-1.4903062104125	0.163531600498329	0.373585496065737	-5.31971188737846
2765	0.28617033839139	1.90708515853296	1.48982699781108	0.163655690122466	0.373585496065737	-5.32034013111332
1081	0.565423038784078	2.25214910435039	1.48976593017402	0.163671509062185	0.373585496065737	-5.32042018068818
238	-0.351470116563426	2.24052508314857	-1.48889547632862	0.163897133506704	0.373695981721145	-5.32156096599545
3911	-0.728031922253155	3.1179931364487	-1.48862900850138	0.163966256042908	0.373695981721145	-5.32191010097265
650	0.395224874005231	1.16867762458957	1.48846884360067	0.164007815295695	0.373695981721145	-5.32211993445187
2283	0.258206844095772	1.29116021709522	1.48692586434759	0.164408646385	0.374363602534439	-5.32414064047355
539	0.46413159934596	2.08542143050768	1.48630328281231	0.164570616204062	0.374363602534439	-5.32495558875707
1613	-0.230410092110589	1.20639408499398	-1.48623174290244	0.164589236656127	0.374363602534439	-5.32504921876808
3284	0.251384371156609	2.30339064839105	1.48512519588347	0.164877479051835	0.374407178024312	-5.32649706536094
2402	-0.258792471302736	1.44050430878631	-1.48510400468974	0.164883003318435	0.374407178024312	-5.32652478572292
23	0.754302078145584	4.10235134179035	1.48505091445491	0.164896843942397	0.374407178024312	-5.32659423231292
166	0.487676715589162	2.66414840572182	1.48446312493108	0.165050147091289	0.374536872245617	-5.32736300159087
275	-0.422475614694053	2.04255698959211	-1.48387489758775	0.165203686451106	0.374666951101111	-5.32813214154107
993	0.438354744545136	1.010393839756	1.4832841956841	0.165357994625425	0.374798621112576	-5.328904313717
3442	-0.202657660621123	1.41252105642613	-1.48194889251513	0.165707268100666	0.375371787076202	-5.33064908538278
2167	-0.266282404310118	2.03405372240073	-1.48104149820971	0.165944973747364	0.375674592380102	-5.3318341354168
2692	-0.452663488531588	1.20416044829382	-1.48070235776655	0.166033891496188	0.375674592380102	-5.33227692650891
582	0.390037046848697	1.92036248837998	1.47882209814997	0.166527607454456	0.376417991964977	-5.33473062273645
636	0.477455682308026	1.53333816397107	1.47862109130435	0.166580461682685	0.376417991964977	-5.33499280948853
3667	0.448349722032951	2.11650624457321	1.47832336333218	0.166658774810087	0.376417991964977	-5.33538111255951
3341	0.378262423360283	1.09965546987321	1.47798007694891	0.166749110462143	0.376417991964977	-5.33582876930751
1349	-0.287085754617562	1.25106337378755	-1.4759375935063	0.167287454005648	0.377155333947837	-5.33849080433276
2332	-0.542995273381149	3.17652434673833	-1.47579980969335	0.167323823466468	0.377155333947837	-5.33867029419644
3568	-0.354678646840204	1.49700670008968	-1.47563887828134	0.167366311520766	0.377155333947837	-5.33887992411899
3668	-0.490984987481849	2.10422902753833	-1.4743463209908	0.167707898131344	0.377496393584795	-5.34056306206324
57	0.381930127234212	3.10788034160281	1.47433252889929	0.167711546199716	0.377496393584795	-5.3405810165021
2621	-0.380958839156312	0.803824379198932	-1.4736726094746	0.167886176916785	0.3776711570849	-5.34143996366908
3896	-0.534702922883882	2.68391018297534	-1.47122390740234	0.168535519408182	0.378820426929354	-5.34462493700381
587	0.680825428095905	3.47686523703977	1.47054079401891	0.16871704785702	0.378820426929354	-5.34551281674936
2516	-0.354590244754227	1.02657467458875	-1.47029730321219	0.168781792643494	0.378820426929354	-5.34582922844282
1403	-0.287071431264319	1.26060861113032	-1.47022955395795	0.168799811098301	0.378820426929354	-5.34591726109033
3764	-0.497526022688091	2.73119565927514	-1.46991504990218	0.168883477439486	0.378820426929354	-5.34632588875464
3304	0.287059636481893	1.31864251203573	1.46891336631977	0.16915018722136	0.379200247000561	-5.34762696302202
280	0.7179581607002	3.02207573310985	1.46746213232096	0.169537231715316	0.379849240678619	-5.34951090034764
1433	-0.207794090697288	1.43467354289852	-1.46680545764907	0.169712614847048	0.380023532038185	-5.35036296113374
2841	-0.679407098573366	2.71831019774128	-1.46573036625565	0.170000081374728	0.380448457973099	-5.35175738248661
3758	-0.368031642813959	1.25647188569139	-1.46512822445474	0.170161267966196	0.380590452303486	-5.35253807673833
2440	-0.392254168798288	2.81066322861042	-1.46346330619819	0.170607625382082	0.381369743534918	-5.35469557202301
1984	0.362917543004769	0.871509261810188	1.46236860589197	0.17090165261104	0.381807822872857	-5.35611324992553
3235	0.264653611906648	2.39422272476919	1.46101577970046	0.171265605896768	0.382194250424136	-5.3578642266386
2612	-0.371531978034416	1.09943295250906	-1.46099604082976	0.171270921158222	0.382194250424136	-5.35788976680409
3328	0.289643488269509	0.913493593696789	1.45980095765333	0.171592993394383	0.382475975799799	-5.35943565541271
436	-0.376673688765588	2.1970891333433	-1.4597986597137	0.171593613179828	0.382475975799799	-5.35943862707196
3260	-0.53758472054042	1.38817022097764	-1.45849162424801	0.171946446987612	0.383043171950664	-5.3611283550053
446	0.358430538130306	1.99732326796396	1.45667535724737	0.172437771680445	0.383918057703633	-5.36347472360834
1264	0.213236519753262	1.0564583128302	1.45608183547227	0.172598585772202	0.384056510283973	-5.3642410458334
3110	0.587314559992669	3.20769546358687	1.45506216072608	0.172875163099157	0.384305987165014	-5.36555710177209
3001	-0.494804638144865	3.5798428251294	-1.45494087167372	0.172908086675168	0.384305987165014	-5.36571360365494
190	0.601430387024226	3.38144170780279	1.45318005271811	0.173386656343708	0.385095352863955	-5.3679846354568
2383	-0.438671602963245	2.50194820829727	-1.45290677945409	0.173461029512937	0.385095352863955	-5.36833692576418
97	0.444826790574148	3.80229833269877	1.45069091307206	0.174065093408182	0.386216224348412	-5.37119185859858
2391	0.365870522147216	1.80812860492262	1.45027631287786	0.174178314986006	0.386247356808376	-5.3717257045831
1730	-0.337195282839194	2.84843597576858	-1.44895589209809	0.174539320166726	0.386801735986291	-5.37342521256821
2766	0.366341731313553	1.48340145851783	1.44830896984642	0.174716421315746	0.386801735986291	-5.37425748134628
731	0.549861880472364	2.64052612491108	1.44827286215246	0.174726310631712	0.386801735986291	-5.37430392667048
1804	-0.56887647493331	1.27328033314796	-1.44762294294386	0.174904394234889	0.386975972244691	-5.37513978372493
1598	-0.219798572884094	1.27629828344295	-1.44671458152235	0.175153551180846	0.387307171094953	-5.37630759618529
2048	0.460435821299569	1.84418937171242	1.44523168008434	0.175560946908546	0.387824484430182	-5.37821298501374
530	-0.398304132629087	2.28307833205099	-1.44513807894321	0.175586688764872	0.387824484430182	-5.37833320924988
3847	-0.524535393896001	2.27730833572159	-1.4443232571082	0.17581091336273	0.388079451380082	-5.37937956894799
2770	0.256722319633634	1.22558386446636	1.44399451434025	0.175901446247007	0.388079451380082	-5.37980161320702
3315	0.44065796322134	1.39581782561309	1.44244486307269	0.176328738789752	0.388801873639465	-5.38179019798569
3725	-0.335902238443927	2.0418085544471	-1.44139724808836	0.176618100360212	0.389125394355145	-5.38313372527929
1774	-0.21016473065148	1.8208700783629	-1.44119025915094	0.176675320292732	0.389125394355145	-5.38339910247585
1384	-0.433974892314809	2.10337150040429	-1.44030412064282	0.176920461514372	0.389445040778387	-5.38453491374868
1010	0.41408298553222	1.8039490050578	1.43975733309211	0.177071868356622	0.38952307917845	-5.38523552384294
2144	-0.462055747875004	1.43038841318192	-1.43933779287096	0.177188114446214	0.38952307917845	-5.38577296671371
3330	-0.193761290944502	1.08250672792633	-1.43882379467439	0.177330620963141	0.38952307917845	-5.38643126774172
2228	-0.409772375003138	1.07728108856532	-1.43873214936706	0.177356039903285	0.38952307917845	-5.386548625286
2709	-0.260087121053146	1.77472362934215	-1.43756027708614	0.177681344807166	0.389769955936464	-5.38804883267719
3581	0.276743279612496	1.09802191037676	1.43702973805061	0.177828785272947	0.389769955936464	-5.38872774451867
2624	0.279781864403714	0.885067912590929	1.43700805437018	0.177834813518503	0.389769955936464	-5.38875548872071
631	0.355164018586093	1.86726686693631	1.43688571965977	0.177868826835926	0.389769955936464	-5.38891201026414
2625	-0.338386887795681	1.03197274817581	-1.43540558441703	0.178280792301925	0.390452983815352	-5.39080505489372
3164	0.325508045604473	3.06288543215663	1.43449600769615	0.178534354487621	0.390788519603595	-5.39196771427146
4056	-0.25793882864556	1.59997518052677	-1.43347868672595	0.178818313604412	0.391159707739917	-5.39326750157328
3479	0.19108338941642	1.27885672710442	1.43316897281646	0.178904838080327	0.391159707739917	-5.39366308483959
3192	-0.19799921760825	1.31901434403895	-1.43230710868741	0.179145802477854	0.391466753562719	-5.39476359706505
3874	-0.295128130594308	1.0606494713135	-1.43168184487068	0.17932078854272	0.39162936095645	-5.39556171207864
946	0.3676804791176	1.59745913992929	1.43131930740107	0.179422314246058	0.391631441521385	-5.39602436231611
1795	-0.183136119334551	1.08246567262364	-1.43073089209811	0.17958719858122	0.391771737409116	-5.39677509497494
3612	0.336991795945086	0.868333333403653	1.42949199504336	0.179934777796519	0.392043656912283	-5.39835505846254
3185	0.555785905992241	3.11071407583476	1.42943894286111	0.179949674546014	0.392043656912283	-5.39842269493877
1767	-0.369047731403838	2.54337530368079	-1.42921031973531	0.180013882526749	0.392043656912283	-5.39871414800101
1074	0.35696749947329	1.45774532318615	1.42810211822217	0.180325391114621	0.392502556176821	-5.40012645229089
2914	0.341667786345271	1.64671448607843	1.42707740371489	0.180613836798652	0.392760667659593	-5.40143169279166
3011	0.652997586805714	3.31849614224634	1.42696429320091	0.180645699994435	0.392760667659593	-5.40157572915638
3256	0.227177060703008	0.786022028715176	1.42651304713457	0.180772863081266	0.39281781743217	-5.40215027383048
1622	-0.195582857977557	1.32314723750455	-1.42578038003799	0.180979492700227	0.39304748721399	-5.40308287002766
1850	-0.281418602884272	0.42692408031914	-1.42526719013389	0.181124343142254	0.393142805014458	-5.4037359029577
3966	0.641069372344026	1.80445988151195	1.42361615635808	0.181591019298537	0.393750444673818	-5.40583574628196
660	-0.25225059164301	1.9565278983067	-1.42339115508028	0.181654695907816	0.393750444673818	-5.40612178166502
1632	0.195926770188129	0.323309447382605	1.42297632998999	0.181772143059249	0.393750444673818	-5.40664905138469
306	0.607685406487131	3.11465723414266	1.42271806505277	0.181845296524095	0.393750444673818	-5.40697726968731
1220	0.301988574749744	0.997252744210694	1.42249014946937	0.181909874157216	0.393750444673818	-5.40726688428446
2085	0.226792154077172	1.33166512478568	1.4218296365245	0.182097133186482	0.39379814105659	-5.40810602476022
3375	-0.192075905838628	1.36668423091156	-1.42169907091796	0.182134168475326	0.39379814105659	-5.40827186854419
1339	-0.695004215937435	1.49838464952574	-1.42128997989778	0.182250249361368	0.3938304500628	-5.40879142620833
3944	-0.418798480317272	1.99218199112186	-1.4202023694606	0.182559165541261	0.39425774342814	-5.4101722240492
3423	-0.309943335610786	0.739235753961999	-1.41988117281651	0.182650480006257	0.39425774342814	-5.4105798668332
2550	-0.271351742482124	0.595711757330534	-1.41769382409312	0.183273355059189	0.39538307180082	-5.41335422761481
1456	-0.284323565831901	1.56246764703803	-1.41660591354377	0.183583816669149	0.395833544911221	-5.41473300148926
1326	-0.321978874385911	2.41150936546263	-1.41583837919338	0.18380311741301	0.396087072056592	-5.41570530506259
3326	0.29596920570465	1.59499598104107	1.41391321540337	0.184354147410542	0.397054784301245	-5.41814248259327
3462	-0.234410212560116	1.59121248548366	-1.41295755489192	0.184628197063867	0.397425206946765	-5.41935145995872
3646	-0.408966045717077	2.2501829579568	-1.41202106256744	0.184897082242779	0.397665101787515	-5.420535641111
1090	0.334287313473667	2.66700170899782	1.41161859294681	0.185012740222552	0.397665101787515	-5.42104439170629
550	0.60120771467818	3.69014720315186	1.41128263208564	0.185109332103815	0.397665101787515	-5.4214689937628
2751	0.410107742741659	1.11007061060304	1.41114771863613	0.185148132907233	0.397665101787515	-5.42163948365277
2573	-0.491943993601123	1.2032770064089	-1.41005473128368	0.185462725705355	0.397929841090447	-5.42302027480237
3486	0.495243992324212	1.04699779426736	1.41000943347641	0.185475773389615	0.397929841090447	-5.42307748440933
1186	-0.313775584453852	0.677563072653055	-1.40712283819761	0.18630882695416	0.399497011101046	-5.42672053628915
2359	-0.477150862365894	2.84896955446443	-1.40650739006885	0.186486847315223	0.399652921547215	-5.42749659972489
1636	-0.179655442909254	1.2660461137661	-1.4061620412282	0.18658680312605	0.399652921547215	-5.42793197232042
419	0.415130694147898	3.08855942360226	1.40498564120617	0.186927631301032	0.400162834681814	-5.42941447451209
2781	0.434481780963249	1.17802654319159	1.40434895247162	0.187112311441242	0.400338099314394	-5.43021647267204
2064	-0.354399805536361	0.988120354504465	-1.40185586818021	0.187836938223691	0.401667785526113	-5.4333544334981
1034	0.301082405750214	0.86245002195983	1.40085905764622	0.188127323873433	0.401758939693015	-5.43460800238702
2700	0.382916129205082	1.24450854809237	1.40081260624545	0.188140865027442	0.401758939693015	-5.43466640363747
1424	-0.37452240304175	2.15577545810688	-1.4006472078956	0.188189087313831	0.401758939693015	-5.43487434060101
1945	0.230937977153845	1.139672609889	1.3986880236711	0.188761080872586	0.402604703356537	-5.43733610733026
2593	-0.487406388149507	3.1585206292273	-1.39854927590947	0.188801644157068	0.402604703356537	-5.43751035674556
1151	-0.241508080968756	0.99207053476297	-1.39791210265424	0.188988017287617	0.402604703356537	-5.43831041038568
1393	-0.274779241420624	0.894542334319879	-1.39787350777718	0.188999311235743	0.402604703356537	-5.43835886311411
1219	0.238490993423248	0.875517677319848	1.39752196307296	0.189102209152313	0.402604703356537	-5.43880015605396
3861	-0.196136113935591	1.48588620572765	-1.39705705770545	0.18923836005401	0.402674412049352	-5.43938363169008
651	-0.523719062575859	1.56673697061955	-1.39637428834699	0.189438462837801	0.402880051496667	-5.44024029083284
2649	-0.238955623958269	1.81392878774601	-1.39590935830142	0.189574823710283	0.402949980091618	-5.440823463851
153	-0.2408055676015	2.50325919532522	-1.39489591174865	0.189872345665519	0.403362200775522	-5.44209418572524
483	0.417457079391262	1.89859206954841	1.39292421652491	0.190452304960458	0.403957763177382	-5.44456457616787
158	0.495298930180652	2.36187804969022	1.39281626742749	0.190484100130542	0.403957763177382	-5.44469975817862
2976	0.291353436156734	1.58937039751539	1.39254543109781	0.190563891419641	0.403957763177382	-5.44503888771717
1442	0.294305257946006	0.830787360664579	1.3923109329375	0.19063299968059	0.403957763177382	-5.44533247901387
3210	0.40902746455366	2.66853719082927	1.39196434936238	0.190735178698252	0.403957763177382	-5.44576633789478
1419	-0.285720126190262	1.02589547913121	-1.39182890566825	0.190775122363432	0.403957763177382	-5.44593586800442
2605	-0.455966962436636	2.95587755032868	-1.38995884110221	0.191327338204426	0.404650976544833	-5.44827538490025
1647	-0.253638041960853	0.790355768985077	-1.38968407090535	0.191408588265286	0.404650976544833	-5.44861894704812
138	-0.443973553242551	4.33222056840312	-1.3894916622709	0.191465501029651	0.404650976544833	-5.44885949920094
3444	0.305735889362271	1.06778750060567	1.3890440501718	0.191597955450474	0.404650976544833	-5.44941902049864
3111	0.39829956200341	3.06354698595096	1.38896253389854	0.191622085451636	0.404650976544833	-5.44952090340509
2266	0.192885964164101	1.20354937011772	1.38719306652654	0.192146499811989	0.405538466269856	-5.45173143746853
210	0.559640382055378	3.50955195282735	1.38583352346263	0.192550239682893	0.406170440587858	-5.45342852818117
692	0.433822831487664	1.60369395606814	1.38479087915024	0.192860350845184	0.406604334700133	-5.45472925117436
2288	-0.248004147620008	1.70670928247206	-1.38398681659071	0.193099785942244	0.406888834664015	-5.45573186959362
2517	-0.252376894965255	1.46519389618193	-1.38257903557172	0.193519594910391	0.407390972437818	-5.4574863063762
897	0.458162458825011	1.24087228118737	1.38248612238401	0.193547328970201	0.407390972437818	-5.4576020547202
3957	-0.359762493846345	1.99167819285592	-1.38152126971552	0.193835528126988	0.40756723711985	-5.45880371548928
1656	0.212436316206519	0.687342131400164	1.38150496485469	0.193840401424233	0.40756723711985	-5.45882401706818
2444	0.238791449592297	0.782571170101176	1.37972062887809	0.194374332727617	0.408437213788369	-5.46104472091196
3413	-0.198011782693558	0.444886604248988	-1.37914606626232	0.194546521374446	0.408437213788369	-5.46175936659307
2704	0.418812580777285	1.01050145422277	1.37907165093933	0.194568831940787	0.408437213788369	-5.46185190968634
2950	0.221598316263836	1.65541533124952	1.37766435815672	0.194991156210459	0.409103212437245	-5.46360136203158
2636	-0.311169512344541	0.542940119373036	-1.37637342351034	0.195379233377198	0.409696680005821	-5.46520506129371
3865	-0.177304950879201	1.19484038048578	-1.3746675878936	0.195893023691268	0.410552978608073	-5.46732256013811
3105	0.277084371754064	2.45378104153157	1.37124628982903	0.196926895468379	0.412497757371633	-5.47156393111524
323	0.610613543018066	2.92347948252461	1.36770688789287	0.19800123060997	0.414525156986679	-5.47594386580255
3932	-0.575393014683854	1.49189485836785	-1.3668105548864	0.198274071698626	0.414873312839574	-5.47705178968126
2585	-0.48061322485559	0.946607224134317	-1.36574408174317	0.19859910992326	0.415330254587096	-5.47836934833881
2855	-0.360588393976719	1.68224865800827	-1.36525584875079	0.198748060577328	0.415418651577089	-5.47897228587531
1368	-0.254993944552954	1.92175777851317	-1.3647488843275	0.198902824041134	0.415519097004387	-5.47959819411906
143	0.634886446385121	3.55262159695035	1.36295783455786	0.199450388095232	0.416439577073905	-5.48180814138939
2801	-0.312947869442716	1.28121539255678	-1.36206828662254	0.199722807663651	0.416784894449226	-5.48290497599162
183	0.808597284804593	5.99422558442288	1.36143991647154	0.199915428939058	0.416963406689177	-5.48367946600837
248	0.421315020675879	2.22700478295278	1.36045970638132	0.200216211424697	0.417356213338911	-5.48488710605751
1873	-0.17603262102635	1.061856961403	-1.35982731929848	0.200410461830697	0.417356213338911	-5.48566589317523
3703	-0.661921979355637	3.18890609201555	-1.35977903355158	0.200425300191003	0.417356213338911	-5.48572534669978
3485	0.373934842571802	0.782046509961822	1.35537370147161	0.201782911101161	0.419958661586276	-5.4911432564544
2115	-0.272334190538621	1.02910543007197	-1.3541522664638	0.202160672752085	0.420444011088084	-5.49264322808826
3619	0.218699365477859	1.69737767421585	1.35366640101035	0.202311102490466	0.420444011088084	-5.49323962296435
744	-0.290569834008837	1.47079054329014	-1.35357300383772	0.202340029989489	0.420444011088084	-5.49335424958018
109	0.551797485466084	3.44614006567403	1.35108858022306	0.203110777866454	0.421528760352256	-5.49640132151064
1618	-0.191372150821252	1.38653237347228	-1.3510658695047	0.203117834652688	0.421528760352256	-5.49642915713409
375	-0.294450058142921	0.919702082432447	-1.35084388464397	0.203186821566817	0.421528760352256	-5.49670121757699
771	0.549683647505375	1.86502063070399	1.34963798675236	0.203561920977784	0.421709147800507	-5.49817858622135
486	0.566877391950157	2.75433505122544	1.34926785586398	0.203677166526322	0.421709147800507	-5.49863185189805
3331	-0.177922530768879	1.26693506097835	-1.34924385914469	0.203684640110912	0.421709147800507	-5.49866123543846
873	0.590424887756315	2.12705516952537	1.34895207412419	0.203775532350715	0.421709147800507	-5.49901849098283
1390	-0.343996099147083	1.30446911962267	-1.34872012078326	0.203847810707634	0.421709147800507	-5.49930245051553
3028	0.291413913785369	1.09633936335197	1.34847711589569	0.203923555549141	0.421709147800507	-5.49959990207567
920	0.412538212468372	2.23244419431243	1.34777903829664	0.204141276445503	0.421935313417616	-5.50045417521733
440	0.469415339776431	3.45470961580425	1.34713924825687	0.204340987016338	0.422124033656031	-5.50123684147535
2430	-0.481685343504957	2.91518180965178	-1.34582203319261	0.20475266452189	0.422547138457229	-5.50284737748591
3789	-0.373964604915732	2.42197491961148	-1.34554159499407	0.204840400081579	0.422547138457229	-5.50319011901801
2597	-0.369167811343559	1.30144351061239	-1.34544272267632	0.20487133985805	0.422547138457229	-5.50331094505238
2833	-0.869244784509695	3.58618010453782	-1.34481400321395	0.205068173253172	0.422729204154501	-5.50407911752696
4041	-0.342449976461214	2.12329553970171	-1.34441156644686	0.20519424624986	0.422765288305267	-5.50457068192873
3702	-0.646820813735856	2.70695729778466	-1.34366290287971	0.205428953471633	0.423025036921491	-5.50548487192165
3770	-0.218671502208096	1.57118658670669	-1.34195731569917	0.205964485790419	0.423903650987258	-5.50756619628205
374	-0.311461382227271	1.22188908567133	-1.33891523498303	0.206922520490216	0.42565044626989	-5.51127373834634
3464	-0.205501653132789	1.15662550925413	-1.33842868172828	0.207076089949993	0.425741443645868	-5.51186616640967
3933	-0.263222130445689	0.779824156203967	-1.33770750693336	0.207303885266145	0.425828268856575	-5.51274398582141
1486	-0.308091317289758	1.28980952471793	-1.33760262645315	0.20733703075297	0.425828268856575	-5.51287161885285
3027	0.298814410472289	1.0535447265434	1.33619776080113	0.207781433315307	0.426516026004116	-5.51458056036215
2711	0.363984588523864	1.24136737238516	1.33488516409873	0.208197357528978	0.4271446313055	-5.51617609598264
1895	-0.246787373327477	1.48289472204994	-1.33417010078649	0.208424229071182	0.427174199356181	-5.51704482165763
2317	0.403667651868641	1.41815608157053	1.33395292632289	0.208493173354546	0.427174199356181	-5.51730859921192
1146	-0.257884455343572	1.11325523952	-1.3338027123246	0.208540871334386	0.427174199356181	-5.51749102930465
2060	0.292451245620059	1.80255679008417	1.33279659162244	0.208860580140372	0.427604153031866	-5.51871254970411
1488	-0.182323572294007	1.19952994967282	-1.33199865741087	0.209114421691775	0.42776179365188	-5.51968084148217
4035	-0.364636621441461	1.56937414853178	-1.33160874756988	0.209238553491595	0.42776179365188	-5.52015384457471
3469	-0.171781538082311	1.10597314678657	-1.33151900276284	0.209267133258046	0.42776179365188	-5.52026270068255
4017	-0.261974144151818	1.64477522744783	-1.3294069692781	0.209940650951725	0.428913376078709	-5.52282296933214
218	0.736649387367427	4.3721328098277	1.32877618709413	0.210142149995568	0.429099911946902	-5.52358705386774
2345	-0.459944332023035	2.97071436068422	-1.32752020818261	0.210543837557638	0.429615034147888	-5.52510767832784
2977	0.286449932531126	1.50467934890467	1.32729767334429	0.21061507452191	0.429615034147888	-5.52537699498504
3250	-0.210288842617394	1.3080991686564	-1.32341529177394	0.211861078351534	0.431930386963808	-5.5300702935059
3275	0.217741077124886	0.799596546254885	1.32303997285083	0.211981852791312	0.431950462987635	-5.53052347900883
1889	0.233612583193852	0.66956297437367	1.32211798304997	0.212278781329776	0.432329275365139	-5.53163635728323
2460	-0.323708252537372	1.1383197230922	-1.3209584924376	0.212652682099803	0.43286437224079	-5.53303511159768
3052	-0.604689047367061	4.2795057837013	-1.31811255642515	0.213572702369372	0.434509980682516	-5.53646454528267
2983	0.2061552377777	2.16579511522688	1.31696353832448	0.213945075242212	0.435040273103485	-5.53784762549046
1378	-0.467992397310698	1.28093921403803	-1.31555149570182	0.214403417683166	0.435744733015787	-5.53954611153421
1017	0.407049895282245	1.95129930246028	1.3147453559405	0.214665447526794	0.43604968840341	-5.54051518973344
2693	0.517299024588642	1.33937527105352	1.31311994872274	0.215194572074342	0.436896592105051	-5.54246781525423
1788	0.276351716417714	1.26118688928391	1.31154386517058	0.215708659586758	0.437712100276621	-5.54435951096923
4039	0.301601086414221	1.69834395555343	1.31076001726637	0.215964709466365	0.438003426386471	-5.54529970991242
146	0.49156284653667	2.18136878166781	1.30997046950273	0.216222872645977	0.438166508529225	-5.54624633218238
2965	0.273661933858508	1.62117362212695	1.30952200539601	0.216369622058924	0.438166508529225	-5.54678382992839
1401	-0.324590902738471	1.35027648717436	-1.30948208120509	0.216382690267514	0.438166508529225	-5.54683167377963
3133	0.411757142194861	2.66442907743649	1.30819051922149	0.216805799943634	0.438575883487957	-5.54837886658705
1998	0.483410121036854	1.80313903345994	1.30769039246706	0.216969820753276	0.438575883487957	-5.54897768159524
516	0.403116178928306	1.9731308087125	1.30757877999443	0.217006438854773	0.438575883487957	-5.54911129539282
435	-0.315617137639057	2.16123436075256	-1.30721215957515	0.217126756166152	0.438575883487957	-5.54955012644135
1626	-0.206178776120993	1.07745747006559	-1.30714745122523	0.21714799778243	0.438575883487957	-5.549627570625
2415	0.259329257606663	1.19711647459407	1.30645311211574	0.21737603333403	0.438808851115974	-5.55045839298968
3878	-0.4204839127087	2.51190330019573	-1.30533418348798	0.217743924826803	0.439323752992524	-5.5517965872124
2361	-0.319465411142382	0.785167943341111	-1.30409242383847	0.218152797229157	0.439920762511827	-5.5532807030471
3244	-0.325155400949374	1.39336456858712	-1.30271174169804	0.218608148483305	0.440610833433741	-5.55492964429976
3720	-0.400501250177443	2.51536444218879	-1.300551040504	0.219322308472679	0.441795149041677	-5.55750759643488
272	-0.469491135352731	2.03550706629568	-1.30024790115697	0.21942265491695	0.441795149041677	-5.55786902446532
596	-0.284000888584163	1.38267056535928	-1.2995397150325	0.219657227600882	0.441947206511124	-5.55871314290683
1606	-0.226667990361187	1.61285718251606	-1.2993192923582	0.219730279993533	0.441947206511124	-5.55897580580888
2263	0.197860587328942	1.56562816877805	1.29874337924474	0.21992124241322	0.441947206511124	-5.55966192891413
829	0.545724367746704	2.82374196023107	1.29839504850893	0.220036808287339	0.441947206511124	-5.56007681013656
2608	-0.272986010487674	1.15441230998862	-1.29830814499757	0.220065648029037	0.441947206511124	-5.56018030433998
3768	-0.330853464334121	2.3940633564685	-1.29599243289861	0.220835274610241	0.443264205841382	-5.56293623850121
114	0.321443618553446	1.65912885105209	1.29530740210321	0.221063364451746	0.443493426674445	-5.56375080416238
2519	0.343366573818763	1.25278504624961	1.29434435781043	0.221384347011246	0.443651156453808	-5.56489541981882
3453	-0.196315535692376	1.40920983370978	-1.29419065888042	0.221435609958563	0.443651156453808	-5.56507803920654
524	-0.225189704594632	2.44384933086479	-1.29404625285649	0.221483782266616	0.443651156453808	-5.56524960261172
4078	-0.336892467465527	1.57742225409595	-1.29258171703588	0.221972818105981	0.444402135580818	-5.5669887691902
3067	0.598857375633413	3.38482346156116	1.29194275864194	0.222186453484995	0.444601258926296	-5.56774709251542
2310	-0.383435820275972	1.3082227065011	-1.29153718918999	0.222322142205238	0.444644284410476	-5.56822828424501
3271	0.460407730065623	1.54766161870524	1.28972350335903	0.222929760466512	0.445630640275461	-5.57037879078588
898	0.596175595747035	2.80532971057958	1.28870252964031	0.223272399318356	0.446086568981877	-5.57158839281091
2155	0.223935602343581	1.51534848123718	1.28713972716691	0.223797705198385	0.446906802073082	-5.57343856325435
2514	-0.196440550303265	1.57622577801999	-1.28642613526481	0.224037899178646	0.447157139621552	-5.57428282082023
2216	-0.215696227289717	1.93959238591896	-1.28398030991198	0.224862750066519	0.44857243606183	-5.57717388368194
3514	0.392943797234292	0.627071831638286	1.28297484998052	0.225202554416895	0.44857243606183	-5.57836120094808
4081	-0.28609845046747	1.98298266119627	-1.28297161756373	0.225203647513466	0.44857243606183	-5.57836501690525
1644	-0.204483420960345	1.06532721427792	-1.2829593843768	0.225207784412141	0.44857243606183	-5.57837945845561
3051	-0.614538604233851	3.71758012004253	-1.28199539231362	0.225533971750275	0.44883676220795	-5.57951715319003
1460	0.284646683080079	1.04961173711047	1.28188598023335	0.22557101788417	0.44883676220795	-5.5796462404667
2633	-0.315228680799159	1.10436923394478	-1.28134510446805	0.225754227028311	0.448869072451766	-5.5802842605938
3916	-0.42972626281212	2.1028722119681	-1.28115750578716	0.225817799931435	0.448869072451766	-5.5805055066402
1925	0.360593455208383	0.735060919541171	1.28081330653454	0.225934478957686	0.448871867888382	-5.58091137866236
1482	-0.33305198090277	1.03054976590277	-1.28043238757001	0.226063662489928	0.448899490941244	-5.58136045587124
2154	0.199878040354173	1.52273948748793	1.27911386376213	0.226511284724859	0.449559094148114	-5.58291414268403
3036	0.261891628436379	2.23993459228618	1.27785408708941	0.226939634111331	0.450179793800063	-5.58439749946796
1646	-0.209806346062073	1.11107889057636	-1.27457693610673	0.228057006907645	0.451873703191963	-5.58825120040183
1023	0.258543765064829	1.95102261013539	1.2743710597524	0.22812735069978	0.451873703191963	-5.58849305205662
3942	-0.382035214576897	2.68244310567211	-1.27432912933679	0.228141679629019	0.451873703191963	-5.58854230594117
3717	-0.395816901626922	2.49714383360174	-1.27278818766573	0.228668773013089	0.452687443880512	-5.59035155197182
828	0.506039939486825	2.65987373048709	1.27229076248295	0.228839132180967	0.452794502394658	-5.59093524099293
618	0.27746401447449	2.30162743737387	1.27133712881442	0.229166021690395	0.453054771159923	-5.59205378141478
1380	-0.457783711644703	1.44610106676439	-1.27122826044087	0.22920336394069	0.453054771159923	-5.59218143625105
2966	0.222395912700499	1.57052408827762	1.27063808485181	0.22940588199395	0.453225014959128	-5.59287331212687
702	-0.346806191958854	1.12033072941364	-1.27001799345958	0.229618821498317	0.453415664763918	-5.5936000021172
2338	-0.294630676819439	2.80505911327443	-1.26571170968115	0.231102011557453	0.456017825041865	-5.59863930050772
2252	0.285949686158125	1.46852561673118	1.26496879308243	0.231358671238029	0.456017825041865	-5.59950738913784
2294	0.19222195411639	1.3668776047386	1.26493973718564	0.231368714020727	0.456017825041865	-5.59954133288
1217	0.427566156647336	1.4384771986585	1.26483464952078	0.231405039107017	0.456017825041865	-5.59966409377424
630	0.268329660510747	1.85354802481629	1.2644386773168	0.231541954042866	0.456029403063525	-5.60012659084753
2118	-0.399620208962772	1.2405266867996	-1.26413537389705	0.231646871200839	0.456029403063525	-5.60048077752867
2840	-0.383129513338972	2.61370081941648	-1.26318835732307	0.231974705256731	0.456029403063525	-5.60158626187999
2234	0.185558268308804	1.251049872575	1.26314041473705	0.231991311762862	0.456029403063525	-5.60164221047102
1218	-0.270230029912904	1.41162322760933	-1.26312552856882	0.231996468276539	0.456029403063525	-5.60165958218129
3790	-0.352496508638626	1.90181702665614	-1.26240751634713	0.232245294879398	0.456086830180113	-5.60249729978386
201	0.313097180947855	2.45194828346764	1.26236529221508	0.232259934321306	0.456086830180113	-5.6025465523821
3004	-0.612665897957211	3.89583810326917	-1.26111001374662	0.232695489436525	0.456655735160577	-5.60401021894769
2449	-0.440134894933249	2.90111264969202	-1.26085461039506	0.232784189597777	0.456655735160577	-5.60430788879485
170	0.54331516005099	2.18248121622703	1.26035880988644	0.232956456180773	0.456763565139945	-5.60488561060715
1179	0.410769776277326	1.40561519110477	1.2584815930603	0.233609629164158	0.457664967111164	-5.60707146493131
74	0.527753767905458	3.44761688930626	1.25836212783748	0.233651246691575	0.457664967111164	-5.60721048942314
2331	-0.306342541612275	2.79876333638962	-1.25741338024001	0.23398196946952	0.458082347468231	-5.6083142195145
3385	-0.240825304792142	0.721500136246139	-1.25602399762252	0.234466972947044	0.458801202339592	-5.60992944254654
2300	-0.234149402153036	0.959082072575532	-1.25565349665531	0.234596443451671	0.458823983325368	-5.61035994212326
1473	-0.268698964668871	1.22564242504048	-1.25510479964451	0.234788289777375	0.458968674896133	-5.61099732027317
1816	0.339144928285519	0.950421132438403	1.2537827916766	0.235251035041647	0.459358090014862	-5.61253213741078
1625	0.273019251688487	0.719305696887404	1.25377734204909	0.235252944104014	0.459358090014862	-5.61253846178414
2010	-0.26105059478862	0.616506480517192	-1.25317088491433	0.235465470357561	0.459358090014862	-5.6132421357794
1075	0.316376163099857	1.06348067222072	1.25307101555047	0.235500483287489	0.459358090014862	-5.6133579900689
3992	-0.192377683849141	1.30523610724667	-1.25264156952968	0.235651089328789	0.459358090014862	-5.61385609377733
1704	-0.375111694862178	1.33817383447513	-1.25251557194215	0.235695291178658	0.459358090014862	-5.61400221098656
2376	-0.343970871400263	1.32086497963382	-1.25076602361707	0.236309748372667	0.459904416370728	-5.61602999440912
2757	-0.478877153833581	2.79689243562006	-1.25065451925412	0.236348953323051	0.459904416370728	-5.61615915963612
422	0.482094167466913	2.0791449619672	1.25040399417842	0.2364370570446	0.459904416370728	-5.61644933321292
1878	-0.179763938886608	1.1629750081015	-1.25008629103214	0.23654882365783	0.459904416370728	-5.6168172539316
3586	-0.189095286427342	1.30551554979787	-1.25003708142174	0.236566139186073	0.459904416370728	-5.61687423556624
2303	-0.443222178588126	1.41101406858117	-1.24942248181222	0.236782485943184	0.460095309512354	-5.61758576166192
4015	-0.327277113186293	2.28881731090877	-1.24860375867924	0.237070933632983	0.460426042676725	-5.6185331954807
566	0.305114559000343	1.94151800609118	1.24755175926098	0.237441982101429	0.460737128645063	-5.61974989503524
2570	-0.471143790030568	1.703683798973	-1.24747875191013	0.23746774966375	0.460737128645063	-5.61983430380889
895	0.257764184530462	1.16119222637414	1.24504266199255	0.238328842872677	0.461976760307663	-5.62264870728733
3461	0.277279256311572	1.20488427569274	1.24489064345856	0.238382660344847	0.461976760307663	-5.62282419666746
3298	0.218129702464597	0.84464907989352	1.24466494349914	0.238462580436159	0.461976760307663	-5.62308471380038
3630	-0.414869370049179	2.70413943541111	-1.24413645377358	0.238649802123894	0.462109562143433	-5.62369459114721
3953	0.291258323867381	0.934593422828597	1.24364202729516	0.23882506336853	0.462219083875277	-5.62426498327463
1405	-0.184231975402601	0.609152533311484	-1.24212361813941	0.239363944977986	0.463031893563973	-5.62601562134464
1706	-0.445368831827652	1.12131174962327	-1.24083100640248	0.23982345903057	0.463528672082799	-5.62750466035067
2121	-0.295309441321304	0.789077364867053	-1.24057264063864	0.239915390888749	0.463528672082799	-5.62780214787464
2262	0.223472501312037	1.64009602052144	1.23999517247881	0.240120968026782	0.463528672082799	-5.62846688771085
1609	0.289568352036259	0.839876933443613	1.23982771583131	0.240180608536934	0.463528672082799	-5.62865960818594
3173	0.261586225046065	2.3719391350723	1.23941243372838	0.24032856450527	0.463528672082799	-5.62913745844687
2638	0.433874054671317	1.38933001384253	1.23908260443448	0.240446127504307	0.463528672082799	-5.62951689531827
3169	-0.241932274369964	1.65743296340555	-1.23906049236952	0.240454010684965	0.463528672082799	-5.62954233040121
3855	-0.23902531134595	1.14234622181228	-1.23772654923619	0.24092995821926	0.464216356905393	-5.6310761069263
3538	0.20023571359471	1.70146424092471	1.23682773550665	0.241251077732748	0.464605191241999	-5.6321088666515
2542	-0.318088020920116	0.942025326657699	-1.23407816154417	0.242235545737416	0.466270496837121	-5.63526468292427
2907	-0.203746144237687	0.568557670370111	-1.23366131382941	0.242385075531609	0.466327808359726	-5.63574265603851
711	0.333900813262886	2.03095866785974	1.23161376837333	0.243120633736785	0.466865713618798	-5.63808867679803
2760	0.345420994211792	1.31119567547832	1.23155131808595	0.243143096314041	0.466865713618798	-5.63816018432749
3504	0.253808536332852	1.7397219653845	1.23137957556663	0.243204878472201	0.466865713618798	-5.63835682074346
3308	0.348267961607754	0.868859836326102	1.23120000344912	0.243269490638442	0.466865713618798	-5.63856239948093
746	-0.251840932975209	2.04783469916889	-1.23118514559144	0.24327483728506	0.466865713618798	-5.63857940811991
212	0.609533103701557	3.95501384045135	1.23061650268863	0.243479535765013	0.466865713618798	-5.6392302495296
1798	-0.212516342891603	1.57881297951034	-1.23037905148143	0.243565053490509	0.466865713618798	-5.63950195750936
415	-0.284890217142839	2.15829425562956	-1.2297031532511	0.243808608625905	0.466865713618798	-5.64027514959004
2835	-0.43515078619972	3.25480964524565	-1.22966362822752	0.243822857204075	0.466865713618798	-5.64032035419509
3678	-0.466062371345021	2.61401517688153	-1.22955061720002	0.24386360079626	0.466865713618798	-5.64044959837259
1888	-0.23257399932199	1.42910646315488	-1.22786368154395	0.244472433958726	0.467741033203471	-5.64237778048064
3926	-0.209667110606131	0.837969810296287	-1.22761841602811	0.244561053826982	0.467741033203471	-5.64265795423076
2107	-0.258282656231352	0.862363826955887	-1.22724135211131	0.244697345369655	0.467771950353184	-5.64308860236273
1882	-0.200865798279431	1.56525923153404	-1.22636016459607	0.245016091049106	0.46797020390914	-5.64409462391592
1020	0.308744843428548	1.78344384289751	1.22629021174999	0.245041408775228	0.46797020390914	-5.6441744632262
336	0.334949721571174	2.02745884772615	1.22474684093327	0.245600525160996	0.468467941367746	-5.6459350810601
2372	0.359775875194006	1.32515340059271	1.22451248492664	0.245685514098868	0.468467941367746	-5.6462022783413
1037	0.3969238104787	2.09365747502959	1.22441998543022	0.245719065387134	0.468467941367746	-5.64630772950171
3182	-0.241801463344588	2.58780917984499	-1.22421159612409	0.245794665446799	0.468467941367746	-5.6465452750826
2176	-0.210432901860995	1.39984689432573	-1.22391151457381	0.245903562443676	0.468467941367746	-5.64688728792799
3122	0.50251767271179	3.39373246932808	1.22275447688285	0.246323801354759	0.469039062335174	-5.64820540648166
2267	-0.254346217831882	1.04224730706051	-1.22142281875502	0.246808170755578	0.469596103716713	-5.64972128456643
1106	-0.312174068597176	2.41667317408656	-1.22128723241594	0.246857530638961	0.469596103716713	-5.64987555740426
2453	-0.264704517442201	1.43500534654624	-1.22028306104712	0.247223341536931	0.470062349582427	-5.65101771864593
521	0.545479263171238	3.55324733718592	1.21968646651258	0.247440879991238	0.470246357582176	-5.65169595718091
921	0.28643258600733	1.47503887968643	1.21776662146581	0.248141954066167	0.471348667870075	-5.65387682182892
3439	-0.198134015142514	1.6126506431492	-1.21734841010255	0.248294882610234	0.471409201796319	-5.65435154607483
3898	-0.376137993059383	2.03354273379755	-1.21373529945902	0.249619221322197	0.473692615900895	-5.65844772668918
2054	-0.322603939698086	0.929683708073084	-1.21245863463479	0.250088505618406	0.474316269102189	-5.65989286242965
2461	-0.227443541663777	1.160551552135	-1.21187081320719	0.250304816012463	0.474316269102189	-5.6605578639051
496	0.241662383894728	2.1577297194735	1.2115722876362	0.250414726264169	0.474316269102189	-5.66089549124988
1421	-0.481077476398168	1.63088183624588	-1.21140616957457	0.250475903701744	0.474316269102189	-5.66108334047524
1176	-0.350537221785838	2.28974200119484	-1.21110211212138	0.250587911750058	0.474316269102189	-5.66142712308863
972	0.302230506178386	1.97552747038674	1.21085572040785	0.250678706166488	0.474316269102189	-5.66170565762544
3925	-0.276135816121273	1.94607899190047	-1.21023587199394	0.250907233405156	0.474367786619486	-5.66240617658424
1987	0.30950218956302	0.728497846339681	1.2101210786947	0.250949573815136	0.474367786619486	-5.66253587968104
687	0.531773280379471	2.73423532967754	1.20850884933071	0.251544828157318	0.475262280856185	-5.66435651912288
3092	0.366536887704862	2.91159437610223	1.20801302865284	0.251728116008809	0.475377926158246	-5.66491606092045
2686	-0.336103442009703	1.25743367017103	-1.20719410903303	0.252031074247965	0.475719342279	-5.66583984097835
2986	0.239673696127369	2.606600293755	1.20632615020971	0.252352489846729	0.476095249739904	-5.66681841684263
2365	-0.39474563282813	1.31829981087396	-1.20477922983126	0.252926138175759	0.476790731890498	-5.66856114989646
2133	0.218875790449599	1.17516799990573	1.20467180705404	0.252966012348682	0.476790731890498	-5.66868210696412
900	0.598140737383156	3.08722153470294	1.20367002566168	0.253338102460487	0.477247913120083	-5.66980970623679
29	0.402026601874715	3.11368549176378	1.20311455024258	0.253544608484324	0.477247913120083	-5.67043463661183
1391	0.235119811385432	1.15350425831845	1.20302945997507	0.253576253786711	0.477247913120083	-5.67053034679815
3594	-0.220300065607111	1.64230266975483	-1.20165759485323	0.254086885715413	0.47797793863566	-5.67207271550054
1152	-0.209566736587877	1.42371542696204	-1.20068863135111	0.2544480406209	0.478426204817858	-5.67316129494098
247	-0.437859357765747	1.96827115931433	-1.20003835921916	0.254690639502531	0.478651230802536	-5.67389146393482
2640	-0.294630999134341	1.02152064299613	-1.19926574821218	0.254979117374966	0.478962220481484	-5.67475860887258
1811	-0.258633561680999	0.695805028196127	-1.19820482834267	0.255375664889301	0.479405419749031	-5.67594864101515
2007	-0.474136413357521	1.20676628091901	-1.19797593042181	0.255461285562208	0.479405419749031	-5.67620528945018
3761	-0.295073151651904	2.69097418330766	-1.19718962272494	0.255755581565311	0.479538388569998	-5.67708663868187
3299	-0.193566158931096	1.26597795616081	-1.19712858731982	0.255778436841265	0.479538388569998	-5.67715503289573
1165	0.318572988616263	1.39329914154513	1.196675687259	0.255948079887997	0.479625516402243	-5.67766245375945
3824	-0.310476570194491	1.83905255719703	-1.19393530057693	0.256976444054785	0.481320958705788	-5.68072958529436
714	-0.237363740024403	1.71111018508035	-1.19314284873918	0.257274428405628	0.481647415486305	-5.68161551594585
1400	-0.286295350835183	1.50177756042876	-1.19223889430372	0.257614673595281	0.481985829068396	-5.68262554972581
2018	-0.312732329297302	0.518306789852444	-1.19200505709239	0.257702746820853	0.481985829068396	-5.68288673191368
3459	-0.289193883303633	1.01463396571439	-1.1899105051801	0.258492704834966	0.483231201453365	-5.68522446218863
590	-0.383989350069592	1.02386406592332	-1.18948860944234	0.25865205300708	0.483297070254111	-5.68569495704852
3179	0.245953336444756	2.68978352914886	1.18893978154468	0.258859458699072	0.483344279274444	-5.68630681327549
1178	0.366899152770185	1.31363905305899	1.18876491555098	0.258925569226115	0.483344279274444	-5.68650171546561
424	0.367541994663327	2.21810430997875	1.18822099188896	0.259131292163612	0.483489682202402	-5.68710782079728
2346	-0.386651605976276	2.61093220326915	-1.18790256744772	0.259251786450594	0.483489682202402	-5.68746254846985
2051	0.21108790644167	1.45631331605203	1.18733105888856	0.259468160375565	0.483624162689174	-5.68809903024838
2985	0.234560712439111	2.48399526355606	1.18705615310435	0.259572290708879	0.483624162689174	-5.6884051051698
1863	-0.258059822136612	1.63600943583336	-1.18644651623836	0.259803329687501	0.483823130465389	-5.68908366832203
1692	-0.233963169651557	0.825362930999828	-1.18560051257049	0.260124214569055	0.483982428528928	-5.69002487659774
337	0.424739048387352	2.3926433452003	1.18556564037837	0.260137448102477	0.483982428528928	-5.69006366199637
2603	-0.255718572799922	1.03881834239146	-1.18485373421104	0.260407722820302	0.48425390289506	-5.69085526270049
105	0.596449851804711	4.40508541877058	1.1833062851148	0.260995972631889	0.485116141970681	-5.69257467490002
2635	-0.17703228125203	1.12019041812393	-1.18091932548852	0.261905403054017	0.486574255482988	-5.69522348439472
2551	-0.258028364131015	1.10168424715347	-1.17969710438744	0.262372031325572	0.487208721975096	-5.69657818205197
2493	-0.307471311730242	1.58102601588116	-1.17871041843235	0.262749211288727	0.48767656280186	-5.69767102296405
1761	0.316028372703627	1.50213130101735	1.17810710811763	0.262980048016753	0.487728333889487	-5.69833889309039
3138	0.52138722900254	4.35004617562728	1.17798286086071	0.263027606874145	0.487728333889487	-5.69847640308059
3064	0.359674460930371	3.21171987140784	1.17758726328393	0.26317907705036	0.487776928145693	-5.69891415377878
2634	-0.196863810822213	1.51298429890164	-1.17703472215021	0.263390753807151	0.487937010145123	-5.6995253806128
3112	0.548401456472521	4.45657041038676	1.17604194308235	0.263771419827611	0.488409847269955	-5.70062304482187
3013	0.343663241723011	2.92463545084215	1.17493655457814	0.264195771642562	0.488718672169749	-5.70184437067761
2045	0.408779482322519	1.47705663986354	1.17484321467858	0.264231628741026	0.488718672169749	-5.70194745964878
1	-0.244820532718385	2.00321441060736	-1.17462695469797	0.264314721003978	0.488718672169749	-5.70218628292838
1909	0.36872650236314	0.859246569003096	1.17152146477127	0.265510183986221	0.490696087537894	-5.70561201864799
3049	-0.359032494787751	3.28030784898022	-1.17018267496288	0.266026857264992	0.49141773348666	-5.70708669528522
522	0.479260370054651	3.49899338375368	1.16981427034041	0.266169172002867	0.491447489700884	-5.70749226301032
1323	-0.218356796538298	2.67542536375929	-1.1680883716342	0.26683668010031	0.492446460810714	-5.7093909410359
3919	-0.307002206611836	1.49191026343076	-1.16758563391893	0.267031364791631	0.492572304357466	-5.70994359768133
3853	-0.237504294231001	1.19592467693863	-1.16604392548028	0.267629082313046	0.493441120514679	-5.71163723441117
3046	-0.307937274701426	2.78560249281024	-1.16557718192311	0.267810243947712	0.493541452878556	-5.71214962989225
3556	-0.203126735365171	1.49936525639718	-1.16504541141561	0.2680167618515	0.493619204943313	-5.71273321789776
779	0.37412518797792	1.56702747875966	1.16481582405752	0.268105962623294	0.493619204943313	-5.7129851129131
2596	-0.401536887003479	1.23731237238641	-1.16427623374157	0.268315699041478	0.493771896062152	-5.71357697980753
3355	-0.16930002015708	1.69704857011928	-1.16287203012814	0.268862107419128	0.494543715772359	-5.7151162237451
276	-0.39088268219958	2.07314831380832	-1.16225052689776	0.269104225920246	0.494563949651263	-5.71579703379735
3396	-0.239967482456989	1.05434507487202	-1.16219177913788	0.269127121035189	0.494563949651263	-5.71586137287002
2418	-0.233019844002645	0.907914082084823	-1.16097766406019	0.269600625024019	0.495018101709563	-5.7171904733146
2734	0.244688581996894	1.49837702929348	1.16090623179743	0.269628503781711	0.495018101709563	-5.71726863696637
149	0.516030212219976	2.99131321655428	1.16057994641005	0.269755875830074	0.495018558191474	-5.71762562199993
1313	-0.423849856628425	2.16160532022699	-1.15831728417312	0.270640442612399	0.49640785847041	-5.72009901907072
3056	0.386316257374797	3.36551508990886	1.15798362354553	0.270771075162514	0.496413637797942	-5.72046343652101
3320	-0.301442366726932	0.935199570172023	-1.15652590356774	0.271342367997149	0.497226908696894	-5.72205456689902
727	-0.237165237831706	2.41862951034844	-1.15383658072964	0.27239879887839	0.498927997569356	-5.72498590318241
1951	0.19099432929238	1.08165376411107	1.15350474296388	0.272529374254696	0.498932479242024	-5.72534723310821
2042	0.319311553835222	1.42376389889569	1.15242868234616	0.272953129996136	0.499473443705335	-5.72651836914831
2788	0.354847287086496	0.855717230448893	1.15166179398277	0.273255445367426	0.499791782179783	-5.72735249359444
1051	0.379239087649403	2.07634817995312	1.14875963800677	0.27440186180437	0.501351485069371	-5.73050515321672
1185	0.19188415682869	0.632805667713366	1.14804224486999	0.274685823100627	0.501351485069371	-5.73128350755858
2232	-0.196178503544625	1.37759794147234	-1.1478910736632	0.274745689356504	0.501351485069371	-5.73144747602967
2426	0.240883236254281	1.15213275061681	1.14787932489012	0.274750342485806	0.501351485069371	-5.7314602186752
284	-0.281495229300566	2.22619934342993	-1.14787528175016	0.274751943795079	0.501351485069371	-5.73146460381575
2794	-0.363310558358579	0.938183620146589	-1.14727210327588	0.274990917330078	0.501552520882119	-5.73211866808517
3503	0.343405152290241	1.28196178633636	1.14599970328385	0.275495559024238	0.502177626350048	-5.7334975261467
1965	0.2370870243171	0.893803672657916	1.14575781765056	0.275591573577312	0.502177626350048	-5.73375951375381
2552	0.287333264508577	1.34127781390892	1.14532031212417	0.275765303796325	0.502259164164121	-5.73423326796961
2291	0.311822120472463	1.68160428672804	1.14406795206256	0.276263076260645	0.502930537147711	-5.73558860408193
1729	-0.321706333052623	2.66585729335222	-1.14138043375449	0.277333628099508	0.50464352701845	-5.73849316977117
3467	-0.183979406185191	1.55028141342803	-1.14055359951219	0.277663636529819	0.505008033931394	-5.73938569914916
3078	-0.452522919460589	1.47418639212404	-1.13987867682714	0.277933238875544	0.505262386639295	-5.74011386961365
2431	-0.379658406636021	1.3307293585504	-1.13935598712996	0.278142169920429	0.505406257428908	-5.74067756354376
639	-0.450200753717387	2.64750403148483	-1.13836245824673	0.278539641200218	0.505892426694799	-5.74174847190203
3800	-0.430294131190335	2.14289716837972	-1.13654318080397	0.279268600157669	0.506841921496576	-5.74370753261995
1691	0.172394656170215	1.31387131531191	1.13640820050443	0.279322743587995	0.506841921496576	-5.74385278563176
2316	-0.229982765455238	0.928882830401737	-1.13535743430109	0.279744505413218	0.507331184372209	-5.74498305547405
160	0.476170601542235	2.7414774549926	1.13500738072119	0.279885120899857	0.507331184372209	-5.74535941184893
3901	-0.253602997499636	2.36314717421088	-1.13476321338636	0.279983234518715	0.507331184372209	-5.74562187154789
1053	0.354649050946254	1.2923320890983	1.13346868215164	0.280503859128565	0.507834790558559	-5.74701264110561
2079	-0.201465944856904	1.90932604738626	-1.1333452533609	0.280553537779324	0.507834790558559	-5.74714518042927
1996	0.264276641733994	0.751997270516241	1.13302932494315	0.280680726233604	0.507834790558559	-5.74748437625714
2892	-0.238198903767428	1.27330957395602	-1.13277580825398	0.28078282076851	0.507834790558559	-5.74775650987161
681	0.266027260305928	1.91307614540725	1.13178997181515	0.281180102657915	0.508132255033397	-5.74881428373827
455	-0.256488783515138	2.18509757652856	-1.13114940767507	0.281438475775285	0.508132255033397	-5.74950120046862
2655	-0.18304236918433	1.92244921164639	-1.13111501409899	0.281452353688037	0.508132255033397	-5.74953807414455
3575	-0.210672076238296	0.347537212703724	-1.13107313250621	0.281469253751165	0.508132255033397	-5.74958297459712
2197	-0.32958634602287	1.31476729490413	-1.1304599947107	0.281716756779614	0.508204845122057	-5.75024015743804
1623	0.225947674116003	0.877806268815305	1.13032695406409	0.281770482952881	0.508204845122057	-5.75038271793272
1786	-0.236617515885037	1.55446826800212	-1.12829565113197	0.282591771216594	0.509347734667796	-5.75255772469298
1957	0.249968795730929	0.815117126029664	1.12811288664771	0.282665756193402	0.509347734667796	-5.75275326703616
3025	-0.507719896020916	3.04233964025437	-1.12726218176629	0.28301032686633	0.509732753384593	-5.75366311847979
3948	-0.243965717124612	1.73606356777028	-1.12633494187471	0.283386265813756	0.510173887692448	-5.75465420727283
1821	-0.21208709524453	0.478550686861303	-1.12575205526692	0.283622787386886	0.510363740334812	-5.75527690033048
3985	-0.373475726153995	1.91592018092168	-1.12512972939117	0.283875480198946	0.510582503415564	-5.75594144422222
1015	0.278774666353721	2.2197202650135	1.12323391960089	0.284646333760149	0.511611548691532	-5.7579640691419
2404	0.291135790298445	1.13193492491229	1.12307658037432	0.284710381616474	0.511611548691532	-5.75813181163498
3093	0.32213252788737	2.96653700182021	1.12168304056588	0.28527813175225	0.512285398297977	-5.75961667870479
482	0.340731671833029	2.20448420371086	1.12151048955861	0.285348492272294	0.512285398297977	-5.75980043628377
1414	0.240677618616402	0.751430150126895	1.11998596513489	0.285970721853996	0.512931500024814	-5.76142299824746
2566	-0.287705280016937	1.06899355036081	-1.11998326457917	0.285971825000994	0.512931500024814	-5.76142587091313
1643	-0.193907143191774	1.07929632564659	-1.11960181369854	0.286127676288151	0.512974756660249	-5.76183157690191
2823	0.657303267282523	4.55407049415731	1.11767471860496	0.286916036510949	0.513896173800253	-5.76387953082552
1386	-0.223655761504175	1.4020601517916	-1.11743500490916	0.2870142180806	0.513896173800253	-5.76413408224822
423	0.267905487295275	2.12245829202515	1.11736907664211	0.287041225399876	0.513896173800253	-5.76420408371443
1979	0.302519971198719	0.776815519437259	1.11663812466057	0.287340788396687	0.513896173800253	-5.76497997558348
1689	-0.170420226623322	1.48844131839157	-1.11642619780877	0.287427686329779	0.513896173800253	-5.76520485649036
3012	0.291747359816033	3.01728050214023	1.11641213543369	0.287433453142514	0.513896173800253	-5.7652197772291
2024	0.212822611775962	0.887961644979241	1.11543090280098	0.287836064169624	0.51437982279785	-5.76626053494916
226	0.828249134029027	5.15101119509368	1.11481088891092	0.288090685868379	0.514598683840123	-5.76691778577386
1276	-0.202402358331847	1.44902146126031	-1.11374340953488	0.288529473171959	0.515146157052549	-5.76804869469281
3313	0.480411226197054	2.32532054037606	1.11254704926002	0.289021845382247	0.515788756149619	-5.76931511755953
1734	0.288215831506371	2.11426271501197	1.11196288225721	0.289262498005675	0.515981753199312	-5.76993310132215
2587	-0.54136740838867	1.76951689278139	-1.11113212703476	0.289604999007478	0.516356165812784	-5.77081150265203
822	0.266103662095106	1.02091836794113	1.10903417263933	0.290471318492118	0.51766375936307	-5.77302745091326
728	-0.178860937270663	1.94557211715543	-1.10828336545909	0.290781834537149	0.51798008402912	-5.77381967369829
267	0.481608656702007	4.42426133626639	1.1063344990048	0.291589023945314	0.519159375893479	-5.77587404423851
2518	-0.333033448156876	1.22364554011731	-1.10604154904364	0.291710507050573	0.519159375893479	-5.77618260380474
2581	-0.320459268774151	1.0085886223969	-1.10537935156112	0.291985255507045	0.519206234011731	-5.77687984545475
3724	-0.320457264819832	1.8524711349498	-1.10533538109247	0.292003506031251	0.519206234011731	-5.77692613107669
229	0.71793353293714	4.11668783185736	1.10458659204751	0.292314434592757	0.519314729731109	-5.77771411988497
2210	-0.290654548835889	1.01774133584041	-1.10454611389151	0.292331250018128	0.519314729731109	-5.77775670495224
3615	0.33966413210351	1.74272901743206	1.10401687243191	0.292551175337349	0.519468434456743	-5.77831337898096
3094	0.258878445354743	2.62247537668496	1.10323096183695	0.292877992064662	0.519811714266087	-5.77913963279626
243	0.316013878684041	2.79831765272838	1.10210588490856	0.293346334152044	0.519851273715886	-5.78032164453154
528	-0.350133789876724	1.46114456820191	-1.10187348496539	0.293443147742277	0.519851273715886	-5.7805656849272
3984	0.23611742603864	2.0890691618887	1.10176789697197	0.293487141831589	0.519851273715886	-5.780676548012
293	0.347002813658042	2.44483880392143	1.10167999462573	0.293523770890686	0.519851273715886	-5.78076883540581
2293	0.288001020120418	2.04763150306053	1.10157438311252	0.293567784001344	0.519851273715886	-5.78087970760567
2839	-0.270554364417255	3.08268958449077	-1.09967657531922	0.294359544701521	0.520858002222825	-5.78287059844906
3303	0.284244126555317	1.79966226722847	1.09948604780143	0.294439122127006	0.520858002222825	-5.7830703190976
3542	0.180247419296431	2.13586010170568	1.09925037985346	0.294537575987329	0.520858002222825	-5.78331731990689
3857	-0.322196615815267	0.945176455200902	-1.09611884074586	0.295848205882913	0.522938226830715	-5.78659542169054
2399	0.248509028514126	1.19357319929952	1.09514169230937	0.29625807507233	0.523154087373256	-5.78761676794594
887	0.378378914755378	1.49904344619118	1.09505522224715	0.296294366114328	0.523154087373256	-5.78770711398423
2002	0.244380170281705	0.650799764767273	1.09486700031665	0.29637337358639	0.523154087373256	-5.78790375307943
3604	-0.148185066578416	1.36200940806736	-1.09427754767463	0.296620904131948	0.523353783728957	-5.78851939020941
3293	0.343937913528514	1.68524619223257	1.09374549972873	0.296844463530127	0.523511023997425	-5.78907484418025
4064	-0.161542673062011	1.09568778861366	-1.09296116819238	0.297174262700337	0.523670684733345	-5.78989328484155
2153	0.171151647849703	1.39153970694265	1.09289057852989	0.297203958207676	0.523670684733345	-5.78996692119772
3981	-0.321889243422965	1.58986636816634	-1.08998622938004	0.298427709534624	0.525589100374413	-5.79299331128521
2901	-0.346465539686359	2.85820573142108	-1.08925656308076	0.29873575590593	0.525893776445612	-5.7937526208723
384	0.349239944084694	2.17861902282085	1.08867618715918	0.298980947984907	0.526087578605164	-5.79435628309004
837	0.415800214924612	1.72789702208014	1.08770814346984	0.299390258219555	0.526569857952551	-5.79536259156263
2505	0.272258007428269	1.29432389915111	1.08692094654671	0.299723415675497	0.526917824216878	-5.79618037373264
1964	-0.37205908857313	1.23597844988012	-1.08633941987862	0.299969709854105	0.527112838525219	-5.79678418862145
2117	0.365130995180114	1.55448435864404	1.08445480936799	0.300768953792822	0.528051482862746	-5.79873924256184
1981	0.245258273797337	1.07584602321047	1.08444036186747	0.300775087054333	0.528051482862746	-5.79875421952327
3813	-0.212187934917383	1.78420653364312	-1.08403331860791	0.300947924236923	0.528116817025046	-5.79917611372125
1104	0.32222514707862	1.44433590986545	1.08329496061582	0.301261634994664	0.528429192193344	-5.79994108487771
1054	0.399383545655103	1.82234871007967	1.08270781871456	0.301511274307045	0.528628951891776	-5.80054908967419
2666	-0.381464397913337	1.06287075552144	-1.08063840622692	0.302392389654422	0.529935177909234	-5.80268991482383
2358	-0.28228466907744	2.87568974772828	-1.07979230686699	0.302753202621427	0.530328821865873	-5.80356426015205
1595	-0.219624050638694	0.692076831198702	-1.07835928012747	0.303365048857738	0.530601746201916	-5.80504386546713
1381	-0.463589201073977	1.88274759374365	-1.07832554077344	0.30337946548968	0.530601746201916	-5.80507868235383
2084	0.188936565839395	1.55832175834445	1.07817256459112	0.303444837827218	0.530601746201916	-5.80523653309323
1667	-0.209918340895625	0.683850464862405	-1.07815099854536	0.303454054646037	0.530601746201916	-5.80525878488219
3775	-0.15946524278391	1.84901529613273	-1.07738016897678	0.303783627904932	0.530939608196502	-5.80605388869036
3806	-0.364815574136537	2.35270931790751	-1.07623822059056	0.304272372275886	0.531181585588264	-5.80723095360047
1420	-0.45846739479155	1.60530757709463	-1.07615474245632	0.30430812349212	0.531181585588264	-5.80731695923309
1193	0.420555779436732	1.59045486694484	1.07610060875206	0.304331309051725	0.531181585588264	-5.80737272908112
3971	0.33086452232775	1.13028909956583	1.07577476657042	0.304470895996194	0.531187127692285	-5.80770837164589
1956	0.189576684020029	0.7610740608906	1.07126085094145	0.306409577464848	0.534330002081557	-5.8123495909336
2952	0.166188747557499	0.923409560963614	1.07032983120803	0.306810595801004	0.534789820970953	-5.81330490203797
206	0.360597608040857	2.895464062347	1.06911607900309	0.307333988915433	0.535405177656196	-5.81454931170254
2918	0.135459212801967	1.10556324197789	1.06887363084717	0.307438617678288	0.535405177656196	-5.81479774657618
2412	0.288030411269642	1.05533721496262	1.06760808437048	0.307985200835734	0.535922403393962	-5.81609380121206
785	0.352765294188452	1.67682141132543	1.06754868557003	0.308010872828887	0.535922403393962	-5.81615460132683
2931	-0.16979373961535	0.506015669349842	-1.06684873656902	0.308313510052708	0.536209382825031	-5.81687085655716
3287	0.391789674315456	1.11815155300017	1.06646102702256	0.308481240391578	0.536261584859288	-5.81726743426911
2568	-0.255124726317963	1.17208443377057	-1.06603338860934	0.308666324260608	0.536343894096746	-5.8177047184785
1202	-0.262003605520086	1.22620393827237	-1.06565952388815	0.30882820301294	0.536385826285633	-5.81808689945503
484	0.290157871243857	1.93928481700333	1.06435066239455	0.309395426408823	0.537000468901298	-5.81942401776511
715	0.325467223213183	2.21206139631841	1.0639084563934	0.309587242712148	0.537000468901298	-5.81987546887645
4024	-0.458226725531316	1.43364705586573	-1.06388872911446	0.309595801921781	0.537000468901298	-5.81989560503889
2390	-0.249902420179143	2.6749361207342	-1.0631851507575	0.309901184498719	0.53710789021733	-5.82061356799552
2924	0.427981611342247	2.42830851749589	1.06261179516614	0.310150212138412	0.53710789021733	-5.82119836038874
3978	0.155103717105129	1.5811456770214	1.06247810510944	0.310208299823567	0.53710789021733	-5.82133468032118
371	0.38767143369691	3.68458419294969	1.06240926313076	0.310238214516525	0.53710789021733	-5.82140487108314
2513	-0.22856933559111	0.693936381654742	-1.06215805277951	0.310347394193372	0.53710789021733	-5.82166097190382
309	0.515687958878993	3.99413329616756	1.06087769133486	0.310904305973847	0.53783268212446	-5.8229654938988
1094	-0.281249498737596	1.18935069399862	-1.05875012733029	0.311831378009075	0.538965041526409	-5.82513037454911
929	0.309016345810028	1.27668664994699	1.05874020638402	0.311835705844633	0.538965041526409	-5.82514046122055
3648	-0.220317655596162	1.47775810236557	-1.05798356649067	0.31216590912533	0.539166011531266	-5.8259095137457
3501	-0.148740806640756	1.6164913810587	-1.05783928359989	0.312228904982795	0.539166011531266	-5.82605611277032
3801	-0.372359838692279	2.0188266882867	-1.05693705436922	0.312623046428559	0.539598425902694	-5.82697245598473
3117	0.27118355300031	3.20617007974252	1.05635034418101	0.312879552331204	0.539598425902694	-5.82756800260403
2220	-0.305467463754641	1.37325861319408	-1.05631495404108	0.312895029709369	0.539598425902694	-5.82760391713892
984	0.344514930234312	2.32734942144906	1.05550906233588	0.313247630225629	0.539967362593448	-5.82842148480408
3524	0.2801559138332	0.688555362962024	1.05517493814693	0.313393906229299	0.539980473830482	-5.82876030073965
3839	-0.180806865449969	0.779899002366532	-1.0546749876289	0.313612874682281	0.54011876780752	-5.82926710821731
2452	-0.21596936589754	0.984547823255792	-1.0524456526877	0.314590672505697	0.541401097201571	-5.83152463485906
1986	-0.226714075583525	1.43183618707073	-1.0523435454135	0.314635511804611	0.541401097201571	-5.83162794002628
2446	0.377715092068168	1.12163908153979	1.05118800443109	0.315143287993726	0.542035319543979	-5.83279646733125
3516	0.162552774509627	1.7041329682996	1.05028196126874	0.315541856045927	0.54248123065909	-5.83371195976873
1630	-0.153748590136984	0.546310430150861	-1.04987768991939	0.315719816268384	0.542547645432077	-5.83412023932705
1605	-0.167995619884129	1.62380693199192	-1.0492950575864	0.315976422788827	0.542749091459945	-5.83470842239125
3468	-0.15618255205885	1.24792223976146	-1.04743619064174	0.316796156985891	0.543878976713001	-5.83658321506228
1045	-0.267930018813438	1.01611759602984	-1.04712389818725	0.316934029065799	0.543878976713001	-5.83689791644498
3253	0.296498196492047	3.13359794141045	1.04685397945916	0.317053229876351	0.543878976713001	-5.83716985542052
2471	-0.296595674137809	1.51317960261188	-1.04589864851319	0.317475389187302	0.544174695654388	-5.83813187606909
2381	-0.24842242880034	1.18840612379546	-1.0458314211827	0.317505112616017	0.544174695654388	-5.83819954710053
2146	-0.400265285103505	1.1907506512338	-1.04463014763853	0.31803658510687	0.544845781964871	-5.8394081490209
2099	-0.23127920007719	1.32965731727848	-1.04349374380479	0.318539967408702	0.545468176380601	-5.84055043894245
269	0.353575689330563	2.07718242041077	1.04255341953507	0.318956942493669	0.545727128777792	-5.84149486391119
2943	-0.205578223912628	0.565282402248685	-1.04252065123981	0.318971480508027	0.545727128777792	-5.84152776253261
200	-0.236981188304167	2.38799438978466	-1.04098406689445	0.319653756884405	0.546466966644811	-5.84306950678957
3706	0.241901159536738	2.18979624211063	1.04091470903971	0.319684578843574	0.546466966644811	-5.84313905359223
217	0.564950998271837	4.41035721081718	1.03833142264156	0.320834140888779	0.548191375436992	-5.84572667099561
1690	0.164733202339417	0.473394243605975	1.03749157839672	0.32120853222553	0.548476196425009	-5.84656678706075
16	0.278490807647063	3.29857094251439	1.03732565219613	0.321282538275667	0.548476196425009	-5.84673270096426
4034	-0.284388192450856	1.14856751918522	-1.03515508043477	0.322251818346821	0.549889824996722	-5.84890110495753
3489	0.224050964763893	1.03750651905724	1.03366632540445	0.322917882813668	0.550785035337898	-5.8503862158088
474	0.318588869344616	2.93259409295707	1.03314797278666	0.323150031598382	0.550939677339798	-5.85090288728733
132	0.253815780122922	3.04197325743655	1.03135271312229	0.323955010486075	0.552070376732068	-5.85269067726552
3856	-0.214055607321851	1.21937538472495	-1.03081487249755	0.324196462457721	0.552240168333494	-5.85322578213767
2297	0.261271043829767	1.49169734168511	1.03016165698946	0.324489888657388	0.552498306266668	-5.85387536614859
3257	0.170483271271709	1.96283619077269	1.02884083885994	0.325083804303332	0.553267628477786	-5.85518780566475
2347	0.323285060334743	1.62971731518713	1.02747567058648	0.325698507059503	0.554071641105157	-5.85654285662932
3236	0.350866948144543	2.63450362832018	1.02646266203662	0.326155195825609	0.55460625875324	-5.85754739959477
3956	-0.36765191251507	2.6522504661739	-1.02462965124443	0.326982763938982	0.555658392427944	-5.8593630157382
1648	0.149660368727891	1.41738411173135	1.02415582057495	0.327196941126534	0.555658392427944	-5.85983191458817
1042	0.426250082271428	3.59254820439612	1.02406800898082	0.327236644400837	0.555658392427944	-5.85991879255333
2618	-0.253063699959654	1.01165496417385	-1.02358782764359	0.327453817254751	0.555658392427944	-5.86039375982248
2170	-0.196495961081277	1.26676216856033	-1.02323598976752	0.327613011393463	0.555658392427944	-5.86074166057234
2837	-0.361953065728034	3.15888098445191	-1.02319819559686	0.327630115309337	0.555658392427944	-5.86077902594929
1653	-0.141254314947219	1.16860866546875	-1.02265757536909	0.32787484746597	0.555831369626681	-5.86131338789071
1428	0.169406353248294	1.44669963961586	1.02207258566305	0.328139817035925	0.555993387682436	-5.86189134308347
1158	-0.251874276156164	1.74879721300789	-1.02181622846263	0.328255983123246	0.555993387682436	-5.86214453154535
1782	-0.246760928536268	1.62634134533026	-1.02008733601292	0.329040208010534	0.557079378257834	-5.86385068398203
1144	-0.383645762449287	0.961321204397237	-1.01969126544072	0.329220059685043	0.557141639466995	-5.86424120902597
634	0.220552036670302	2.04280585707276	1.01592358756175	0.330934546193298	0.559799792735318	-5.86794986395782
2009	0.364359823766573	1.02212008009068	1.01533489306036	0.331203024620298	0.560010672110916	-5.86852831026201
3410	-0.30892511400197	1.07237695575293	-1.0145297482876	0.331570476031488	0.560388643084469	-5.86931898942712
3436	-0.134874058667624	1.39018954736973	-1.0126562455787	0.332426663483682	0.561591299148681	-5.87115682122065
316	0.212030496067917	3.04015508519768	1.01234184653431	0.332570502269353	0.561591299148681	-5.87146495845078
3868	-0.197523807368002	1.03746029569297	-1.01143893151537	0.332983843470411	0.562045551137312	-5.87234944945242
511	0.265708125016011	3.09419570784924	1.00882403770178	0.334183030169081	0.563825268404853	-5.87490729406617
1961	0.237607473829947	0.920808789108905	1.00617860482006	0.33539944069816	0.565632491155754	-5.87748941967577
2729	-0.451067112338639	1.10427239137425	-1.00514967901958	0.335873431297638	0.566186641330305	-5.87849220157572
1079	0.32059281000394	1.5897887249817	1.00442916736223	0.336205637875181	0.566501407999114	-5.87919389832369
1280	-0.364359720530134	1.23810109742467	-1.00361412256031	0.336581720585599	0.566889801020901	-5.87998715553361
175	-0.522631230334708	4.13717688303443	-1.00285870469431	0.336930564534991	0.567171379353873	-5.88072190168889
3440	-0.162367490144231	2.01588547757897	-1.0026213900123	0.337040208480961	0.567171379353873	-5.88095262738466
66	-0.306324720101831	4.24673118991873	-1.00226906457765	0.337203037708411	0.567200271635659	-5.88129508682633
236	0.575984726726769	3.2558785455557	0.999307011671015	0.338574241119613	0.569260835457587	-5.88417023408018
2577	0.621780673985504	1.73408890402851	0.998528603460859	0.338935258896835	0.569407320538052	-5.88492462851459
2000	-0.217969850226263	0.812075327872601	-0.998488602668774	0.338953818440474	0.569407320538052	-5.88496338206203
155	-0.228798401545038	3.48803980088783	-0.997245712847162	0.339530863186439	0.570130737924965	-5.88616687352188
1117	0.172591285428567	2.03385934060034	0.995921342551854	0.340146525356439	0.570918349024988	-5.88744788780367
3187	-0.292615895350309	1.39692739226998	-0.99417265770575	0.340960684963877	0.57172785667731	-5.8891371512246
392	0.321671172581448	2.88186384258215	0.994033678269953	0.341025452380995	0.57172785667731	-5.88927130182714
2698	0.284625099584401	1.19086389594979	0.993313598679613	0.341361168445115	0.57172785667731	-5.88996611170708
857	0.378067837001063	2.19428507123849	0.992958197386548	0.341526952542685	0.57172785667731	-5.89030888605514
1954	0.153668181906651	0.6576609451376	0.992634634538111	0.341677935901031	0.57172785667731	-5.8906208641032
1759	0.357031646858615	1.22050553725551	0.992442081937778	0.341767809307408	0.57172785667731	-5.89080648229411
2755	-0.587176007405513	1.80158673979788	-0.992394840458569	0.341789861767471	0.57172785667731	-5.89085201787062
3772	-0.180911809113286	1.78348196041468	-0.992365833615297	0.341803402759316	0.57172785667731	-5.89087997637223
2623	-0.133762504046876	1.53809544979868	-0.989878617166002	0.342965938234768	0.573081680375181	-5.89327476357825
1695	-0.295373651442682	0.467016447578335	-0.989838508416367	0.342984708748604	0.573081680375181	-5.89331334068597
129	-0.374613046217486	3.6964832372999	-0.989508240375295	0.34313929943453	0.573081680375181	-5.89363094704636
2260	0.223047828121387	1.24458607364825	0.98893984215513	0.343405471759227	0.573081680375181	-5.89417734684283
2812	0.451605899830989	3.0147030383664	0.98882404431083	0.34345971652868	0.573081680375181	-5.89428863084698
3178	0.230849583814437	2.72980267286603	0.988282167246687	0.343713638114748	0.573081680375181	-5.89480924059313
1452	0.155319832982258	0.757352827548408	0.988217334033507	0.343744027846071	0.573081680375181	-5.89487151328501
54	-0.325992823448132	3.96013402300749	-0.988118966567948	0.343790140050442	0.573081680375181	-5.89496598930566
1426	0.193356119858684	1.14423460530755	0.987625878127033	0.344021355241979	0.573086531661894	-5.89543945251892
2838	-0.309523121731066	3.20098604025158	-0.987222060256611	0.344210794427241	0.573086531661894	-5.89582705098454
1395	0.201004849742247	0.934175589654529	0.987171400334585	0.344234565371641	0.573086531661894	-5.89587566678425
2103	0.137816862052528	1.41536992867343	0.986488488441626	0.344555121549757	0.573375061245621	-5.89653081957747
2651	0.267139589093708	1.38705760359424	0.985077032488068	0.345218339637523	0.574003050188232	-5.89788370013388
2520	-0.22177095173981	1.28008633623549	-0.985057956183339	0.345227309589327	0.574003050188232	-5.89790197366881
405	0.712251417951675	4.73747684369635	0.983381701446294	0.346016168375428	0.575069124905641	-5.89950653127616
72	0.389832082428753	2.36586465064476	0.980615757662838	0.347320696712436	0.576583828830422	-5.90214916353172
688	-0.264900432144597	1.10944298056546	-0.980231650581459	0.347502137814999	0.576583828830422	-5.90251565293367
2247	0.169287524921166	1.45242809365719	0.980073750288986	0.347576745238019	0.576583828830422	-5.90266627596049
78	0.496723854805094	3.57846450692801	0.97999628484811	0.347613351666146	0.576583828830422	-5.9027401637553
2769	-0.597893107903797	1.25663917045705	-0.979880847282563	0.347667907060562	0.576583828830422	-5.90285026089172
326	0.411001247683488	3.83676086675709	0.978278543812794	0.348425789576386	0.577594731634928	-5.90437731428599
689	0.233994833846178	1.47200974486699	0.97554242899839	0.349722718157017	0.579497984895075	-5.90698008167635
2975	0.18332683293824	1.67972419935917	0.973538073147481	0.350674998653326	0.580828772758848	-5.9088828671635
4060	0.26186954779046	2.205007406216	0.9722796914229	0.351273817223209	0.581573233106792	-5.91007579967645
3437	-0.140140942331803	1.40928159369946	-0.971379414794588	0.351702678323804	0.581705305288549	-5.91092845613571
2853	0.198994019502685	1.86572724235545	0.971162876809037	0.351805885872807	0.581705305288549	-5.91113344121344
350	0.229723020775827	1.46333536328362	0.970813338983923	0.351972530562938	0.581705305288549	-5.91146424909547
252	0.336210338625494	2.51544687903174	0.970538401249774	0.352103649045913	0.581705305288549	-5.91172438392236
1932	0.328194001237965	1.03449610303797	0.97027946184428	0.352227170035368	0.581705305288549	-5.91196932509174
404	0.519236513633837	4.49124584775269	0.970231820099523	0.352249899812634	0.581705305288549	-5.9120143853383
2684	-0.380039559392561	1.64520048842517	-0.968039980834993	0.353296763399379	0.583093662992078	-5.91408544427558
65	-0.372223908521359	4.71702364073122	-0.967844789577083	0.353390098783077	0.583093662992078	-5.9142696883424
1357	0.160511489567881	1.46351021409733	0.967163290956334	0.35371611268455	0.583384389154442	-5.91491272010929
343	0.263212183771835	2.84324366172761	0.966515779900535	0.354026067877287	0.583648394713867	-5.91552332918462
3950	-0.19878339947883	1.6167521508073	-0.966179561368591	0.354187088300146	0.58366674644129	-5.91584025053338
826	0.317630398414294	2.18522929003283	0.96562658666604	0.354452031111561	0.583808572770455	-5.91636128526631
3029	0.346378137367537	1.02664266210529	0.965374198715613	0.354573003236293	0.583808572770455	-5.91659901165033
2005	-0.187042019931633	1.55091203835162	-0.964308612339014	0.355084076457645	0.584402955928178	-5.91760211903884
1483	0.327938606886143	0.713356934095661	0.962942613737378	0.355740005371012	0.585235141915809	-5.91888665776122
1805	0.200212841224115	0.66101951344901	0.962241222369463	0.356077138835269	0.585542389621849	-5.91954562543319
551	0.817211244609399	5.66670973638535	0.961861308134776	0.356259845476847	0.585595541699807	-5.91990239134074
2601	-0.348200032625904	2.94620346746442	-0.960900735818222	0.356722099282908	0.586107955530651	-5.92080390508753
2817	0.475534870038623	3.60586808636835	0.958884229006552	0.357693895194752	0.587361620250296	-5.92269395681211
2438	-0.194692747914531	2.57079200902498	-0.958209932381307	0.358019274924421	0.587361620250296	-5.9233252198683
2075	-0.215730081545208	1.90043048044991	-0.958139581007541	0.358053234956331	0.587361620250296	-5.92339105980164
3356	-0.143582289484012	1.81879998303609	-0.957868879366127	0.358183929611779	0.587361620250296	-5.9236443639815
2987	0.148716973130237	2.29886168580712	0.957754207227008	0.35823930356817	0.587361620250296	-5.92375164812551
2619	-0.218771210574919	1.15787261733767	-0.956534746886411	0.358828546793642	0.588080118356247	-5.92489187036933
2156	0.14136012940544	1.3955387629917	0.955957808556738	0.359107564708735	0.588289800999502	-5.92543089230562
402	0.510788458469379	3.69181066842383	0.95520178234659	0.359473427456342	0.588641516616904	-5.92613681602526
2199	-0.168598202845058	1.32499582244618	-0.954875868466909	0.359631228634875	0.588652376756706	-5.92644098556307
3665	-0.266634351625826	2.69664742304158	-0.952826821879265	0.360624470546567	0.590030121137954	-5.92835131111828
1212	-0.235192121035558	0.668771637856835	-0.952037874087107	0.361007421589102	0.59040860968835	-5.92908592041595
341	-0.23164824574362	3.42281275309834	-0.951664696981536	0.361188660772728	0.590457029827458	-5.92943321552911
401	0.481112137467457	3.76903669672611	0.951144638523805	0.361441343338844	0.590622153152102	-5.92991701253791
3263	-0.15697306128927	1.92887472370999	-0.95026476432156	0.361869137719659	0.591073163708201	-5.93073502659728
1031	0.199601397450234	1.70524634393807	0.949260961127575	0.362357626773711	0.591400992536324	-5.93166747309767
2888	0.172547757570313	2.00866212383622	0.94922816972779	0.362373592242339	0.591400992536324	-5.93169791938492
2396	-0.148195350891866	1.87191436304537	-0.947755443378059	0.363091149418136	0.592278996173997	-5.93306440251532
271	-0.289907748072221	2.16341714706753	-0.947499863048671	0.363215778855548	0.592278996173997	-5.93330136189121
1001	0.306726650323149	2.22927285347819	0.947046889598348	0.363436738496678	0.59239123470325	-5.93372119960449
3443	-0.270157515007434	0.653011498977704	-0.946012624290275	0.363941609654469	0.592727372714943	-5.93467916815045
2921	-0.245529900635779	1.38789517677663	-0.945975231708227	0.36395987198292	0.592727372714943	-5.93471378567711
3562	-0.200460370342757	1.01400678610399	-0.945097772609498	0.364388605154298	0.592727372714943	-5.93552579151243
2778	0.526751548824831	1.72921904266949	0.94506718354269	0.36440355767648	0.592727372714943	-5.9355540872755
648	0.190921312030879	0.856685032735961	0.944574157739424	0.36464461829316	0.592727372714943	-5.93601004298653
3198	0.235882193288327	2.6940807158184	0.944359850004579	0.364749437491619	0.592727372714943	-5.9362081741458
519	0.377358465493689	3.25905491725751	0.94415039144317	0.364851905613467	0.592727372714943	-5.93640178526494
2097	-0.288208615158523	1.49494649831968	-0.944132444516776	0.364860686286009	0.592727372714943	-5.93641837264676
3786	-0.370326644888202	2.4414378377282	-0.943502871202129	0.365168804894647	0.592980536388555	-5.93700008401148
2561	-0.291288801346582	0.951374579329941	-0.94098320229854	0.366403801735689	0.59464867297479	-5.93932489958639
3541	0.162649194355694	1.94664403340969	0.940784146919517	0.366501493358885	0.59464867297479	-5.93950833617875
2285	0.128508953091665	0.933077094354912	0.939904717570866	0.366933317313182	0.594965742636852	-5.94031836650165
3286	0.321487504696775	2.49828644882504	0.939510983654307	0.36712676830812	0.594965742636852	-5.94068082058652
3411	0.224642290608978	0.946525953315783	0.939003392055574	0.367376266966354	0.594965742636852	-5.94114789638518
2306	0.2925679530723	1.71154191481261	0.938808394768855	0.367472146744046	0.594965742636852	-5.9413272719489
3186	0.343122241546727	3.35248511492646	0.938776459988671	0.367487850700989	0.594965742636852	-5.94135664533267
2122	-0.231877407644115	1.09435030728927	-0.937841808228592	0.367947677114642	0.594965742636852	-5.9422159547183
3391	0.219822900525841	0.573280968774878	0.937435777305093	0.368147561542457	0.594965742636852	-5.94258902843864
3899	-0.247690655954536	1.86442004677964	-0.937222647785249	0.368252513551082	0.594965742636852	-5.94278480336196
3279	0.141375525672847	1.01121008597145	0.937043766682587	0.368340616853856	0.594965742636852	-5.94294908937546
3597	-0.265916067983459	0.475807300513107	-0.936988708478004	0.368367737363758	0.594965742636852	-5.94299964995186
3080	0.183557692677384	1.21623949658759	0.936937157908415	0.368393131367675	0.594965742636852	-5.94304698713406
256	0.362427170817423	3.79895026957384	0.936658545418275	0.368530398366741	0.594965742636852	-5.94330278938114
302	0.404579483117418	2.41256245968572	0.935416682210805	0.369142680547603	0.595707251575784	-5.94444219208887
2967	0.143725531324777	1.41900356979497	0.933675718678951	0.370002247220814	0.596847038391819	-5.94603734800689
1077	0.25699873421244	0.885836326998793	0.931494097883506	0.371081374687942	0.59833990601857	-5.94803267888142
1608	-0.284504110493048	0.829166077701048	-0.930411241066934	0.371617828305391	0.598956880555129	-5.94902159116823
2484	-0.274455254374806	0.751355369023744	-0.929801760284517	0.371920009120184	0.599195910431939	-5.94957776397087
4045	0.335994743845698	2.14099942813722	0.92923554846021	0.372200892362721	0.599400444524581	-5.95009417356185
349	0.319961909012499	1.46876398582527	0.928453749326184	0.372588968665446	0.599660441889135	-5.95080676662396
3300	0.183664542090504	2.26268133286585	0.928103684778238	0.372762829147288	0.599660441889135	-5.95112567689659
1369	0.172295480697334	1.83290561471616	0.927738634561092	0.372944193162918	0.599660441889135	-5.95145812976823
2119	0.173674452875219	1.07671696640082	0.927669951612659	0.372978323126729	0.599660441889135	-5.95152066715092
1164	-0.340532852469825	0.845713432423585	-0.927096569570708	0.373263334237645	0.599738516367045	-5.95204259016893
2477	-0.36400415457781	1.62918036969331	-0.92695261025107	0.373334916197667	0.599738516367045	-5.95217358634665
2818	0.547474393139247	3.74863609240818	0.925804948999047	0.373905921910789	0.600408107183758	-5.95321728213344
214	0.405477964463251	4.30193247293138	0.924820144695218	0.374396389633275	0.600947873549865	-5.95411199288617
3500	-0.221466550837576	1.08403128692978	-0.924191608579413	0.374709659492344	0.601202890013675	-5.95468260252513
2989	0.326662175952532	2.79706841321904	0.922466862254225	0.37557023983453	0.602335467016335	-5.95624668991488
3483	-0.164938572541681	1.59678238276324	-0.921695482956443	0.375955576577756	0.602550303286439	-5.95694540665015
2580	-0.246156118336704	1.25694699883288	-0.9215792347753	0.376013671542385	0.602550303286439	-5.9570506610798
2437	0.150023433534882	2.67141094742765	0.919039943695907	0.377284253032015	0.604337672277526	-5.95934697144871
311	-0.207314511480566	2.4665143574084	-0.918003237184652	0.377803852745028	0.604921135933035	-5.9602829168048
3204	-0.165769169869717	1.94079839410528	-0.917292516743145	0.378160357033861	0.605243086843344	-5.96092403673296
2074	0.256948661287533	1.37547515849964	0.916691045605873	0.378462244816932	0.605386337303406	-5.9614662735365
3099	-0.173192213475428	1.7014615804906	-0.916211517182138	0.378703048496808	0.605386337303406	-5.96189835835784
1385	-0.228675175902514	1.66284736466529	-0.916185213782535	0.378716260316152	0.605386337303406	-5.96192205374179
2691	-0.267121653532343	0.83377156409882	-0.915022508550161	0.379300592742155	0.60607160777101	-5.96296889231847
386	0.292427390626678	2.2262953298085	0.913284816000332	0.380175067430303	0.607219734443643	-5.96453129295375
640	-0.404765164700951	2.66720525381434	-0.912924786642317	0.380356424321829	0.607260318289956	-5.96485468511074
1913	0.384267440492922	1.17820923572036	0.910677492710092	0.381489815331071	0.608820221679996	-5.96687081555185
157	0.321131099730107	2.25987870993695	0.906790467585339	0.383455740091889	0.61170694466113	-5.97034792687867
1624	-0.184252285538528	0.558573151599721	-0.906114872769577	0.383798151438311	0.611994539956063	-5.97095097064721
3707	0.293364494783839	1.93585584659365	0.905774540983076	0.38397072219983	0.611994539956063	-5.97125460826589
321	0.390855457471253	2.78200115083612	0.90545844973137	0.384131049766902	0.611994539956063	-5.97153653101127
1607	-0.287881781021469	0.949283695659429	-0.904963024688771	0.384382432593743	0.611994539956063	-5.97197823170881
1422	-0.312465479849324	1.3883161408238	-0.904885381162946	0.384421839941584	0.611994539956063	-5.9720474366385
320	0.261925499895979	2.16362849470898	0.904080624766107	0.38483045309653	0.612180383326605	-5.97276442794333
2673	-0.210058822523765	1.31488196560537	-0.904036238167907	0.384852999071271	0.612180383326605	-5.97280395784688
599	-0.421304131558938	1.58638710184389	-0.903589147611136	0.385080147940173	0.612291586802382	-5.97320203543205
2750	0.17974360813372	1.22491765205349	0.902914660294153	0.385423004338466	0.612586603630199	-5.97380226014822
3918	0.195268691550398	1.59686130281454	0.900642827686466	0.386579385627438	0.614173858683494	-5.97582111766852
1398	0.192199735735091	1.92964195437728	0.900030479812753	0.386891487257967	0.614419025849317	-5.97636452877657
1918	0.321560114023547	1.01395086831914	0.898229243735327	0.387810554806158	0.615627517494978	-5.97796113793819
1885	0.346128475712349	1.38393978754693	0.894624276881366	0.389654503772434	0.618302623345501	-5.98114827618217
3765	-0.303090955908875	2.68050500207941	-0.893249533185747	0.390359283254827	0.619168655394825	-5.98236076651057
1275	-0.226109367631903	2.27282562724161	-0.892712498749608	0.390634839810454	0.619353447158758	-5.98283398009828
3254	0.156356787818744	1.05654680870478	0.890548261396076	0.391746688583985	0.620863494239331	-5.98473852706025
2211	0.32481611574177	1.79503664818773	0.889811295904555	0.392125792986105	0.621196388355009	-5.98538615033655
3512	-0.208812839089879	0.991625102145617	-0.889519846375674	0.392275788126596	0.621196388355009	-5.98564213949509
2261	0.241617923423876	1.29568370315821	0.889131353807724	0.392475788196337	0.621260454974202	-5.98598325174286
216	0.495097297942525	4.52481687697026	0.887308233212917	0.393415288824359	0.622494569151586	-5.98758230284864
3666	-0.180654869494974	2.57678931880539	-0.886748424328785	0.393704083265382	0.622642947064658	-5.98807273854105
1163	-0.395539916383018	1.75800998408644	-0.886506641476814	0.393828859429957	0.622642947064658	-5.9882844760563
3805	-0.315593877543845	2.5059987657325	-0.885883491484789	0.394150572100732	0.622658758585944	-5.98882995927765
2457	-0.177975045959669	0.84516081252619	-0.885714841629892	0.394237671787246	0.622658758585944	-5.98897753220154
2158	-0.211771817218475	1.36190307648052	-0.885321280828907	0.394440978870153	0.622658758585944	-5.98932181326147
3447	-0.121385308492417	1.41187241670378	-0.885248723295746	0.394478468780566	0.622658758585944	-5.98938527102546
3219	0.224944892834502	2.73390112076773	0.88424524878373	0.39499720758863	0.623222510000008	-5.99026243306852
3085	0.243646608734787	1.71756153468563	0.883938793411323	0.395155720901392	0.623222510000008	-5.99053014146927
2527	0.204111175957598	0.836586660057098	0.883386089274416	0.395441716338997	0.623265849860255	-5.99101276057897
291	-0.404737128522234	4.94524864666363	-0.883267078782496	0.39550331664219	0.623265849860255	-5.99111664583848
3549	-0.145195746522799	2.30608782976187	-0.882646396831144	0.395824690949172	0.62351996219906	-5.99165824764527
662	0.440965775320557	3.21175672941599	0.881874061220628	0.396224838315338	0.6238979055398	-5.99233172011996
3196	0.321823264432973	3.03929380639826	0.881082187618487	0.396635396603062	0.624239513629705	-5.99302169865173
3450	-0.120111970849819	1.3304752786694	-0.880837335614919	0.396762402730745	0.624239513629705	-5.99323493525173
2370	-0.18826705601032	1.21917644014671	-0.880351535476447	0.397014472629021	0.624367519754628	-5.99365785641776
2969	-0.131714492572514	0.791573449932618	-0.880062603737166	0.397164444384235	0.624367519754628	-5.99390929459543
2105	-0.196221160002115	0.919849760376741	-0.878814627554892	0.397812660227111	0.625113115667754	-5.99499450268772
4000	-0.210261513888982	2.35438066261467	-0.878531564620763	0.397959787812111	0.625113115667754	-5.99524046094284
2762	0.219460185007237	1.11597751413002	0.877239098517592	0.398632046515471	0.625916608520664	-5.99636263256744
1847	-0.225286174041132	1.60429582120099	-0.876773556048329	0.398874382512578	0.626044677752511	-5.99676648391429
2506	-0.225016260034723	0.950598407369094	-0.874713560524723	0.39994791391385	0.627476702973622	-5.99855126406889
3636	-0.313757089317906	1.95540438300443	-0.872758374941482	0.40096865121587	0.62882477963536	-6.00024186033894
3419	-0.221260583176574	1.18894871624255	-0.871830828307791	0.401453514196341	0.629304300240175	-6.00104273395773
1758	0.458974311737274	1.11349238316985	0.871555273806779	0.401597633820451	0.629304300240175	-6.00128051381156
77	0.56908457335112	3.13094297330952	0.86957893811337	0.402632325163669	0.630663019729147	-6.00298400407881
3445	-0.187319031931768	0.959208526885861	-0.869280683350955	0.402788631244578	0.630663019729147	-6.0032407904937
3398	0.140923908917931	0.54485598261724	0.868370956307698	0.403265646424349	0.631112049037117	-6.00402355819749
3671	0.220843883019301	1.9125993529178	0.868050955244409	0.403433530370303	0.631112049037117	-6.00429873092738
951	0.198921128168391	1.17994413043909	0.867796601347751	0.403567007427183	0.631112049037117	-6.0045173898439
3107	0.151748907106317	2.69384635186616	0.867498068158492	0.403723706767195	0.631112049037117	-6.00477395688801
3545	-0.154955283191188	2.06413297060899	-0.866543275676652	0.404225153077606	0.631186580132176	-6.00559401341419
534	0.200820212891423	2.04765937724403	0.866493024695238	0.404251556065154	0.631186580132176	-6.00563715140328
572	-0.19188147402845	1.69198892507839	-0.866481406442537	0.404257660721532	0.631186580132176	-6.00564712478982
2858	0.187077729934507	1.53540361710725	0.86614863015142	0.404432540226912	0.631206537732904	-6.00593273844543
2911	0.30873217693914	2.58997293065071	0.864914781837658	0.405081397241114	0.631965929830488	-6.00699088504557
111	0.344901479364958	3.46784469831192	0.864204364770998	0.405455312740936	0.632295950265601	-6.00759954095138
3539	0.138545755916468	1.755815147868	0.863392431709781	0.405882946506794	0.632600305575759	-6.00829463727483
506	-0.173911658159344	2.38718889481012	-0.863216991370443	0.40597538870925	0.632600305575759	-6.00844475694603
2574	-0.263689258061869	0.910639585187253	-0.861933143396087	0.406652302980435	0.63317754014556	-6.00954250147682
1676	0.112913063523587	1.32307993264384	0.861662707653842	0.406794988980029	0.63317754014556	-6.00977355366952
3172	0.143093545989933	2.20191506520708	0.861589457159325	0.406833642897841	0.63317754014556	-6.00983612580225
2472	-0.265713502898298	1.52387371888056	-0.860905762899341	0.407194545088161	0.633486040181103	-6.01041992801542
1638	-0.22989617182086	0.849129747182089	-0.860524809084205	0.407395733627136	0.633545921223669	-6.01074504650299
1796	0.249042393811399	0.782420521673141	0.859877550108986	0.407737717205322	0.633733543293154	-6.01129715038296
3211	0.26316302894498	3.12971149079053	0.859680488675079	0.407841874548702	0.633733543293154	-6.01146516928497
1224	0.172594142804986	1.02281506718773	0.857822341150198	0.408824889794313	0.63479105050767	-6.01304781204965
181	0.619261496627685	5.95702391751814	0.857508360294579	0.408991153285614	0.63479105050767	-6.01331494383566
3259	-0.476845149446138	2.67310450636771	-0.857469959510675	0.409011490940869	0.63479105050767	-6.01334760897334
319	-0.286363775915166	1.90636584710516	-0.856800271006564	0.409366278480011	0.634962494360184	-6.013917065338
2758	0.213038188731019	0.850213407754101	0.856645920205736	0.40944807995337	0.634962494360184	-6.01404825932423
3756	-0.124112815235997	1.27816128621596	-0.856302805939286	0.409629960225528	0.634991666050241	-6.01433982308688
1338	-0.406877636032447	1.46629184040733	-0.855385084526223	0.410116700509677	0.635403647483179	-6.01511916128898
1274	0.310690693975688	1.49928684861909	0.854759553878345	0.410448692868449	0.635403647483179	-6.01564994921404
611	-0.187572696276284	2.10574769163705	-0.854320769284893	0.41068168048957	0.635403647483179	-6.0160220728582
3701	-0.418678229938603	2.57482567086279	-0.854200563209685	0.410745523584664	0.635403647483179	-6.01612398783294
161	-0.206612183906321	2.35426245124073	-0.853978545688259	0.410863457758583	0.635403647483179	-6.01631218916868
3974	-0.211971946042007	1.24348363762327	-0.853957237544998	0.410874777699703	0.635403647483179	-6.01633024955008
2281	-0.132317379134147	1.55118228518667	-0.853334497705448	0.411205700970751	0.635662961325965	-6.01685789792101
2268	-0.215060974797611	1.06573788188946	-0.852624488697628	0.411583218438634	0.635994068492079	-6.0174590784997
182	0.52951531623988	6.17259648819578	0.852049882400191	0.411888912375484	0.636213972546662	-6.01794528979394
3223	0.333980278276487	1.54004083079911	0.851517734181869	0.412172154927208	0.636258518020089	-6.01839531857351
886	-0.270987967540584	1.49313743689015	-0.851381777626802	0.412244540566175	0.636258518020089	-6.01851025525003
3475	-0.126123642656056	1.171145018714	-0.850527953942234	0.412699327099782	0.636609631128464	-6.01923170404231
2974	0.32585681646749	2.27747556918723	0.850039353756059	0.412959730523832	0.636609631128464	-6.01964426746672
1018	0.243456739859661	2.00081342882125	0.84979318932053	0.413090967778496	0.636609631128464	-6.01985204469764
1005	0.23713309251927	0.498846906741528	0.849727538683881	0.4131259727431	0.636609631128464	-6.01990744878072
3958	0.220670631501694	2.3214719317732	0.848511307749001	0.413774829257482	0.637357272598352	-6.02093317551825
3888	-0.211747410437055	1.06303591345063	-0.847902099299876	0.41410009833542	0.637606082608987	-6.02144647653226
3222	-0.482378399829228	3.73142426645895	-0.845732083124722	0.41526011249126	0.639139477486549	-6.02327224079519
2537	-0.186664676643873	2.86919987246154	-0.844750054523064	0.415785787390584	0.639695715566548	-6.0240971309671
194	0.456697825404224	3.63825031283899	0.844428933621764	0.415957778685631	0.639707579068659	-6.0243666855034
1651	-0.164147880840122	0.616380033683757	-0.843050036455075	0.416696854264391	0.640591216149049	-6.02552313337247
413	-0.129486056185326	1.82588521319023	-0.84102943516854	0.417781467281051	0.641763600649431	-6.02721476460288
1654	-0.192803601881679	0.848495928551672	-0.840985876810803	0.417804869231775	0.641763600649431	-6.02725119204324
3554	0.148087419172034	2.08840554592096	0.840526555013866	0.418051695673426	0.641763600649431	-6.02763521757495
1958	-0.186743613212754	0.695147541452533	-0.840209776666474	0.418221980220426	0.641763600649431	-6.02789995926554
1121	-0.215942821329804	0.999259955397852	-0.840095320210381	0.418283517834683	0.641763600649431	-6.02799559257789
1147	-0.245542499780238	2.06841705353376	-0.839783972034254	0.41845094513084	0.641767617305825	-6.02825567948172
3265	0.187099316406811	2.6416120196651	0.838010030427663	0.419405736987512	0.642644944225004	-6.02973593681791
1123	-0.191741450441293	1.15048428547091	-0.837971416597386	0.419426536370554	0.642644944225004	-6.02976812733874
3866	-0.300041464907663	1.18907639727419	-0.837801460746571	0.419518091479189	0.642644944225004	-6.02990979597135
3217	-0.161569913059092	1.96114196767727	-0.835883316659563	0.420552320734522	0.643975909138903	-6.03150693396925
1815	-0.189811338684893	2.46640523136243	-0.834638960839316	0.42122416518028	0.644479938076776	-6.03254132075648
3226	0.305023462537004	1.61224450816156	0.834599564379941	0.421245447549558	0.644479938076776	-6.03257404741531
1702	-0.180817904129051	1.49316784895159	-0.834002846892427	0.421567888156187	0.644479938076776	-6.03306957460999
2129	0.165866103169503	0.72680858291065	0.833943832892918	0.421599785740961	0.644479938076776	-6.03311856416189
3281	0.257228089906086	1.37016669504558	0.83360145349375	0.421784876571875	0.644479938076776	-6.03340272484959
1959	-0.137866475362665	0.664437852611369	-0.833435676769408	0.421874515192014	0.644479938076776	-6.03354027572348
3977	0.138896036057353	1.62047331241716	0.831659951921677	0.422835479894976	0.645694650474916	-6.03501214640695
3438	-0.114911239948402	1.669395996886	-0.831120268898751	0.423127827521977	0.645887793167611	-6.03545893313953
1865	-0.185205696994463	1.36077758064143	-0.827085190113156	0.425317902223415	0.648976454254694	-6.03879134408857
3982	0.327208091883959	2.72148472512398	0.826426924450566	0.425675894863828	0.64926828617303	-6.03933362197333
2832	-0.579969601935925	3.66815526712935	-0.824930823698343	0.426490281222578	0.650255738089553	-6.04056468909513
742	-0.303473489140732	0.997524883456515	-0.824060454925046	0.426964532213856	0.650724026786988	-6.04127996611845
3607	0.314309954491037	2.00108065343046	0.823414735186013	0.427316601054839	0.651005807710306	-6.04181019356483
2290	-0.268251844073862	1.26092700788615	-0.822294299922133	0.427927957560261	0.651682231810581	-6.04272935831406
2025	0.15125618938777	0.594356645396958	0.821746192258709	0.428227238932529	0.651883060360934	-6.04317860322757
2811	0.362303427487496	2.41275108617324	0.819961455713687	0.429202712130409	0.652963895560345	-6.04463958991256
1810	0.203901765161488	1.20235855729873	0.819833659075064	0.42927261752298	0.652963895560345	-6.04474409657215
3753	-0.520382976015423	2.56822456188315	-0.816734514180794	0.430970168534131	0.654820444865913	-6.04727403284568
562	0.414548002009684	3.93238976743344	0.816510279104693	0.431093164487266	0.654820444865913	-6.04745675449955
3288	0.29520035539	1.08261125307878	0.816495137131975	0.431101470897211	0.654820444865913	-6.04746909158509
3973	-0.30352202626335	1.47810961728252	-0.816377878573147	0.431165798827992	0.654820444865913	-6.04756462240277
3134	0.204632227950916	2.53962755722845	0.815464581653261	0.4316670492646	0.655326116895264	-6.04830827171049
2859	0.152473632703776	1.43043061771183	0.813698690261463	0.432637323160868	0.656438102615078	-6.04974405260217
1953	-0.144675523370115	0.568168631350151	-0.813128028090657	0.43295118181624	0.656438102615078	-6.05020744730936
2055	-0.203442008744242	0.881000302118061	-0.812594866407592	0.433244550925397	0.656438102615078	-6.05064013017339
3851	-0.184722370638196	1.69023753072318	-0.812491218577168	0.433301597719335	0.656438102615078	-6.05072421549362
1437	0.147303393799803	0.850958937552104	0.812293353913573	0.433410514293763	0.656438102615078	-6.05088470874723
2478	0.104692421160719	0.97448823576059	0.812091339909139	0.433521733489649	0.656438102615078	-6.05104853189422
3242	0.200665830073642	2.44312325399348	0.811803563434385	0.433680201786652	0.656438102615078	-6.05128184169152
2410	0.155789402104564	1.01347342211498	0.811637436269116	0.433771699461308	0.656438102615078	-6.0514164930417
2366	0.226120706320347	1.22189847217399	0.811076641918526	0.434080661264117	0.656438102615078	-6.05187085424225
1738	-0.29320367657633	0.930301426263493	-0.811068244670456	0.434085288709252	0.656438102615078	-6.05187765566075
2264	0.120370301479996	1.36458886486299	0.810755523896682	0.434257641847875	0.656443811085258	-6.05213090189962
3997	-0.196841685723198	2.05769426358738	-0.810106121723932	0.434615697411037	0.656730122513999	-6.05265652138843
1109	-0.195762596905061	2.24458962672791	-0.809779962916525	0.434795602051178	0.656747119622687	-6.05292037006742
2215	-0.163401479575068	1.89615807763764	-0.80909539186043	0.435173360873768	0.657062841117662	-6.05347385256126
67	0.422363952024544	3.7991489755031	0.808063869021026	0.435742980728847	0.65741684773191	-6.05430706455021
2163	-0.270912515611978	1.74239385099752	-0.808059352078653	0.435745476116091	0.65741684773191	-6.05431071103349
1282	-0.384694292802929	1.48258056536812	-0.807091622249622	0.436280315071302	0.657968840777556	-6.05509153265822
2374	-0.619357103921196	1.67204294064907	-0.805286266248565	0.437279237626801	0.65922003535376	-6.0565459798834
1124	-0.234767106432218	1.26512122089857	-0.804273591756844	0.437840216152969	0.659810294775411	-6.05736055332473
167	0.364546622334734	2.86594311890672	0.803570198825349	0.438230142841811	0.660142427940431	-6.05792581138326
147	0.255688201464131	1.98871478534268	0.803180032686836	0.438446529777184	0.660212987993951	-6.05823916575317
2774	0.160922971506074	1.18574138199171	0.801977650206334	0.439113812745638	0.660962190503097	-6.05920398511399
2658	-0.505106732675946	1.9384878208973	-0.8008355303512	0.439748265931269	0.661651087845421	-6.06011925811681
2499	-0.211575870150159	1.08381430677251	-0.800542186350281	0.439911316495068	0.661651087845421	-6.06035415114362
1335	0.220982990420542	0.778053834526266	0.797843276258305	0.441413313032651	0.663653838204303	-6.0625116901081
1223	0.299132386494772	2.28719198807559	0.796808692102331	0.441989964238259	0.664183036649159	-6.06333702866561
3563	0.191033185115267	1.28718260938945	0.796492484062814	0.442166308452382	0.664183036649159	-6.0635890930715
38	0.281501249011704	3.30983318428976	0.79629405272516	0.442276993844702	0.664183036649159	-6.0637472265898
3006	-0.336975135417402	4.67394864292633	-0.795101519857475	0.442942570720219	0.664719489807664	-6.06469683833194
1914	0.259629801129273	1.49231373964764	0.795042329495498	0.442975623022827	0.664719489807664	-6.06474393848319
797	0.209603868352019	1.42852085124156	0.793779064966994	0.443681420809482	0.665362451094649	-6.06574842392187
2807	-0.320125585111788	2.39536790290525	-0.793342115701675	0.443925718427343	0.665362451094649	-6.06609553299949
3679	-0.287914649502107	2.33279069330472	-0.792778248283315	0.444241104843376	0.665362451094649	-6.0665432130791
3083	0.344585549055198	2.39235794921421	0.792628311699278	0.444324992936296	0.665362451094649	-6.06666220681735
335	-0.259564917124237	1.70122898907645	-0.792293365661484	0.444512429195279	0.665362451094649	-6.06692795658929
2532	0.224906424372383	0.969577391164733	0.792224616378604	0.444550907733349	0.665362451094649	-6.06698249061854
527	-0.255552374162994	1.42243200789416	-0.792136589123708	0.444600179185484	0.665362451094649	-6.06705231036325
1399	-0.204421822144719	1.77747983956483	-0.789617258439006	0.446011824329079	0.667218610809617	-6.06904761076948
3574	-0.212073525175221	0.420204627788498	-0.788195128129224	0.446809960800494	0.66811095549856	-6.07017142816634
2538	0.237498052996506	1.13730438641008	0.787943149967983	0.446951473824794	0.66811095549856	-6.07037036158226
1921	-0.204749669047259	0.832307105452384	-0.787099536524362	0.447425465142319	0.668562840086028	-6.0710359698524
3962	0.220707527450384	0.822873857311583	0.785970297414334	0.448060446149954	0.669023579147329	-6.07192593918708
3340	0.166765427922894	1.50137764792389	0.78594011605613	0.448077425376536	0.669023579147329	-6.07194970988372
3002	-0.247306667867521	3.37080742473331	-0.785563574045992	0.448289292804373	0.669083367642863	-6.07224620406243
2465	-0.139648248302447	1.05079994578644	-0.784948909248861	0.448635282849508	0.669343215101909	-6.07272992654526
2067	-0.307612701898835	1.39300343787782	-0.784503113179065	0.448886325833138	0.669461261123798	-6.07308054280747
3202	0.155344079270648	0.813204745751013	0.783825171554433	0.449268271643532	0.669774368215894	-6.07361339913456
1318	-0.155548010469542	1.60911115467983	-0.781822125884864	0.45039799263994	0.671031486342468	-6.07518536979569
3382	-0.116909147182949	1.51987577140257	-0.781623443876001	0.45051014930944	0.671031486342468	-6.07534109741482
3231	0.177424876300701	1.12441843880015	0.78119354144542	0.450752892261326	0.671031486342468	-6.07567793519682
2894	-0.294369190900716	2.72833407366745	-0.781108689405238	0.450800813629146	0.671031486342468	-6.07574439900422
412	-0.165198716602515	1.66929464309949	-0.78037447824552	0.451215606557952	0.671197206345006	-6.07631922999118
2246	0.143340909499685	1.5091302472264	0.780301447316178	0.451256878842122	0.671197206345006	-6.07637638115798
3302	0.269011576420424	1.44266489487912	0.779109330142559	0.451930928596463	0.67194312178489	-6.07730860897566
2135	0.118029280909639	1.48194425772455	0.778729081281774	0.452146065939852	0.672006404873963	-6.07760569275101
3047	-0.218079633824619	2.79677756762797	-0.777830103306582	0.452654951777267	0.672506059603464	-6.07830753691255
2486	-0.22926965114989	1.51229488792708	-0.776960003662026	0.453147840666597	0.672981575726823	-6.07898614407775
1374	-0.184040954392351	0.820244589638886	-0.775741407364744	0.45383872283361	0.673750662109828	-6.07993540679595
1191	-0.213425653909922	1.00215846234044	-0.774501884690892	0.45454216197868	0.674243934408657	-6.08089960116655
2134	0.12483243752701	1.43603088307346	0.774075340273614	0.454784390914636	0.674243934408657	-6.08123108006766
1769	0.171175764980477	2.15491164957533	0.774072313093707	0.454786110305603	0.674243934408657	-6.08123343198399
1373	0.125220133802317	1.45252342252013	0.773935910747438	0.45486358903224	0.674243934408657	-6.08133939892975
2870	0.309668705736266	2.60227139690942	0.770200872778135	0.456988434945136	0.677135831688113	-6.08423453143428
1208	-0.194207496166686	1.9481900637786	-0.768726501654117	0.457828941231719	0.678123201657023	-6.08537389842228
526	0.221433772660058	0.800195891414107	0.76786261968069	0.45832187933721	0.67842817869199	-6.08604058001641
729	0.114145256323759	1.21014256953981	0.767755034939206	0.458383291766468	0.67842817869199	-6.08612355900548
2891	0.167780637855582	1.16947749038628	0.76550794828064	0.45966719194015	0.680069926069508	-6.08785432649338
2205	-0.158441570846965	0.716688694993554	-0.764644865862094	0.46016093267624	0.680302631139393	-6.0885178846028
180	0.481935031828145	5.26248624193807	0.764622222540424	0.460173890709081	0.680302631139393	-6.08853528426652
3548	-0.148793525645995	2.13493224714668	-0.763988205563515	0.460536812166037	0.680580776688633	-6.0890222898753
2953	0.128961840794996	1.02891802836345	0.763299666087751	0.460931149320781	0.680905119671898	-6.08955076435265
2830	-0.489803791698583	3.92011315437307	-0.762812924997015	0.461210042905589	0.681058743676285	-6.08992409411515
2780	0.266652600977278	1.49821022347644	0.762335293018349	0.461483821365068	0.681204700680658	-6.09029022903854
397	-0.451377397702901	3.78455459147323	-0.761314595164125	0.462069230931211	0.681771720556807	-6.09107196674653
2305	-0.210734297830744	1.31680581851209	-0.760956791386427	0.462274556741204	0.681771720556807	-6.09134578045864
221	0.508997796885353	4.72920114897183	0.760750090922007	0.462393198251291	0.681771720556807	-6.0915039077432
1922	0.172278560010712	1.4780566680548	0.760109008945861	0.462761288046743	0.681978623600349	-6.09199409404536
205	0.362095376139485	2.84805341664523	0.759895715004051	0.462883796141685	0.681978623600349	-6.09215710114943
2819	0.516754641576813	3.94740303331482	0.759104334899456	0.463338515079936	0.681984874845255	-6.09276154326472
2899	0.24342794057708	1.45270041794784	0.759084391202622	0.463349978181071	0.681984874845255	-6.09277676858447
812	0.205958554583681	2.67403566255529	0.758973965491033	0.463413451166036	0.681984874845255	-6.09286106272653
376	0.185291860581218	0.922560017441183	0.757714501867263	0.464137783861389	0.682792795752266	-6.09382170091535
2714	-0.266956636820567	1.12091500534405	-0.757291474900592	0.464381232503165	0.68289294538041	-6.09414403650371
2529	-0.183963141147101	0.731609104141755	-0.755873566175513	0.465197816912015	0.683835522482214	-6.0952232637322
3983	0.186800548191317	1.96800645072107	0.755547077628641	0.46538597267672	0.683853953812508	-6.09547150918929
1633	-0.12367984994242	0.754966500645567	-0.754805430204917	0.465813563747027	0.684079787995985	-6.0960350614657
2735	-0.197816098737689	1.33524306716126	-0.754561731967842	0.465954120238785	0.684079787995985	-6.09622013047543
3059	-0.199002485980317	3.04400717030158	-0.753819863694501	0.466382168403704	0.684079787995985	-6.09678318757936
261	-0.174396143860661	2.06889549615395	-0.753631213019231	0.466491056923594	0.684079787995985	-6.09692628850443
1412	0.125339414099534	1.32348104613842	0.753432399112301	0.466605828991743	0.684079787995985	-6.09707706380207
457	-0.156157439900363	2.14638971162091	-0.753302891802212	0.466680601061939	0.684079787995985	-6.09717525948914
2687	-0.188326248232061	1.20326663423349	-0.753047080915513	0.466828317718774	0.684079787995985	-6.09736917699226
2958	0.134384795340947	1.40684573754176	0.75284494085651	0.466945063300804	0.684079787995985	-6.09752236730979
2180	-0.188936516616193	0.692094578963293	-0.752341542785051	0.467235879875301	0.684248407760219	-6.09790370256648
0	0.165782671660521	0.543081305593107	0.751860524473117	0.46751387419747	0.684398130122161	-6.09826786974238
3170	-0.133124017862066	1.67393158820945	-0.750712318104003	0.468177877057022	0.684648270577019	-6.09913629936536
3827	0.187657151831017	1.87645722236137	0.750364645468205	0.468379051775355	0.684648270577019	-6.09939902046394
806	0.1698442764624	1.27729228316289	0.750346038360654	0.468389819988599	0.684648270577019	-6.0994130779507
1358	-0.225807346053947	0.879620909696788	-0.750164421326852	0.468494932686192	0.684648270577019	-6.09955027131552
142	0.32160487920461	3.64268044143452	0.750045353666804	0.468563852359465	0.684648270577019	-6.09964019866907
3859	0.224609572020283	1.20878849475812	0.748544064611783	0.469433387676017	0.685661519733836	-6.10077296086526
2632	0.231399059586174	1.46067320691894	0.748106952285995	0.469686750470022	0.685774355579402	-6.10110238854976
2448	-0.165521907118291	2.85468848030786	-0.74749384871255	0.470042267629792	0.686036203204802	-6.10156415847644
2314	0.250973080457888	1.46337909093774	0.746724179737959	0.470488810839792	0.686430659202005	-6.10214336443874
1049	-0.176610676083101	2.12159882829101	-0.745275017299212	0.471330302280842	0.687400822877004	-6.10323245293462
2667	0.261641294916951	1.41616939487778	0.743606712101835	0.47230021250723	0.688183449086882	-6.1044838663768
27	-0.217312554392737	4.18855077110815	-0.743019086859835	0.472642140481505	0.688183449086882	-6.10492404660761
379	0.167068980606989	1.9143776201081	0.742500980486951	0.472943745301751	0.688183449086882	-6.10531189042564
3705	-0.220033307417128	2.30989694240846	-0.742418297235658	0.472991888777381	0.688183449086882	-6.10537376277959
700	0.152994282933678	1.4644941703392	0.742105527613016	0.473174030996454	0.688183449086882	-6.1056077537289
277	0.284544373421116	2.31925539673416	0.74201118594385	0.473228979732987	0.688183449086882	-6.10567831563952
3923	-0.152938447041323	1.96642146532902	-0.741933354333786	0.473274315290817	0.688183449086882	-6.10573652290864
3224	0.265268419838173	2.3624649914394	0.74192229173134	0.473280759284713	0.688183449086882	-6.10574479575553
2433	-0.129787135562453	1.25499088764739	-0.741450512534198	0.473555622947901	0.688253593392657	-6.10609749833611
3151	0.145193066708345	0.784786242291324	0.741232807948324	0.473682493654936	0.688253593392657	-6.10626018606883
2902	0.199847650922304	1.81217923779398	0.740531352859941	0.474091421986079	0.688590823280041	-6.10678408013576
1952	0.12355262260682	1.08232507873401	0.739309305665658	0.47480436752066	0.689167595385962	-6.10769571554249
2589	-0.158747014798756	0.76452803976034	-0.738951250096639	0.475013384837252	0.689167595385962	-6.10796256343628
2077	0.128590368005836	0.982774843894061	0.738820919302211	0.475089480561596	0.689167595385962	-6.10805966595716
1078	0.199722823297512	1.49029702031596	0.738637724847422	0.475196454445636	0.689167595385962	-6.10819612815991
3380	0.0953615085889259	1.33849903693838	0.738094207455373	0.47551392240801	0.689371263535663	-6.10860081593487
2151	-0.1385641591644	1.23111463471191	-0.737152675875271	0.476064183092526	0.689912143268439	-6.1093012155997
907	-0.214047625762983	1.20260429871892	-0.736556725006475	0.476412680602163	0.690160334175901	-6.10974412146641
2128	-0.131013551925658	0.561520302213603	-0.735237728521677	0.477184562571319	0.69102145282734	-6.11072323519824
1372	-0.102179615342941	1.25723004944538	-0.734046115955419	0.477882567905212	0.691774988633046	-6.11160642250072
148	0.266587593019144	2.30510452796238	0.732972444535553	0.478512030930047	0.692428780543145	-6.11240108338047
4070	0.0998044493964988	1.48547164182106	0.732378381788659	0.478860534330467	0.692528750528057	-6.11284031636219
3342	0.313988174498994	1.57442297725966	0.731826169303666	0.479184627863641	0.692528750528057	-6.11324831685923
1877	-0.131145123694831	0.535694194938897	-0.731660049145911	0.479282150431801	0.692528750528057	-6.11337099962295
37	0.260680691844657	3.81757372282339	0.731642426292137	0.47929249683439	0.692528750528057	-6.11338401293974
1869	0.193088012891412	2.13154829514908	0.728881478613999	0.480915164766316	0.694615597774493	-6.11541927884086
2992	-0.199758092765727	2.71675033492501	-0.728239452638321	0.481292984334505	0.694903552465169	-6.11589155535682
1083	-0.152070425272276	1.08418422525399	-0.72706826303824	0.481982679403491	0.695443974566617	-6.1167521132109
2647	-0.184703619995956	0.648233704071301	-0.726973884212927	0.482038284210224	0.695443974566617	-6.11682140541802
465	-0.219097289849014	2.00666611326134	-0.726694240628907	0.482203064029241	0.695443974566617	-6.11702666962887
1669	0.105647592901342	0.891415942787726	0.724798309027528	0.483321158837481	0.696798442248482	-6.11841643111731
3547	-0.146688555747984	1.98912016386339	-0.724132543941421	0.483714162444507	0.697106938770877	-6.11890366975056
1737	-0.201611980277208	0.751705031864326	-0.722312915116835	0.48478930165184	0.698397906264249	-6.12023328473307
3491	0.145303121049773	0.629056176028713	0.721900706012898	0.485033062461052	0.698490660215732	-6.12053406619081
3125	-0.302985562149628	1.10010964292801	-0.721086585349834	0.485514716361139	0.69859781111266	-6.12112765649242
501	0.14922354283438	1.79354732770343	0.721000053339404	0.485565928143574	0.69859781111266	-6.12119071275598
1673	-0.119427725802575	0.579997550497518	-0.720865310056563	0.485645679168456	0.69859781111266	-6.12128888708749
3297	0.170383936522654	0.859463896340511	0.718577465796009	0.487001024413253	0.700288769964995	-6.12295326880766
2071	-0.195933964923511	1.40187248486802	-0.718088996941706	0.487290699800482	0.700446653755289	-6.12330800088786
1732	-0.21042957492444	2.28138434231299	-0.717308906151764	0.48775353434674	0.700488029578428	-6.12387405708445
2325	-0.16576538200781	2.92640580564823	-0.717290583222681	0.487764408739834	0.700488029578428	-6.12388734599394
2873	0.342548673740989	3.60612471272108	0.71713095584655	0.487859151570801	0.700488029578428	-6.12400310446253
3458	-0.109294034032289	1.82834870118483	-0.715477167273706	0.488841380714564	0.701610035641156	-6.12520101711904
2956	0.25632324737049	2.28932932609853	0.715208718399313	0.489000933931715	0.701610035641156	-6.12539522897203
3495	-0.223256936590282	0.784904875985761	-0.714697337256992	0.489304962783236	0.701649216719386	-6.12576500876155
2742	0.222742621603505	1.13355380440411	0.714556664598869	0.489388616489433	0.701649216719386	-6.1258666869288
398	-0.413634157518548	3.67817399858052	-0.712259111549321	0.490756139806507	0.702500941053653	-6.12752477615697
411	-0.113846092754126	1.61984188576651	-0.711695484815801	0.491091971799551	0.702500941053653	-6.12793078866445
2741	-0.151020607797554	0.978221979992885	-0.711258512589074	0.491352434432661	0.702500941053653	-6.12824536304159
2093	-0.12527851198345	1.20376355881161	-0.71122740111381	0.491370982024492	0.702500941053653	-6.12826775333782
2578	0.322262940478117	1.48319768416091	0.711114199526821	0.491438472526815	0.702500941053653	-6.12834921468226
3383	-0.1610052572045	1.08590332072059	-0.711048706741375	0.491477521746206	0.702500941053653	-6.12839633874936
1977	-0.318747202543971	0.752325739880292	-0.710885596883677	0.491574782107411	0.702500941053653	-6.1285136840905
1985	-0.156815821680166	1.59346842048024	-0.71085507592414	0.491592982677736	0.702500941053653	-6.12853563891121
1134	-0.129158215259012	0.593806747678359	-0.710832687316914	0.491606333942271	0.702500941053653	-6.12855174329274
2724	-0.186211414459935	0.764155234729683	-0.710015893070582	0.492093573922614	0.702939243160183	-6.12913895646771
2259	-0.14946654756083	1.38529047243194	-0.707177489865428	0.493789047923761	0.705081293129129	-6.13117476380831
2016	-0.20814790519232	1.04618749685568	-0.706899559304087	0.493955256203457	0.705081293129129	-6.1313737058051
2196	-0.196331099606325	1.11451475869999	-0.704171537510737	0.495588476387997	0.707130657386412	-6.13332262661399
3343	0.249087427223332	1.60911344503814	0.703895097935956	0.495754158876452	0.707130657386412	-6.13351973322296
346	0.151906293753691	1.38792490359049	0.702059326463802	0.496855270832032	0.708251151782543	-6.13482687864341
2379	-0.164355066933836	0.952286086127058	-0.701979010550027	0.496903478857193	0.708251151782543	-6.13488399567976
1720	-0.127557825063668	1.35905327539888	-0.701431781377774	0.497232017708713	0.708327186118609	-6.13527300126716
515	-0.190509116884705	0.883703094695244	-0.701284224978028	0.497320628363707	0.708327186118609	-6.13537784635012
1778	-0.155925607934225	2.01829294427614	-0.700919922971475	0.497539440174856	0.708379736760837	-6.13563661203313
3498	-0.151258344997747	0.734963177475197	-0.698303725823123	0.499112526248135	0.710124319028447	-6.13749129870225
2973	-0.10158704913275	0.495755179601132	-0.698275529054753	0.499129496964781	0.710124319028447	-6.13751125353136
2572	0.162207540759574	1.45190680592232	0.697531226885486	0.499577594261959	0.710357881999225	-6.13803772897031
2508	0.22480280317877	1.32639809035752	0.697396866197444	0.499658510219794	0.710357881999225	-6.13813271305173
1802	-0.155779876697962	1.49736658355864	-0.696518479451821	0.500187695486225	0.710850688402686	-6.13875326155466
2701	-0.279656067448482	1.34326317282024	-0.695824979527072	0.50060573423591	0.710989127842913	-6.13924268851234
3245	-0.177207641661106	1.34766639090047	-0.695751102264744	0.500650279544239	0.710989127842913	-6.13929479995548
3228	-0.120233752426368	1.78711945779721	-0.695083118520045	0.501053157990654	0.711301858263072	-6.13976575145467
3740	-0.0881309840978884	1.25738949741253	-0.694293408691656	0.501529704557215	0.711612557310216	-6.1403219897108
3533	-0.151729297784056	2.14518107787373	-0.694114818943546	0.501637511509127	0.711612557310216	-6.14044770050581
312	-0.145888969218563	2.47431100177834	-0.693093662037947	0.502254207960902	0.712227926365533	-6.14116593235453
3521	-0.155115372509454	0.65891000782484	-0.692076668125546	0.502868843417545	0.7128399258347	-6.1418802733562
2076	0.142530197265102	1.63179512046162	0.691522048554658	0.503204226482191	0.712844919713479	-6.14226943557671
4001	-0.149522326475731	1.21257148966696	-0.691153393703199	0.503427229473141	0.712844919713479	-6.14252795296945
1471	-0.24945875366973	1.63072145741775	-0.690900635034415	0.503580160004997	0.712844919713479	-6.14270512572752
3061	-0.269822133136928	2.84654404228517	-0.690574384179617	0.503777597903173	0.712844919713479	-6.14293372547234
2725	0.232688611244678	0.853500440179661	0.690557729269083	0.503787678236131	0.712844919713479	-6.14294539269708
1227	-0.215251983439447	1.16723442756408	-0.689920511830595	0.504173443046479	0.713131633571735	-6.14339158737399
2825	-0.460667108240175	4.22940072470066	-0.689480423963154	0.504439971111024	0.713132782933444	-6.14369952679862
3902	-0.191644612834913	2.26114274357546	-0.689144309366296	0.504643587307189	0.713132782933444	-6.14393459243042
179	-0.269981165198207	4.87782647041494	-0.689012146038158	0.504723664551765	0.713132782933444	-6.1440269935939
2595	0.167168281984139	1.16952038121828	0.685280706410535	0.506987670669221	0.716071813415287	-6.14662909647491
3841	-0.290219383158719	2.56548473401474	-0.68229394059858	0.508804220999493	0.717993899348025	-6.14870255759506
4042	-0.175079313213437	1.84437770235225	-0.682146561745549	0.508893957148215	0.717993899348025	-6.14880465503526
3672	-0.178676744905867	1.90366544010874	-0.682133870231423	0.508901685208153	0.717993899348025	-6.1488134461979
3335	0.226412608195996	1.10358125364938	0.68044128707804	0.509932951828028	0.719128513244641	-6.14998451887369
835	0.236691592752349	2.21526806942528	0.680207927390681	0.510075232044607	0.719128513244641	-6.15014576720241
2308	0.223627668845944	1.22020396842465	0.67885578834209	0.510900100735841	0.719765933880211	-6.15107907594465
821	-0.199454108328817	1.26866907498374	-0.678646783830949	0.511027674073639	0.719765933880211	-6.15122318815865
3525	-0.151858458593064	0.862298907625454	-0.678492818971127	0.511121664109352	0.719765933880211	-6.15132932348656
1353	0.105678066157506	1.96793605826954	0.678163001113586	0.51132304066761	0.719765933880211	-6.15155660816134
3546	-0.143951329682353	2.05808757554721	-0.677952565322879	0.511451550859411	0.719765933880211	-6.1517015709511
3454	-0.105062756092639	1.51907660389932	-0.677082384498362	0.511983161699801	0.719828687960552	-6.1523005726705
3332	-0.134422339897756	2.03618196726798	-0.677070761589422	0.511990264585456	0.719828687960552	-6.15230856868164
2069	-0.308990780989765	1.71265007675679	-0.676723551523402	0.512202475382288	0.719828687960552	-6.15254737455148
1406	-0.11652984234229	1.55184807401811	-0.676271420455058	0.512478890883257	0.719828687960552	-6.15285817461528
1596	0.10208335573405	1.38483994499824	0.676136755833066	0.512561236734071	0.719828687960552	-6.15295070768267
2856	-0.141467820597476	1.71070865611124	-0.676064738377824	0.51260527779009	0.719828687960552	-6.15300018659572
953	0.176186019346487	1.24750398699377	0.675293437970835	0.513077094155603	0.720231508522681	-6.15352979719187
3726	-0.161665165412299	1.77636649594416	-0.674485935784556	0.513571331290972	0.720459626738318	-6.15408366950859
885	0.226645164801779	1.45627947529149	0.6744233708878	0.513609636318842	0.720459626738318	-6.15412655782254
1315	-0.192919979003462	1.65803712481282	-0.673510179516845	0.51416892538331	0.720984442003101	-6.15475213483159
2066	-0.160721394680191	0.790697398634009	-0.670735310680206	0.515870617696686	0.723110217894491	-6.15664825509417
1476	0.147272154382177	0.844429890346199	0.669456939946151	0.516655697430391	0.723950084848486	-6.15751936364236
2495	0.120793174089813	0.683048084228104	0.668590291613619	0.517188328360887	0.724435737639314	-6.1581090449345
3034	0.127072775869785	1.96033488273322	0.667684587274506	0.517745308044787	0.724955134673283	-6.15872454816563
3062	-0.195859680977336	2.8610243994093	-0.667290106822663	0.517988011433619	0.725034261870062	-6.1589923907642
1933	0.147943568798536	0.688388103916695	0.66595524635858	0.518809778147984	0.72534172335781	-6.15989764582593
399	0.333319791465309	3.63989221282832	0.665853781077341	0.518872273512111	0.72534172335781	-6.15996638762065
2707	0.137462152881352	0.854756624019993	0.665828285437359	0.518887977700101	0.72534172335781	-6.15998365916355
869	0.210682767616952	2.00510553577531	0.665723119185962	0.518952758416758	0.72534172335781	-6.16005489562005
2509	0.234018858188188	0.811256421758777	0.665333850312219	0.519192583105962	0.72541654776269	-6.16031848434223
2789	-0.133922741662455	0.894946781669304	-0.664724403932277	0.519568187653021	0.725680962238473	-6.1607308779775
1907	-0.0978905038146349	1.04694000998108	-0.662360963630709	0.521026293927513	0.727456575315071	-6.16232684683999
3234	-0.128448192695051	2.30580820198742	-0.661823191138291	0.521358402964359	0.727659362416923	-6.16268925765247
872	0.290035013699028	3.11391574536494	0.660303438588543	0.522297617320968	0.728278969107182	-6.16371196628508
2979	-0.179292085539409	0.640345806704721	-0.660090677326003	0.522429183692216	0.728278969107182	-6.1638549694778
641	-0.322176367544949	2.73907942250698	-0.659919724287646	0.522534910911198	0.728278969107182	-6.16396984127567
1461	-0.238570406242754	1.41892832912653	-0.659531377403712	0.522775133479977	0.728278969107182	-6.16423068862034
172	0.263121232159354	2.6087040057307	0.659503573415387	0.522792334870621	0.728278969107182	-6.16424935874217
467	0.260340826220403	2.4130122350601	0.659124695438125	0.523026766853515	0.728278969107182	-6.16450369935159
2927	0.196255363337186	1.62637413662209	0.658987738435651	0.523111524548739	0.728278969107182	-6.16459560529859
1830	0.248385910585824	1.25236341862647	0.658223354929909	0.5235847208805	0.728677234849416	-6.16510822608808
1735	0.190358657993502	1.91849192114894	0.657844745596696	0.523819193788301	0.728681968829614	-6.1653619304139
2441	-0.198951562506311	2.91093978706884	-0.657496850743905	0.524034699189118	0.728681968829614	-6.16559493418909
4096	-0.141616853254698	2.3880754403267	-0.657311542182707	0.524149510706664	0.728681968829614	-6.16571899874011
3696	-0.13958955885069	0.744824609317758	-0.655732133046358	0.525128659178838	0.728842002972832	-6.16677510524934
3348	-0.19888064688636	1.17140400409688	-0.655708795030533	0.525143135469672	0.728842002972832	-6.16679069311495
169	0.206454474341464	1.56963645894919	0.655671043957673	0.525166552498423	0.728842002972832	-6.16681590662543
2547	0.128254358988984	0.99723754821056	0.655658307744957	0.5251744529212	0.728842002972832	-6.16682441269369
299	-0.256221836149254	2.15342602463952	-0.655616354107969	0.525200477745702	0.728842002972832	-6.16685243097095
378	-0.153265397087422	1.96917539980331	-0.65515615727853	0.525485997898949	0.728978438125581	-6.16715965956308
2620	-0.160980715893446	1.88852383667353	-0.653504175167942	0.526511681587959	0.729577618774601	-6.1682608835056
268	0.180502588842156	2.68191939656191	0.653501462330945	0.526513366892019	0.729577618774601	-6.16826268978857
2964	0.209495341406037	1.47941749452905	0.653425875620013	0.52656032511666	0.729577618774601	-6.16831301475188
1199	0.104450238261191	1.32948380192196	0.652998680232959	0.526825765864231	0.729577618774601	-6.16859733643627
2535	-0.168285713311111	2.7892214234997	-0.652952096030442	0.526854715971797	0.729577618774601	-6.16862833034583
845	0.279558995938992	2.16868219450553	0.652315564955858	0.527250385585419	0.72979897450413	-6.16905162917723
447	0.207764052522072	2.2365252094727	0.652091996038863	0.527389397600057	0.72979897450413	-6.16920021384691
3392	-0.17466358052852	0.973799631931839	-0.651573324715504	0.527711982024007	0.729985953108876	-6.16954474307198
1848	0.169761419634298	0.95010659862364	0.649504034082985	0.529000102675643	0.731321620725503	-6.17091675072542
2567	-0.211457448187755	1.08082188342133	-0.64941886297114	0.529053160139636	0.731321620725503	-6.17097313539519
2031	-0.232022025769612	1.30554168669804	-0.648548761309504	0.529595367593355	0.731692519571821	-6.17154876463946
2043	-0.178919439795686	1.39299874735629	-0.648385274194274	0.529697281117864	0.731692519571821	-6.17165684231206
3622	-0.104710001337016	0.516584622205997	-0.647722903552425	0.530110301390836	0.732003373622665	-6.17209446245385
938	0.205068190929512	1.59503042671792	0.647153320004526	0.530465613165538	0.732234348694294	-6.17247044795824
3074	-0.326296140670417	3.44927592264694	-0.64610823287492	0.531117906257483	0.73287495640207	-6.17315951917871
703	0.16654049677734	1.31499110032539	0.645726494178909	0.531356284528679	0.732944162931164	-6.17341095871378
1233	-0.413699801228183	1.4553143557188	-0.645374618982111	0.531576069060081	0.732987681628879	-6.17364260609989
2637	-0.182208062463454	1.15127091119888	-0.644117519480902	0.532361693073513	0.73381112666487	-6.17446922708918
4066	-0.108628359248269	0.69859253720717	-0.643427741671098	0.532793053496811	0.734145842291784	-6.17492216394306
3711	-0.140058406068101	2.01863177103597	-0.641879857810343	0.533761772055603	0.735220495360636	-6.17593693080982
30	-0.206878575811045	2.01097604259297	-0.641465245257419	0.534021422523836	0.735318040773627	-6.17620835893277
3150	0.105750249484086	1.76885181893982	0.640325925754251	0.534735293060257	0.735662290182785	-6.17695338207617
251	0.183055144884148	2.46924290717845	0.640309789872432	0.534745407351845	0.735662290182785	-6.176963924817
804	0.155693038091128	1.93395864414855	0.639738388605614	0.535103643786481	0.735662290182785	-6.17733710371955
3381	-0.0901414511703322	1.36600051383173	-0.63968684879641	0.535135963111864	0.735662290182785	-6.17737074887229
2511	0.219004932443778	0.918878292742668	0.639314478911215	0.535369500209696	0.735662290182785	-6.17761375693211
3214	-0.113034313755009	1.15508907563062	-0.638957609218966	0.535593370955838	0.735662290182785	-6.17784652633854
3834	-0.190509405490656	1.85683480702336	-0.638956788052649	0.535593886150024	0.735662290182785	-6.1778470618078
3148	0.124202524152378	0.800370051087459	0.638152271388936	0.53609877085997	0.736096126138479	-6.17837136718571
453	-0.135851214724844	1.95651240283859	-0.636153982299375	0.53735400097314	0.737483726775941	-6.17967100288379
2749	0.156204982121728	1.42485786131483	0.635707836642321	0.53763447767629	0.737483726775941	-6.17996064755458
2254	0.127342381707915	1.30208475892395	0.635635739460559	0.537679810587349	0.737483726775941	-6.1800074364451
1779	-0.119115024702837	1.90277124626026	-0.635338199534895	0.537866919374338	0.737483726775941	-6.18020047870412
2849	0.195076053023173	2.21234123260556	0.634231738508522	0.538563046497953	0.738178283373118	-6.18091760770827
2984	-0.136344389378282	2.30982812129501	-0.633294484890751	0.539153119071674	0.738727039291027	-6.18152415982381
55	0.237986965927185	3.71557692120182	0.632385634230989	0.53972566154213	0.739251398538534	-6.18211153445061
3743	0.388340645675412	3.27877342581269	0.63187112724097	0.540049935432287	0.739326637444579	-6.18244370387409
1230	0.174563033289928	0.928948728133815	0.63148372370377	0.540294174086764	0.739326637444579	-6.18269364849437
1620	-0.128187878822705	1.21192072807328	-0.631128310111117	0.540518299935723	0.739326637444579	-6.1829228285056
3165	0.244860625486729	3.283501197376	0.631093831110707	0.540540045404396	0.739326637444579	-6.18294505508556
3820	0.160045123235832	1.22099397489629	0.630486525083077	0.540923147167333	0.739422478594321	-6.18333636437459
2299	-0.167097152778493	1.27119330890808	-0.630380743061362	0.540989892530873	0.739422478594321	-6.18340448773524
1126	0.196374478068637	1.41869882631226	0.62951415302764	0.541536861699908	0.739851506204783	-6.1839621692408
3904	-0.124172956217476	1.29341393067537	-0.628394099877901	0.542244275209364	0.739851506204783	-6.18468190587503
25	0.232006873287605	4.71205949370723	0.628056962118126	0.542457310385169	0.739851506204783	-6.18489831421645
3972	0.202492770938168	0.974559454498795	0.627528622398244	0.542791260288905	0.739851506204783	-6.18523723747532
2459	-0.299276873570758	1.17037254911602	-0.627361098923698	0.542897171879227	0.739851506204783	-6.18534464623902
445	0.204831125209718	2.36426813352801	0.627264791400238	0.542958064664583	0.739851506204783	-6.18540638235031
340	-0.154697413245164	2.38086468701651	-0.627252106225563	0.542966085464697	0.739851506204783	-6.18541451328345
3338	0.146332449939585	0.700861711979884	0.626997917577422	0.543126822378369	0.739851506204783	-6.18557741065932
2123	-0.112962007794946	0.927194078366423	-0.626928052311216	0.543171006599807	0.739851506204783	-6.18562217320741
981	0.205645255503201	1.58796916869729	0.626876257831897	0.543203763800584	0.739851506204783	-6.18565535483847
4105	-0.178824959301575	0.991882843447957	-0.625752025740858	0.543915055285776	0.740561267581403	-6.18637495432524
3282	0.215794572368743	1.23790574383882	0.62459650630574	0.544646690808136	0.74124568461153	-6.18711332684133
162	-0.143397184416391	3.5185476917824	-0.624356939123946	0.544798446162865	0.74124568461153	-6.18726625029154
3041	-0.172704768441451	2.62164578014547	-0.622820696565144	0.545772156272586	0.74231113395929	-6.18824558458952
2860	-0.0832104866460596	1.45247356257219	-0.622094506385532	0.546232775842967	0.74267822246247	-6.1887077387952
1866	-0.127596673053779	1.23734428091524	-0.621695187674646	0.546486155484297	0.742763382009023	-6.18896165484992
3686	-0.163383339864819	2.255415120146	-0.621246991190549	0.546770628398912	0.742890728187495	-6.18924646998623
1266	-0.171010372612397	2.2445957144138	-0.620552232340853	0.547211760679638	0.743230762499654	-6.18968758954499
3963	-0.0799279308652682	1.32460178482266	-0.6202270293667	0.547418314847029	0.743252063463853	-6.18989391085697
2948	0.170467131357734	1.45291510832575	0.619219741859856	0.54805837642523	0.743861735029573	-6.19053233304914
2659	-0.0951506949052112	2.15432423345404	-0.618548057974098	0.548485418781272	0.744181958443997	-6.19095751080269
3531	0.212557609987582	3.01941635626504	0.618115491896722	0.548760534027426	0.744295896726853	-6.19123109850609
2188	-0.147661372584112	1.43666429658308	-0.616943534762596	0.549506296647326	0.745047882710546	-6.19197143628914
2874	0.403195261679702	3.77077816895916	0.616315920641061	0.549905905892366	0.74508197006981	-6.1923673678544
2164	0.210503883061276	1.20040859078464	0.616095503888636	0.550046286450087	0.74508197006981	-6.19250632896757
3309	-0.169879652156975	1.50540660273691	-0.616002601640882	0.550105460696123	0.74508197006981	-6.19256488503034
3550	-0.116919028710872	2.32735695685043	-0.614782576540266	0.550882888626983	0.74587551054015	-6.19333309917208
2072	-0.211562104754119	1.27297670735686	-0.614340451456161	0.551164772565371	0.745911609023598	-6.19361114149723
333	0.220243501467223	1.54679984420059	0.614139909131919	0.551292658133004	0.745911609023598	-6.19373719640953
3645	-0.171567397288272	2.30480737720696	-0.613144988942714	0.551927362676763	0.746341695953142	-6.19436200533658
1097	-0.182580134110222	0.812848519353725	-0.613040791831262	0.551993858332062	0.746341695953142	-6.19442738630634
2848	0.123179184527264	1.87475496022451	0.611145949562737	0.553203873379687	0.746989934995163	-6.19561454007971
1971	-0.105088065590734	1.65648669704485	-0.611137226494307	0.553209447205587	0.746989934995163	-6.1956199973059
614	0.197211788551357	3.86147030360991	0.611133761395232	0.553211661327249	0.746989934995163	-6.19562216508131
4013	0.0996604489234596	1.69099251143195	0.610579918250908	0.553565618337535	0.746989934995163	-6.19596850326878
2925	0.142608520436658	2.00339874453368	0.610558237690597	0.553579476787671	0.746989934995163	-6.19598205494199
1775	0.183094362108251	2.11364869830771	0.610488145877276	0.553624281560359	0.746989934995163	-6.19602586352635
2116	0.190755702972807	1.39498693365356	0.609003983147899	0.554573476649065	0.748011471448376	-6.19695238730699
3598	0.121947056809892	1.14489979066832	0.607848387995552	0.555313163068197	0.748571273137184	-6.19767233546052
2219	-0.131630449879054	0.951655885344495	-0.607754965161541	0.555372986156478	0.748571273137184	-6.19773048304019
2408	-0.144669250727142	0.892368989807418	-0.6072267239838	0.555711311479323	0.748759905170743	-6.19805910998106
1744	0.202757371471734	1.26596132375301	0.606936088052128	0.555897505354036	0.748759905170743	-6.19823980511503
2604	-0.19702326932226	2.63938764421333	-0.605595752339341	0.556756629960362	0.749402879028963	-6.19907207627407
3578	0.104243952938672	1.14111817114195	0.605590861758785	0.556759766058241	0.749402879028963	-6.19907510989156
2533	-0.381968389453433	1.47294730364986	-0.60398316611005	0.55779123566838	0.750531814683024	-6.20007111826069
2828	-0.364699597491911	3.80880310009523	-0.603097558409136	0.558359877651329	0.750606506796011	-6.20061871659679
504	0.12017397151692	1.71014177405546	0.60282521198087	0.558534813650143	0.750606506796011	-6.20078696554921
652	-0.112473329074601	1.83518937223834	-0.602709081339436	0.558609416937163	0.750606506796011	-6.20085868658558
3316	0.137871415247721	1.36663324848741	0.602537535049422	0.558719629772139	0.750606506796011	-6.20096460806948
3802	0.15264042215859	2.10239619518001	0.602106906499499	0.558996347348976	0.750606506796011	-6.20123037589596
3174	0.186180324386547	2.71988879971411	0.602096080488976	0.55900330500987	0.750606506796011	-6.20123705501274
2718	0.161730658392454	0.725469016374843	0.600327288465242	0.560140714324265	0.751788136654699	-6.2023268029862
1084	0.133765665232671	1.00185022259554	0.600127241936044	0.560269433120683	0.751788136654699	-6.20244986215525
3077	0.195592075753089	2.35203216153711	0.599556542529694	0.560636735977756	0.752021856664617	-6.20280071836968
969	-0.097865843134464	1.62630628600599	-0.598909703259357	0.561053202872136	0.75232134021491	-6.20319800607428
1105	-0.157383250175085	2.13656520348999	-0.598402062483708	0.561380166180974	0.752500642722448	-6.20350951693489
962	-0.111645695543437	0.998237590683811	-0.597176958181201	0.562169667870999	0.753126469618648	-6.2042602758797
3181	0.129027388935764	2.78838937673151	0.596967142712927	0.562304941750138	0.753126469618648	-6.20438870877716
393	0.22239346296311	2.8428578424519	0.596557753427133	0.562568937908733	0.753126469618648	-6.20463918364926
3476	-0.0944291496560923	1.21915597997823	-0.596477538355281	0.562620672860978	0.753126469618648	-6.20468824242167
664	-0.20272153017677	1.26258740983263	-0.595542974344502	0.563223615195286	0.753674487137609	-6.20525935717632
2843	0.143301562101294	2.5302612275548	0.59515067421187	0.5634768167237	0.753754285236032	-6.20549884277414
2791	0.183112656782219	1.38889678781127	0.594261951627572	0.564050654024356	0.754262790786691	-6.20604082980042
824	0.171845595150003	2.16098819253182	0.591692856883935	0.565711285584475	0.75622373706349	-6.20760331920165
1864	-0.119566966650612	1.40173989218626	-0.591089287681579	0.56610181255308	0.756486087193443	-6.20796948077633
1138	-0.128836854896593	1.22880734021013	-0.590287612687714	0.566620747267392	0.75691979068927	-6.2084552831181
510	0.109218621239385	2.15391455869655	0.587738326757959	0.568272656256158	0.758866160309149	-6.20999599689873
1694	-0.172638998335342	0.741669977381363	-0.587059171375761	0.568713183029595	0.759194081150923	-6.21040540236987
1321	0.134337714293979	2.4854303422534	0.585597807789881	0.569661709746132	0.760168809760319	-6.21128482765084
3848	-0.154173571528783	1.8268859519768	-0.585199625214994	0.569920306743734	0.760168809760319	-6.21152409063378
3106	-0.154017617923839	2.70018109046829	-0.585032291327238	0.570028999614826	0.760168809760319	-6.21162459386963
1639	-0.0881707731617691	0.698935772691022	-0.583359844966062	0.571115965990078	0.761337539935712	-6.21262760623662
1955	0.1119466558258	0.801322738247521	0.583082346017426	0.571296428272252	0.761337539935712	-6.21279376901388
1902	0.129867475358272	0.490827341464613	0.581890843723795	0.572071633061106	0.762109797858346	-6.21350638055341
743	0.145629073552999	1.30755790374279	0.580489219882761	0.572984272621814	0.763064554579119	-6.21434290682982
3073	-0.333593888664551	3.88752102588372	-0.57949340050819	0.573633157834644	0.763667527045506	-6.21493608542123
1154	-0.11080627557292	0.400048417486506	-0.578959727988357	0.573981066821873	0.763869540056177	-6.21525358325828
2185	0.162960013376541	1.34369075558704	0.577506577115969	0.574928973222275	0.7648696350282	-6.21611671143895
2962	0.198249507995583	1.47133845101809	0.574187505503535	0.577097194218109	0.767107708667973	-6.21808048340446
2951	0.124597863773941	1.37506299784944	0.574054489394089	0.577184179769581	0.767107708667973	-6.2181589620182
2320	-0.16426068789768	1.39314915175412	-0.573921268243192	0.57727130644912	0.767107708667973	-6.21823754444304
1445	0.126512897422934	2.16134547957634	0.573591119955723	0.577487253910979	0.767107708667973	-6.21843221316406
3887	-0.221923771685684	1.4136461939112	-0.573424506211569	0.577596251107986	0.767107708667973	-6.21853041528152
3160	-0.136860818895322	2.74805202051094	-0.571984642125507	0.578538655836188	0.76793771594229	-6.21937795136903
1844	-0.0995350899059078	1.41483186435144	-0.571703725962073	0.578722613937834	0.76793771594229	-6.21954307086187
2313	0.22556046566658	1.33699640198936	0.571565963301373	0.578812839314489	0.76793771594229	-6.2196240183403
3038	0.144821591002223	2.64238566935823	0.570873146983084	0.579266701833072	0.768278112036097	-6.22003082918315
1992	0.111726234778603	1.22512357859399	0.570456101125813	0.579539999299474	0.768283788480051	-6.22027548777068
3082	-0.222422961541956	2.3523875731474	-0.570264502171959	0.579665580522442	0.768283788480051	-6.22038783218186
2872	0.34486388416548	3.65014100027979	0.569626546501097	0.580083825508174	0.768576528250708	-6.220761642319
2463	-0.111442388950484	0.980984896002349	-0.567556928747389	0.581441777778615	0.770113701588411	-6.22197161934013
2733	0.0794942036471315	0.978013482281707	0.566639593307635	0.582044215790108	0.770649498907405	-6.22250660010002
2913	0.145653469508538	2.16811852805616	0.56603866430897	0.58243904122324	0.770702603815988	-6.22285661335623
108	-0.257300286042971	3.60469689031083	-0.565976085672443	0.582480165133655	0.770702603815988	-6.22289304236856
3175	0.119020119889646	2.38066638728193	0.565549293236851	0.582760675343354	0.770811844357004	-6.22314139048691
1900	0.256839904764608	1.33081005273715	0.563672224345765	0.583995233210178	0.771895770292902	-6.22423154801808
964	-0.161395395923546	1.02094319413008	-0.563437283146767	0.584149852739489	0.771895770292902	-6.2243677555255
1019	0.187793001814278	2.05478536325538	0.563395441661392	0.584177391736425	0.771895770292902	-6.22439200756657
1872	0.105706918676931	1.19984093098214	0.563098168637759	0.584373069035305	0.771895770292902	-6.22456426315882
3427	-0.141227544501	1.76638894746479	-0.561331210513464	0.585536868759607	0.773170758545238	-6.22558636033751
1466	-0.0998473494508409	1.5816659614618	-0.55786996579992	0.58782014564951	0.775562331521407	-6.22757972586532
3393	-0.138375352197321	1.08109783254625	-0.557758916969623	0.587893478655236	0.775562331521407	-6.22764348715977
3771	-0.111555505184574	1.77789143252969	-0.557568313168992	0.588019358371618	0.775562331521407	-6.22775289884901
2660	0.0810885311076972	1.20119560266639	0.556999393019911	0.588395172337299	0.775562331521407	-6.22807926410875
1354	-0.0909298645223773	1.59733726871023	-0.556969811654611	0.588414716475618	0.775562331521407	-6.2280962250671
3230	0.157523486626806	2.50448268088458	0.556775562498355	0.588543063596754	0.775562331521407	-6.22820757984073
2184	-0.16861200069275	1.33760445090417	-0.555595697018291	0.589322957288521	0.776327332774527	-6.22888315777808
2224	-0.144984655119893	1.46059710565486	-0.554688728350763	0.589922834001014	0.776630633688259	-6.22940155703649
536	0.119579341446251	2.09854656728976	0.55464451715988	0.58995208383407	0.776630633688259	-6.22942680651458
3267	-0.116838640392859	1.44736214509468	-0.553024933502522	0.591024113330327	0.7776750294343	-6.23035045601732
2101	0.111236018933735	1.15703938247681	0.552842609260985	0.591144860586936	0.7776750294343	-6.23045427567086
850	0.18024042003297	1.55618653351968	0.552299279118258	0.591504766487309	0.777885701013705	-6.23076346843909
3507	-0.0859491869660809	1.4106760195156	-0.551298945290041	0.592167694391088	0.777957637908727	-6.23133197600374
2245	0.101226268346508	1.72427058628846	0.551261428849554	0.592192564331079	0.777957637908727	-6.23135327829679
3200	0.0898187519950369	0.866070624529579	0.550723777280407	0.592549037619237	0.777957637908727	-6.23165841274041
332	0.14211193587495	3.1244082376935	0.550452070025505	0.592729227304857	0.777957637908727	-6.23181250812505
2524	-0.175909591037174	1.16481351083708	-0.550259168143592	0.592857172514922	0.777957637908727	-6.23192186634517
2727	0.193867757289889	1.28616982816253	0.549749951762248	0.593194987457946	0.777957637908727	-6.23221037250727
2937	-0.0811259576775173	0.942413511790433	-0.54970411491721	0.5932254006127	0.777957637908727	-6.23223632983643
1938	0.156673697261236	1.20526820947869	0.5495465963908	0.593329921750261	0.777957637908727	-6.23232551670118
300	-0.224226738996614	2.18170992402317	-0.549443737268841	0.593398178914712	0.777957637908727	-6.23238374239837
3156	0.0953298004319528	1.95415560088538	0.548925109563087	0.593742401799565	0.777957637908727	-6.23267716602323
619	-0.157027338911885	2.45082243574908	-0.548902986210725	0.593757087792691	0.777957637908727	-6.23268967690363
2670	-0.0808998527508769	1.36244187634464	-0.54850900286629	0.594018654714562	0.778038560867308	-6.23291239676683
297	-0.168876472618423	2.05539301721626	-0.54719068063694	0.594894329154917	0.778869294530181	-6.23365654703658
13	-0.194634671803777	4.09652113626756	-0.546951999827948	0.595052940736335	0.778869294530181	-6.23379109336191
3285	0.195084879716722	2.62159101973558	0.5456457927546	0.595921348888602	0.779080232411034	-6.23452642837998
2364	-0.232083871137954	1.29494418194061	-0.545512911736872	0.596009729247251	0.779080232411034	-6.23460114101391
2836	-0.201915058921123	3.16734498611602	-0.545006862984655	0.596346369022228	0.779080232411034	-6.23488551018163
3543	0.0942491050163946	2.21020561355278	0.544923301553784	0.596401966227884	0.779080232411034	-6.2349324426643
1197	0.111606458387515	0.474076738446032	0.544914908782696	0.596407550467115	0.779080232411034	-6.23493715610803
246	0.125784385797739	1.95813409835959	0.54490442173032	0.596414528201667	0.779080232411034	-6.23494304561933
3276	-0.153199697401074	0.843843510190871	-0.543725316175863	0.597199335249976	0.779843799954194	-6.23560454454349
1755	0.112644505261538	0.551470594899916	0.542128699303122	0.598262886661109	0.780969723608437	-6.23649811036838
485	0.200314485097609	2.10779413667485	0.541828938613404	0.598462674691211	0.780969723608437	-6.23666559734687
535	0.133581484230877	2.08687789693999	0.537815810806072	0.601140702468588	0.784121162005856	-6.23889941484123
3311	-0.125541840078153	1.07048046910475	-0.537270742917037	0.60150490984341	0.784121162005856	-6.23920159966418
3657	0.0683730546318201	1.20275358478744	0.537005554842917	0.601682146062818	0.784121162005856	-6.23934851441111
2222	-0.0913001853457487	0.762801426816691	-0.536746300838062	0.60185544219684	0.784121162005856	-6.23949207514431
2223	-0.126229210393171	1.35135852874953	-0.535954312769379	0.602384998397828	0.784121162005856	-6.23993022752832
209	0.245480622236851	3.80388942839138	0.535943405540299	0.60239229309198	0.784121162005856	-6.23993625746006
1685	0.148714581390343	0.842042109972308	0.535820149997238	0.602474728859591	0.784121162005856	-6.24000438972581
1120	-0.0784607902966259	1.39055654327016	-0.535799446324045	0.602488576456477	0.784121162005856	-6.24001583268666
2861	-0.0692307964082658	1.38833783427744	-0.53488245658056	0.603102066111852	0.78465734896076	-6.24052223380823
1890	-0.180916474131351	0.988937541640758	-0.53438535042197	0.603434776467954	0.784827995847098	-6.24079641302538
4092	-0.186179603610916	0.987241713016267	-0.532850978561098	0.604462314572131	0.785624627994998	-6.24164117031504
1641	-0.0844049023161961	0.62643066590082	-0.532799612599637	0.604496728775332	0.785624627994998	-6.24166941024447
1173	-0.175021920240221	1.45267434654848	-0.53236608166514	0.604787225972778	0.785624627994998	-6.24190765348031
3614	-0.131369626087544	0.952352188517619	-0.532236942574147	0.604873772304128	0.785624627994998	-6.24197858516813
3163	0.147559862927624	2.84936335730107	0.531964989625109	0.605056050168721	0.785624627994998	-6.24212790617926
228	0.322515688834205	4.20120435165116	0.531522568352701	0.6053526451398	0.78574773339146	-6.24237067123654
2049	-0.095970414101169	0.871161518408807	-0.530304096335026	0.606169879906673	0.786546322011525	-6.24303827838549
2375	-0.115632294162131	0.905862242242543	-0.529553777668446	0.606673401243738	0.786645264860861	-6.24344865770565
2323	-0.104698484091809	2.79474024138553	-0.529501958289856	0.606708183867497	0.786645264860861	-6.24347697941762
3327	0.117383995549841	2.13156088516853	0.529287453061423	0.606852176590145	0.786645264860861	-6.24359418853508
2070	-0.179843382445046	1.54021172303134	-0.528622792483877	0.607298459118359	0.786961796940729	-6.24395708322524
1024	0.208301483554424	2.14877241797991	0.527982025251413	0.607728856319662	0.787257540422077	-6.24430652222822
296	0.156239635178596	2.08513725861047	0.527630261428563	0.607965198490684	0.787301790130603	-6.2444981834847
71	0.194825326160891	2.26410633333258	0.52717867916513	0.608268674734431	0.787432918688788	-6.24474405360554
2606	0.162898389866429	1.15459900952611	0.525036744866985	0.609709160900032	0.789035384694159	-6.24590753264591
2497	-0.0816213031744013	1.03992490194898	-0.52343635974962	0.610786570797075	0.789810819658116	-6.24677390667796
227	0.353836653634088	4.64370791819645	0.523354434198157	0.610841750482347	0.789810819658116	-6.24681818966779
4046	0.232422527888152	2.06087996460731	0.523242949135917	0.610916843556817	0.789810819658116	-6.2468784397855
3939	0.0725637175198954	1.24910539233785	0.521071950223418	0.612380092132969	0.791297342334009	-6.24804928280063
1371	-0.0814137460996087	1.65183346791415	-0.52085696093522	0.612525090335717	0.791297342334009	-6.24816497673455
3068	0.261639459780882	3.46237808386623	0.520583183200877	0.612709763029574	0.791297342334009	-6.24831224119347
307	0.26822719545967	3.20088298371981	0.520121478120129	0.613021262695573	0.791297342334009	-6.24856042442831
4085	0.157710413776968	1.19986604181722	0.520030411335211	0.61308271233223	0.791297342334009	-6.24860935138007
3842	-0.230135171222238	3.0417217297622	-0.519650408973011	0.613339162006926	0.791366036068578	-6.24881342514547
3273	0.084202776022248	1.71024885549965	0.51839635199535	0.614185861023076	0.79219600623513	-6.24948588722312
2492	-0.144624224740603	1.27252054651624	-0.517177252356416	0.615009519172148	0.792874385881142	-6.25013812102099
1409	0.0755013917459623	1.33272223712665	0.517015220103121	0.615119034346926	0.792874385881142	-6.25022470022395
2023	-0.0818665291579299	1.27725615525465	-0.51611837302223	0.615725376256694	0.792978684981862	-6.25070344798027
680	-0.136490607883691	1.11336874596986	-0.515730438873524	0.615987743958425	0.792978684981862	-6.25091028657286
3216	-0.101081857762313	1.93039067053921	-0.515643438044162	0.616046592042391	0.792978684981862	-6.25095665330393
3069	-0.313273411337824	3.41247035709071	-0.515486939181412	0.616152456241297	0.792978684981862	-6.25104003996333
1745	-0.158568382688794	1.21674673993425	-0.515389821603294	0.616218156331565	0.792978684981862	-6.25109177460574
325	0.294722623246697	3.66736438962155	0.514842568581069	0.61658843864444	0.793184555881546	-6.25138312328279
3207	0.122031439098911	2.42662709781966	0.514551354390478	0.616785525220678	0.793184555881546	-6.25153804078845
308	0.261953947677104	3.63026221699114	0.513325064412529	0.617615792521425	0.793804746791995	-6.25218947502837
3221	0.155769601024077	3.20794709934113	0.513236914586734	0.617675496348162	0.793804746791995	-6.25223624522869
2302	0.0942738133041603	1.77419053991195	0.511933280527504	0.6185587822319	0.794505242724299	-6.25292702853385
2351	-0.1161192848528	2.65633676078745	-0.511830228252247	0.618628632752972	0.794505242724299	-6.25298156352546
3323	-0.0706541167479057	1.21455803826691	-0.509964869010205	0.619893680908216	0.795867455805009	-6.25396689687811
1792	0.128461875886347	2.01878698738692	0.50821302541421	0.621082911692728	0.797131462798775	-6.25488914371946
2946	-0.138581083352595	1.22375843125841	-0.507100064555179	0.621839025690079	0.797838934443878	-6.25547348204077
2800	-0.203387103588081	1.18538938996061	-0.506747361820519	0.622078736743444	0.797883597127461	-6.25565840663458
3727	-0.0895487922503885	1.69930097792434	-0.504920588918588	0.623321014850022	0.799213708207437	-6.25661423173475
2058	-0.0687360127445942	1.11790457522909	-0.502772199352691	0.624783566387319	0.800768098510798	-6.25773411986641
81	-0.115415516733764	1.28788325952295	-0.502535810871459	0.624944594600492	0.800768098510798	-6.25785706330658
581	-0.271583979039183	2.1168737752278	-0.501832160336681	0.625424043003819	0.80111882350555	-6.25822269854531
1410	0.0707387005845164	1.34975334588746	0.50042750959142	0.626381672993803	0.801688080937096	-6.25895112828169
3264	-0.108296959259126	2.26594657641496	-0.500355554239097	0.626430748354323	0.801688080937096	-6.25898839067331
3183	0.161106083216947	2.89251982129612	0.500274416003319	0.626486088929528	0.801688080937096	-6.25903040231999
3894	-0.0750774639840372	0.906747354773753	-0.499025674718673	0.627338098205231	0.802490218257937	-6.25967615280122
1883	-0.123140871046041	1.99299656936059	-0.498751717158824	0.627525093630051	0.802490218257937	-6.2598176157515
3582	0.0962330191927575	0.97084770024222	0.49794473951907	0.628076071099483	0.80293112963276	-6.26023388183073
2243	0.11106328715566	1.43003617640115	0.497631507069776	0.628289999350424	0.80294101000018	-6.26039528403781
2337	-0.124905280069351	2.63132053184391	-0.496615250037133	0.628984316547139	0.803564609132073	-6.26091827179375
769	-0.180219960017061	2.06804121054789	-0.496143424881303	0.629306799270986	0.803712914516634	-6.26116073573731
3324	0.0842873150798716	1.5241774176575	0.49443226625016	0.630477015174813	0.804943441669089	-6.26203822573708
508	-0.112055563242433	2.25859685884858	-0.494003578315133	0.630770348874682	0.805053994925601	-6.2622576046995
2961	0.103466742274004	1.26425502681362	0.493069334009054	0.631409843492601	0.805606137142919	-6.26273506906813
2934	0.136865107223499	2.60984317832495	0.492387751959365	0.631876587724861	0.805667136969259	-6.26308285977765
800	0.132509660927752	2.34563025643212	0.492341513823503	0.631908257435336	0.805667136969259	-6.2631064370281
1470	0.167661479147143	1.09328586235472	0.49195919545304	0.632170146737687	0.805667136969259	-6.26330130350031
3161	0.151991488154634	2.66490340299894	0.491791183864696	0.632285251817682	0.805667136969259	-6.26338689266545
1449	0.0738876476662857	1.32755165331323	0.490985308522957	0.632837499516849	0.805834506478979	-6.26379703612796
1976	-0.0969578534088568	0.481701078781361	-0.490910001319372	0.632889117703332	0.805834506478979	-6.26383533020724
2663	-0.128334109416351	0.956145754903121	-0.490693639819023	0.633037430744529	0.805834506478979	-6.26394531980461
1040	0.175027133030105	2.13377713693682	0.489652797415462	0.633751149380074	0.806479403818957	-6.26447379411361
2244	-0.139784828391992	1.52469883267367	-0.488858103480155	0.634296342064445	0.806873866578174	-6.26487656650844
407	0.285365975874326	4.24093031235811	0.488596959521097	0.634475546857311	0.806873866578174	-6.26500878460736
1719	0.0878469442104006	1.19998193149395	0.488023699332996	0.634869020614466	0.807110664796843	-6.26529879101386
3060	-0.1609615673891	3.04895492267634	-0.487026878810408	0.635553496720799	0.807587094366388	-6.26580229588075
2501	-0.131800337173807	0.885977669089271	-0.486783832023237	0.635720440818204	0.807587094366388	-6.26592491194973
3142	-0.191902186139397	2.89356941288828	-0.486521759279673	0.635900477070739	0.807587094366388	-6.26605706084948
2182	-0.139133539671106	0.635291939532697	-0.486055036011223	0.636221162807154	0.807587094366388	-6.26629223498819
1682	-0.0726011412909762	1.12064195119337	-0.485573590889038	0.636552045219875	0.807587094366388	-6.26653460068085
2916	0.0928029794787575	1.34824343316719	0.485485209655435	0.636612795884376	0.807587094366388	-6.26657906793972
2080	-0.0734946527333213	1.15025687101409	-0.485088986223001	0.636885182393291	0.807587094366388	-6.2667783245675
3993	-0.0879151917791057	0.799639411167839	-0.48481540669467	0.637073289097045	0.807587094366388	-6.26691581389471
3146	-0.194854389759242	2.41497467446008	-0.484761566091804	0.637110311734346	0.807587094366388	-6.26694286311929
3050	-0.18118712550003	3.37497677609752	-0.482947488999728	0.63835833482831	0.808843467473795	-6.26785256305453
1942	-0.0974613299447737	0.687756645502715	-0.482717122482005	0.638516902674485	0.808843467473795	-6.26796785038912
966	0.227064458504859	2.87840876632234	0.481851805545466	0.639112692959617	0.80933490288935	-6.26840042882977
2995	-0.101326893680403	2.75675196552182	-0.481362790098824	0.639449508385028	0.809498174789109	-6.26864456229779
1742	0.130416835300272	0.778394068911135	0.480597670322282	0.639976663745917	0.809747613084016	-6.2690260598163
1215	0.102291116936088	0.482104315101891	0.480473197644363	0.640062443007858	0.809747613084016	-6.2690880682967
3387	-0.14161633714249	0.964183208277321	-0.479657090544337	0.640624991630787	0.809963736050111	-6.26949424636031
3441	-0.0823933278329099	0.765832186220761	-0.479423733380278	0.640785889651312	0.809963736050111	-6.26961026693151
3057	0.206411758064669	3.17851132961973	0.479207576469495	0.64093494535962	0.809963736050111	-6.26971768757205
3037	0.0852214666006681	2.17534671218266	0.479018575233662	0.641065288779261	0.809963736050111	-6.26981157494549
3349	-0.0748277542942249	1.6704323776053	-0.47864300514628	0.641324335504597	0.810028207088842	-6.26999803596856
1122	-0.170011621781846	1.02042111422258	-0.478109348321548	0.641692506856761	0.810230422081786	-6.27026274177633
1032	0.179434667877689	2.30716933542105	0.477737947196263	0.641948796704837	0.810291285046559	-6.27044679793937
2278	0.174409881535506	1.35141409276133	0.477353553779304	0.64221410314125	0.810363485946866	-6.27063714823106
2081	-0.085015500346034	1.22720271793198	-0.476089624470979	0.643086826974789	0.811201847826313	-6.27126200530242
3191	0.196230836855586	1.71257956303198	0.475668026975059	0.64337805832382	0.811306398676475	-6.27147007968514
2844	0.141556224803155	2.45688546763143	0.474939947187252	0.643881148428068	0.811677951433764	-6.27182899817461
4037	0.140319713275319	2.07342171543943	0.473709957156027	0.644731471254897	0.812486844358113	-6.27243414253279
1332	0.0672998601078641	1.1444145027341	0.472837242171723	0.645335121788781	0.812984459477682	-6.27286259708584
3389	-0.0965470189060225	0.778707142395676	-0.472240798692727	0.645747830365122	0.813241284424898	-6.27315498132532
2648	-0.0765268227222439	1.35354531563381	-0.470888188955585	0.646684227241343	0.813841400692618	-6.27381673482941
2665	0.176309180122755	1.21033424223687	0.470590867417032	0.646890145117199	0.813841400692618	-6.27396195262418
1837	-0.10021957574149	0.300687865750763	-0.470277602348082	0.647107138385403	0.813841400692618	-6.27411486225119
1751	-0.0712388166780203	1.34987524503638	-0.470171746231767	0.647180470793649	0.813841400692618	-6.27416651018518
1187	-0.181157193427635	1.31357083919669	-0.469467248019339	0.647668615049665	0.813841400692618	-6.2745099552484
2850	0.121553604845246	2.10602628093517	0.469325229929615	0.647767039755876	0.813841400692618	-6.27457912959062
3159	-0.121708073842806	2.69140208918383	-0.468969267359021	0.64801376806049	0.813841400692618	-6.27475242391321
1035	0.0884692577466377	1.10536324816819	0.46884238678984	0.648101723411816	0.813841400692618	-6.27481416302219
450	0.158484999071096	3.07776049215209	0.46853928736299	0.648311858705217	0.813841400692618	-6.27496158390368
2212	0.0960794922881344	1.65282625051768	0.468374060638184	0.648426421885847	0.813841400692618	-6.27504190796531
357	-0.207215827305046	2.16666749150018	-0.468234300121936	0.64852333496384	0.813841400692618	-6.2751098305191
3601	-0.0999330628018361	0.665439210795521	-0.467646441951237	0.648931043143809	0.814090683634663	-6.27539531187821
1757	0.174631822026013	0.96636911687258	0.467203791664081	0.649238121618247	0.814130780504788	-6.27561004852617
2773	-0.145001814097845	1.25382677191016	-0.46699764890072	0.649381151578806	0.814130780504788	-6.27570998494053
2661	0.0637602128762	1.7094628526305	0.465812525372171	0.650203722053855	0.814509507479321	-6.27628370126138
3871	-0.244706561079917	2.70996813953938	-0.465722815193861	0.650266007852093	0.814509507479321	-6.27632707275966
3158	0.138824602210043	2.47210040038502	0.465470815215023	0.650440986365821	0.814509507479321	-6.27644886231424
1707	0.232096380501346	1.11935006704051	0.465054683164697	0.650729979486672	0.814509507479321	-6.2766498368558
2978	-0.109981448901638	0.640832412151302	-0.464864898189596	0.650861800161418	0.814509507479321	-6.27674143775882
1896	0.182933949776435	0.956224353500364	0.464754824511664	0.650938260728209	0.814509507479321	-6.27679454903656
3115	0.166485816374821	3.04584596382689	0.464052323288588	0.651426338103853	0.814858387592805	-6.27713322565624
3147	-0.16954663047545	2.06940934656162	-0.462865772361347	0.652251105042022	0.81530859056609	-6.27770414441883
3130	0.149694533390896	2.40694032233598	0.462738778757928	0.652339406493472	0.81530859056609	-6.277765165165
996	0.113485835055169	2.11602360259696	0.462437734805305	0.652548751133285	0.81530859056609	-6.27790975320684
3781	0.15904394936214	2.12934696732509	0.462329897156712	0.652623748534797	0.81530859056609	-6.27796152440745
1899	0.103092964537338	0.503290019316648	0.461151683217437	0.653443416192697	0.815986117052206	-6.27852641018884
395	-0.202306048283165	3.29961910906495	-0.460947974223196	0.653585182097029	0.815986117052206	-6.27862393633595
1091	-0.0854807729101201	2.00965670923068	-0.460355583199931	0.653997521818448	0.816239214731101	-6.27890730932554
2295	0.125929874195822	1.28186105944655	0.459812734277435	0.654375482779814	0.816449256630758	-6.2791666757599
3123	0.218570742540057	3.31082826119481	0.459340001481917	0.654704707209929	0.816598376001109	-6.27939230171344
3205	-0.0905642490597713	2.24705690795651	-0.458800410916438	0.655080586642969	0.816670815259259	-6.27964956459714
1436	-0.0940339558245638	0.539441887429528	-0.458654513602391	0.655182235970705	0.816670815259259	-6.2797190746991
3199	0.133942264748014	2.90219246797283	0.458179794280821	0.655513031903416	0.816821678794209	-6.27994509877402
855	0.151239483181306	2.02591649923237	0.457239126405666	0.656168739190605	0.817377181832443	-6.28039230546157
1447	0.0737765291074887	1.26800146804447	0.455933670377256	0.657079227208631	0.818249603693767	-6.2810114715359
2857	0.13580059458132	1.63657636573844	0.454621144741108	0.657995230052724	0.819128333064357	-6.28163227218409
2061	-0.0719533445448833	1.17342984527616	-0.453764908284471	0.658593106822517	0.819610596985261	-6.28203632742049
3844	0.143415964501509	2.0273577047769	0.453288648532208	0.658925768094131	0.819762600945222	-6.28226075532937
1684	0.128372451530188	0.885101987677186	0.452262118195367	0.659643047285117	0.820392854081203	-6.28274371523026
3922	-0.207854180753575	2.79871982387948	-0.451894474936844	0.659900021474134	0.820450409840446	-6.28291642672491
1479	-0.097273568751183	1.84692313104874	-0.450795527396021	0.660668432620736	0.821143592922166	-6.28343188354478
3879	0.117361182223995	1.77446912788776	0.449417799868147	0.66163234869308	0.821818601454801	-6.28407639228725
1874	0.0630709579627314	0.570964411653288	0.449129557355278	0.661834096078963	0.821818601454801	-6.2842109932471
1314	-0.141534953429851	2.19322058025052	-0.448520590235301	0.662260417626052	0.821818601454801	-6.28449508965732
2639	0.173086677224744	1.24257815436616	0.448407163726114	0.662339838246799	0.821818601454801	-6.28454796453983
1232	-0.328939132167733	1.53889306530887	-0.448200728989812	0.662484393804974	0.821818601454801	-6.28464416303772
1635	-0.0710159829401386	0.659238887394215	-0.447975617503372	0.662642044029429	0.821818601454801	-6.2847490162165
2607	-0.106053816818935	1.24409820403361	-0.447908777343598	0.662688856848504	0.821818601454801	-6.28478013947075
3409	-0.123434425467281	0.969250803647774	-0.447305894409811	0.663111165471364	0.822080508865167	-6.28506066176064
2863	-0.058360456297483	1.28071736305388	-0.44643655901868	0.663720333695401	0.822216200380176	-6.28546452331636
278	-0.149152831174683	2.31666688194788	-0.446348593338852	0.663781987866749	0.822216200380176	-6.28550534675693
507	-0.115246577933196	2.33308968952649	-0.446245759492231	0.663854066254564	0.822216200380176	-6.28555306043609
131	0.139334590731638	3.32034422944277	0.445933508753996	0.664072950989668	0.822225777791341	-6.28569787608161
3600	-0.0720791636216894	0.796890974085966	-0.445068131236722	0.664679742569135	0.822715485557601	-6.28609870992475
3218	0.112485027277049	2.3892775714543	0.444598656349025	0.66500903697306	0.822861515720717	-6.28631585156126
1978	-0.136685831612218	1.06857634420895	-0.443408743654268	0.665843982965063	0.823528900025224	-6.28686521997357
4082	0.0586011444777028	1.05523085204171	0.443227261870784	0.665971367791328	0.823528900025224	-6.28694888309369
2674	0.118698876915326	1.28977195549375	0.442036678493003	0.666807328117998	0.824074407252716	-6.28749692257552
4093	-0.0838369478484498	1.96941655354772	-0.441988568889507	0.66684111786611	0.824074407252716	-6.28751903808798
1355	-0.0797473095746293	1.64049760504401	-0.441690886057568	0.667050212299668	0.824074407252716	-6.28765582830709
233	-0.219028506127419	3.92915385179512	-0.441218071741341	0.667382380740571	0.824074407252716	-6.28787291153056
3243	0.12060262106383	2.48567232381016	0.441092456693649	0.667470642135353	0.824074407252716	-6.28793054743525
2910	-0.147933200305189	2.25931667632741	-0.440649618005373	0.667781837361572	0.824197297840241	-6.28813360858763
2772	-0.136001543867458	1.27748667754926	-0.439112083936864	0.668862810119663	0.825269893094412	-6.28883710744775
1940	0.0941357359209655	0.716909587596179	0.438454171077613	0.669325598624725	0.825579309801926	-6.28913741025648
4086	0.118538625701037	0.961056193006973	0.437138223294515	0.670251690123621	0.826192263124424	-6.28973676694438
2198	-0.137006525167914	1.17545225361265	-0.437092254970936	0.670284050414113	0.826192263124424	-6.28975767205658
1254	0.130654134482676	0.979074326052437	0.436278251699625	0.670857198994083	0.826192263124424	-6.2901275063379
425	-0.138756639734962	1.94896699280314	-0.435844009800236	0.671163042610903	0.826192263124424	-6.29032452745194
2968	0.0632882117141321	0.628631546310994	0.435766673533016	0.671217518301725	0.826192263124424	-6.29035959602502
1250	0.0887720923812906	0.592576317151734	0.435748880520712	0.671230051983278	0.826192263124424	-6.29036766351765
3928	0.146480289550956	1.31387453990111	0.435564530490795	0.671359917205664	0.826192263124424	-6.29045123055211
3915	-0.107813791474007	2.29315048152495	-0.435337440790989	0.671519905698203	0.826192263124424	-6.29055412479031
2388	-0.108352059179163	1.30746558249005	-0.434245274679077	0.672289591437083	0.826549911175392	-6.2910482605098
2166	0.105137800797941	1.09846051548704	0.433973673654015	0.672481058427376	0.826549911175392	-6.29117095649842
2851	0.124170041304374	1.99724514731154	0.433904720593271	0.67252967120322	0.826549911175392	-6.29120209429471
1995	0.131590363112782	0.801839040335828	0.433547624306701	0.672781453492286	0.826549911175392	-6.29136327520061
1047	-0.144843354515603	1.88654100888517	-0.433244947832825	0.672994898016643	0.826549911175392	-6.29149979247307
1273	-0.109684820846476	1.34432716470801	-0.433118363917524	0.673084172659776	0.826549911175392	-6.29155685875346
818	0.0736406604561459	1.23646786460136	0.431491039368696	0.674232326847693	0.827472369346599	-6.29228905012655
3194	0.114178143194132	2.41993006417371	0.431451327243906	0.674260356429573	0.827472369346599	-6.29230688472831
1733	0.126240573264247	2.2167470204958	0.431112277397874	0.674499685271549	0.827505284955076	-6.29245908643911
1828	0.135208114817969	0.923664415054448	0.430630437040493	0.674839871672844	0.82766187725797	-6.29267518874776
2960	0.0834772619097085	1.59181136008278	0.43001940896512	0.675271375227466	0.827762077226774	-6.29294889490995
348	0.150973478508448	1.45524171787671	0.429912738108823	0.675346717860673	0.827762077226774	-6.29299663891972
1912	0.107004956248272	0.890312306419088	0.427654489515177	0.676942607489568	0.829457052726361	-6.29400470336043
2591	0.100379641275714	2.91780774888933	0.4271038434863	0.677331996214919	0.829673102630039	-6.29424972872518
1258	0.107290642666753	1.64535008275099	0.425676068457127	0.678342102510271	0.830330730166742	-6.29488363459223
3237	0.175753590318438	2.26083503655615	0.425106146263451	0.67874548850738	0.830330730166742	-6.29513609606759
598	-0.156889170664871	1.37637530131292	-0.425048503171404	0.678786293622516	0.830330730166742	-6.29516161231079
820	-0.088446879344497	0.79954782351444	-0.424777227419354	0.678978342085636	0.830330730166742	-6.29528165005353
1430	0.0880863447598151	0.78625971842358	0.424122818475504	0.679441725562131	0.830330730166742	-6.29557091648844
1119	-0.0767772544654676	1.58917984997622	-0.424054109166008	0.679490386255007	0.830330730166742	-6.29560126282287
3892	0.0580005778219992	1.25475472592195	0.42391852056098	0.679586416061334	0.830330730166742	-6.29566113328341
1793	0.125231507669092	1.80896457182521	0.423671218787167	0.67976158127152	0.830330730166742	-6.29577028405461
2893	-0.290462686448667	3.87817659172501	-0.423434471696016	0.679929288967144	0.830330730166742	-6.29587471858474
2895	0.0851200851780972	1.4148639201396	0.423291813394291	0.680030354430823	0.830330730166742	-6.29593762112867
387	0.144871817454314	2.06495158004304	0.423031992360675	0.680214439967105	0.830330730166742	-6.29605213170746
2319	-0.103022990206169	0.982052051194124	-0.421700755985558	0.681157972824737	0.831007817736623	-6.29663777801853
3906	-0.151539997149985	1.06093273573576	-0.42164721772876	0.681195930717848	0.831007817736623	-6.29666129354447
3270	0.124433001191591	2.44028802630801	0.420041071057142	0.682335093376627	0.832136816037765	-6.29736541460677
2852	-0.110989944483883	1.85297878169785	-0.419648299426806	0.682613792906428	0.832164169464648	-6.29753720637149
4005	0.0886344817856169	1.27320276050856	0.419181625496374	0.682944995404236	0.832164169464648	-6.29774111944316
2900	0.188847413399128	2.75720682295677	0.419106054625847	0.682998635236008	0.832164169464648	-6.29777411944548
2790	0.132658725096112	1.44330300550542	0.416811015322687	0.684628509047761	0.833889087967463	-6.29877356319227
2369	-0.150176110272493	1.50725028970354	-0.416217086640589	0.685050573545365	0.833947444473741	-6.29903134125516
3314	0.123836819675862	1.44951310008999	0.416130098359226	0.685112399563552	0.833947444473741	-6.29906906617366
3070	-0.221744602895794	3.50497969325353	-0.415839570510094	0.685318906603999	0.833947444473741	-6.2991950063861
952	-0.108795153940055	1.3711303301588	-0.415231040945198	0.685751535770466	0.834213208463042	-6.29945852015772
381	0.112130965597664	2.0072370162439	0.414659319563171	0.686158103260858	0.834447112460269	-6.29970575401557
2393	-0.0749433818577079	2.70550183850595	-0.414200775172689	0.68648426204083	0.834580499008046	-6.29990380729714
2191	0.112758696976045	1.29312643158314	0.413902532460317	0.686696435239286	0.834580499008046	-6.300032509504
2558	-0.156957216707341	1.38848231316781	-0.412532542666538	0.687671421868438	0.835097035397144	-6.30062255372191
1375	0.129544927300582	1.06229402841982	0.412341894970964	0.687807147834502	0.835097035397144	-6.30070451391967
1989	0.0933442484629974	0.584687146840425	0.412233567284462	0.687884273612737	0.835097035397144	-6.30075106805541
3552	0.0817000005451339	2.12966091503056	0.41210014201648	0.687979273126358	0.835097035397144	-6.30080839165024
1484	0.210475594397974	1.60252182860142	0.411330056904282	0.688527687325544	0.835425453474232	-6.30113889227212
2175	0.100801967233324	1.40960212624066	0.411117744673529	0.688678917732996	0.835425453474232	-6.30122990578309
2136	0.065302965577151	1.32075403864811	0.408742172802375	0.690372006217897	0.837091298745819	-6.30224515267346
3129	0.107142353749598	2.47227595144972	0.408070121465719	0.690851302941192	0.837091298745819	-6.30253133128679
3537	-0.059435522619807	1.63473024782258	-0.40800446805157	0.69089813351521	0.837091298745819	-6.302559263887
3229	-0.0855093367190785	1.97525517162586	-0.407510467829141	0.691250546971306	0.837091298745819	-6.30276929911804
2954	0.0593169961083419	1.59141394343803	0.407376773359648	0.691345935990408	0.837091298745819	-6.30282609986069
3280	-0.103695481205363	1.06520974663539	-0.406995315618897	0.691618131057813	0.837091298745819	-6.30298806462353
1762	-0.11417725036038	1.21109535983495	-0.406706655033492	0.691824139418612	0.837091298745819	-6.30311053039095
2846	-0.120691354939498	2.4422036690521	-0.406703234403336	0.691826580774866	0.837091298745819	-6.30311198110578
2810	0.163985896810203	2.43331130479215	0.406478654530719	0.691986874849201	0.837091298745819	-6.30320720120332
1970	0.0944884517791186	1.29146789274167	0.406128142093442	0.692237084768444	0.837105534390772	-6.30335571372833
1846	-0.0825318976080122	1.54209526723698	-0.405859904805758	0.692428589181478	0.837105534390772	-6.30346928219835
3881	-0.126212064989996	2.69039468325325	-0.405041113430298	0.693013292606714	0.837552377843123	-6.30381549830797
2543	-0.158127451063849	1.37272186822936	-0.403996710954903	0.693759408120516	0.838193960664377	-6.30425612650038
26	-0.124165140659536	4.59408634745348	-0.403036545314511	0.694445643409943	0.838760585138384	-6.30466024125981
2947	-0.0954400769251416	1.16909710743294	-0.402737836459106	0.694659190311066	0.838760585138384	-6.30478577152904
3121	0.198842712410429	3.50749500935107	0.402258054439204	0.695002244079543	0.83888986718108	-6.30498720737363
2282	0.0942511213552167	1.62889762403022	0.401985546823166	0.695197124137993	0.83888986718108	-6.30510151551837
3493	-0.132183855063403	0.9961664842172	-0.40123755189597	0.695732160099303	0.839275412461799	-6.3054148886347
2406	-0.127265945278271	1.13096580950696	-0.400456506698796	0.696291020659679	0.839689450123502	-6.30574150326498
3421	-0.0594748219837356	1.66569817308115	-0.3994962621573	0.696978360690692	0.840258122764568	-6.30614220771676
1697	0.0781861821756678	1.90716558055452	0.399079829132697	0.697276530176798	0.84035741519915	-6.30631569230184
4107	-0.09972224093384	1.93683279257442	-0.398581767153143	0.6976332165228	0.840420161001379	-6.30652295241083
626	-0.11027378660245	2.23397166511007	-0.398232329839009	0.697883510915827	0.840420161001379	-6.30666821477411
141	-0.176978682580036	3.66184438302356	-0.398103126538839	0.6979760659164	0.840420161001379	-6.30672189371143
3540	0.0670537441123651	1.83401369074565	0.397795854656401	0.698196201171279	0.8404253500343	-6.30684948522565
3838	-0.0733697635993397	1.77791082260423	-0.397143398460868	0.698663728616027	0.840728232147964	-6.30712009357942
2432	-0.113866349778646	1.36176928966468	-0.396803441698705	0.698907381376325	0.840761613555579	-6.30726092072494
331	-0.0957756907037918	3.37415870175753	-0.395778000152083	0.699642546334241	0.841149238848118	-6.30768500012748
1693	0.0949321690058354	0.731786731488628	0.395607240986691	0.699764999033076	0.841149238848118	-6.30775551533979
1411	0.0594180038969826	1.34106713277231	0.3954501737994	0.699877640952209	0.841149238848118	-6.30782035031905
3334	0.107499486783834	1.19871124211272	0.395015168699922	0.700189647349066	0.841264574753861	-6.30799978327453
3407	-0.0923735440144519	1.63736111185422	-0.39470203589887	0.700414276761904	0.841274890102053	-6.30812882694735
3240	-0.101351079429248	0.755805485546052	-0.393041192799476	0.701606199577174	0.842446667022361	-6.30881160596286
2919	0.0550640216984388	1.34067182531889	0.391976956358839	0.702370400442826	0.842915644555545	-6.30924764613124
1285	-0.119677855776382	1.29675345925307	-0.391894389655895	0.702429703796287	0.842915644555545	-6.30928142740015
3704	-0.178060732039199	3.11368931434449	-0.39122805449644	0.702908372959311	0.843230192330116	-6.3095537978976
570	0.117166134188186	2.24667283555731	0.389737157387015	0.703979860409225	0.844051439883838	-6.31016158279492
580	-0.239667124220253	2.38077091949199	-0.389628010612534	0.704058329013412	0.844051439883838	-6.31020598932149
2373	0.10903791893865	1.19968908274913	0.389337711437617	0.704267050480043	0.844051439883838	-6.31032403908572
318	0.133189799346227	2.27532179865111	0.389069401500851	0.704459984494729	0.844051439883838	-6.3104330708428
1791	0.0772458503039867	2.19167051053829	0.388337637473881	0.70498628504353	0.844164768255122	-6.31073006243206
1418	-0.0970876440020795	0.743280691763104	-0.388335055466172	0.704988142364062	0.844164768255122	-6.31073110939505
2312	-0.116374544647472	1.70077574902132	-0.387212676706996	0.705795694507843	0.844661152174212	-6.31118557471372
3852	0.0826816629563576	1.67110963729444	0.387155956231539	0.705836514939621	0.844661152174212	-6.31120850757399
1997	-0.217457628464327	0.898424999945902	-0.386728241348166	0.706144362582683	0.844769937909974	-6.31138133324964
918	0.127794612153397	2.24578948214664	0.38627450755636	0.706470997128423	0.844901124944128	-6.31156446910536
4076	-0.104940016887062	1.80098838778697	-0.385594710634315	0.706960485425672	0.84522693590653	-6.31183845689649
2143	-0.166293462054538	1.79266797921454	-0.384765481705545	0.707557758998562	0.845272021263081	-6.31217203633177
2611	-0.0856406653378732	0.854913541365533	-0.384643358804989	0.707645738484176	0.845272021263081	-6.31222110446869
150	0.187112635261341	3.01129529168169	0.383786601703511	0.708263086158881	0.845272021263081	-6.31256491720767
3738	0.182295444063347	1.37680251319689	0.383715381209769	0.708314414855487	0.845272021263081	-6.31259346406851
2100	-0.100983621799991	1.13021464437141	-0.383527226944299	0.708450025114284	0.845272021263081	-6.31266885594199
1370	0.0616391522239251	1.70685277067073	0.383431969173923	0.708518685186057	0.845272021263081	-6.31270701122395
3394	0.0743405236889393	0.99505593075038	0.383051316206449	0.708793079829959	0.845272021263081	-6.31285938878638
165	0.101050013881077	3.36210812300126	0.383042245727469	0.708799618832046	0.845272021263081	-6.31286301795356
2653	-0.101069483790539	0.822235634875404	-0.382831119477551	0.708951828825172	0.845272021263081	-6.31294746752138
1891	0.118748004665635	1.15740077174539	0.381281790365556	0.71006921091817	0.845680169122632	-6.31356580518781
2988	-0.114970222919907	2.6700308162742	-0.38076783447423	0.710440034734956	0.845680169122632	-6.31377038573069
2831	-0.24353245129269	3.73808359176372	-0.380564942501782	0.710586444604077	0.845680169122632	-6.31385107304728
3647	0.0998169560154831	1.77253156874466	0.380558295313612	0.710591241519649	0.845680169122632	-6.31385371583298
1046	-0.0822582975797872	1.33150184222143	-0.380018847416963	0.710980575299308	0.845680169122632	-6.31406803937204
164	-0.102940837082494	3.36372203918188	-0.379929276298291	0.711045229446814	0.845680169122632	-6.3141035974582
2318	-0.0567015985832912	1.22254107555547	-0.379796670531635	0.711140951168707	0.845680169122632	-6.31415622451671
4016	0.146086453406539	2.12259752095203	0.379785578432195	0.711148958256399	0.845680169122632	-6.3141606258111
1261	0.0601461264283487	1.70512982901242	0.37947219010925	0.711375199820871	0.845680169122632	-6.31428492512151
364	0.156307479080402	2.90921441159624	0.379121475822166	0.711628422068534	0.845680169122632	-6.31442391051788
3414	-0.0735618358316908	0.428961887593932	-0.379045780600042	0.711683080178445	0.845680169122632	-6.31445389153093
2015	-0.100222885890083	0.906767215602177	-0.378623175262117	0.711988266589932	0.845784719371932	-6.3146211679225
925	-0.0953653935241891	2.0372884091049	-0.376907710798173	0.71322763576349	0.846998601300101	-6.31529831915319
1688	-0.0960673401594375	0.677474054946856	-0.376461098929859	0.713550440316859	0.847123602010319	-6.3154741202098
2668	0.137066823022021	0.879582944147977	0.375947802729945	0.713921515401937	0.847305815597423	-6.31567591951388
2824	-0.267946115851761	4.30108769722629	-0.374708471540964	0.714817777133689	0.848111037220776	-6.31616204891218
1416	-0.0833390739610176	0.849074832295627	-0.373798669274409	0.715476014532466	0.848554796197697	-6.31651792417604
2996	-0.101744577377802	2.83722015524938	-0.373589171011325	0.715627619597647	0.848554796197697	-6.31659975136734
1663	-0.0824911490101073	0.890194299804824	-0.373099466539544	0.715982047847918	0.848716619275431	-6.31679084886372
2920	-0.0603439447024245	1.49088545914009	-0.372695757597222	0.716274288391649	0.848804649725223	-6.31694820452347
1454	-0.12402633014154	1.46912322694654	-0.371886308166924	0.716860382504073	0.849238611440206	-6.31726320726864
1832	0.0816542573696788	2.19128111579886	0.371556640977326	0.717099137420954	0.849238611440206	-6.31739130810635
380	0.112671180309896	1.8230823562739	0.371286563128149	0.717294759380287	0.849238611440206	-6.31749617138209
3225	0.111413189663613	2.47303135572169	0.370911868449315	0.717566192015439	0.849262875324726	-6.31764153114429
1822	0.0876021964945173	1.2044012828559	0.370370282976975	0.717958593732571	0.849262875324726	-6.31785138186445
2631	-0.0475564673347807	1.02829963498554	-0.370355177951042	0.717969539180534	0.849262875324726	-6.31785723039443
3860	-0.0943856711356435	1.27133686506457	-0.369092072573728	0.718885047061421	0.850086885915839	-6.31834547022925
4040	0.110778897149003	2.13948885701797	0.368791772865561	0.7191027740644	0.850086885915839	-6.31846130845706
3961	0.0928820909699379	0.97498713287304	0.36793508341319	0.719724044109837	0.850563104025404	-6.31879126410419
2752	0.158188797855412	1.08436121286962	0.365915834011408	0.721189233855351	0.852036066939544	-6.31956601968428
3685	-0.107515663891106	2.3455539631783	-0.364383790382953	0.722301679318138	0.852932729229846	-6.32015106554607
3310	0.0965384785102651	0.626127021039078	0.364267329029846	0.722386271443254	0.852932729229846	-6.32019544098692
1994	-0.054991049557408	0.9979927442458	-0.363623987363114	0.722853634538509	0.853225842040907	-6.32044032488815
1941	-0.107595461864916	0.749237878202361	-0.36282803216263	0.723432028329029	0.853457975256829	-6.32074271530202
2150	0.0699356958293752	1.69011846397501	0.362544208034809	0.723638317242116	0.853457975256829	-6.32085038612177
2689	-0.0885869920705339	2.84484862318757	-0.362448595158212	0.723707815690306	0.853457975256829	-6.32088663906177
3858	-0.182448768860792	1.16662286282097	-0.361867769410481	0.724130058094105	0.85369738002375	-6.3211066665204
1319	-0.0609892150733893	1.4301041082019	-0.361522197889156	0.724381323256229	0.853735130980556	-6.32123741187085
2877	-0.233713142304822	4.05124526730202	-0.359463932200828	0.725878587774524	0.85524091400726	-6.32201361975277
810	-0.127195767632477	2.17199947184721	-0.358300486504021	0.726725452556253	0.855979707275877	-6.32245046041579
1272	-0.0787772307340989	0.947603137163096	-0.357010479004767	0.727664885142974	0.856827052539081	-6.32293320396663
1982	0.0737699277348318	2.06916391611064	0.356022147158331	0.728384941259744	0.857335964542752	-6.3233019041537
2201	-0.0748815386018036	1.0490089667793	-0.355671500539208	0.728640472911884	0.857335964542752	-6.32343247389997
2200	0.0470884716773962	1.2581428662772	0.355510809933628	0.728757586706859	0.857335964542752	-6.32349226800341
2806	0.151795829974273	2.15794334500597	0.354429858997745	0.729545587489636	0.858003780635652	-6.32389381112813
2214	-0.0713215895824724	1.66793604721553	-0.35399515854707	0.729862570810123	0.858117406622771	-6.32405495327832
2304	-0.0799964900007801	1.29970091114048	-0.35298546204681	0.730599043494039	0.858724019126407	-6.32442849877569
1427	-0.0571683880799222	1.37366708450953	-0.352544122420698	0.73092104546035	0.858843256192699	-6.32459144838998
2029	-0.0811000906367235	1.35053382969442	-0.351696311055865	0.7315397610435	0.859265328792362	-6.32490391465209
3823	0.136902143165744	2.72075813700121	0.351410970212986	0.731748041723725	0.859265328792362	-6.32500891338791
2796	0.115754282423964	1.27518727415348	0.351144945177156	0.731942243349836	0.859265328792362	-6.32510672930149
3095	0.0665515208598438	0.788581513371937	0.350159973052023	0.732661455372092	0.859712646642527	-6.32546826741905
1440	0.0767859905566309	0.836165563897638	0.350018420760907	0.732764836724845	0.859712646642527	-6.32552014316056
1142	0.127775933688611	1.35402767276944	0.349457072335762	0.733174866433615	0.859934617437499	-6.32572566280267
2138	-0.109312889277992	1.35370852266273	-0.348649638685427	0.733764797804394	0.860292699338002	-6.32602071284278
33	0.111794969388965	2.55742069341239	0.347954580975014	0.734272767762063	0.860292699338002	-6.32627416411376
2726	0.0758166989238589	1.09091213533054	0.347778574954597	0.734401419483577	0.860292699338002	-6.32633826582037
1718	-0.0611355148311349	1.26694359700038	-0.347567394539927	0.734555793145922	0.860292699338002	-6.32641513623321
3773	0.0591483371446554	1.59369128098726	0.346994867332376	0.734974374022121	0.860292699338002	-6.32662330836652
2694	0.09309800409929	1.18567619084061	0.34694452822971	0.735011181774207	0.860292699338002	-6.32664159571546
2868	0.0775034511578088	0.618429549506223	0.346783207159055	0.735129143765256	0.860292699338002	-6.32670018345788
674	-0.101381667775182	2.21213831147229	-0.34628626558398	0.735492564501522	0.860292699338002	-6.3268804925535
2183	-0.109457469856908	0.96344256040432	-0.346122176141164	0.735612580340942	0.860292699338002	-6.3269399748166
529	-0.0779966830913284	2.19940477772689	-0.346017093150018	0.735689442423099	0.860292699338002	-6.32697805280959
2656	0.101032825558954	1.26084087344945	0.345646866195663	0.735960265838803	0.860318188754514	-6.32711211852917
301	-0.112627534184797	2.18256645140854	-0.345337134353001	0.736186865370697	0.860318188754514	-6.32722417001074
1800	-0.0983951091131564	1.33388276655066	-0.345081314106691	0.736374042916999	0.860318188754514	-6.32731664380871
1621	-0.0757576712710047	0.619388244178993	-0.344730200116314	0.736630973591617	0.860360231303466	-6.3274434551683
1963	0.0573619704366628	0.675381135093964	0.343249676430574	0.737714727623742	0.861367660979566	-6.32797678433662
2761	-0.0929312699357815	1.10693347110754	-0.340819258692938	0.739495096756062	0.862737192057793	-6.32884742204778
1884	0.0801609400901492	0.802786384336017	0.340785517952242	0.739519824282316	0.862737192057793	-6.32885946621803
2169	-0.0926993897541247	1.15955455454731	-0.340503031923957	0.739726861412783	0.862737192057793	-6.32896025725774
724	0.0948561569335701	1.99479063621908	0.340438884361587	0.739773878860034	0.862737192057793	-6.3289831337118
2382	-0.0701243233333463	2.26705498024493	-0.339886185064996	0.740179029856789	0.862951240198304	-6.32918006380113
3053	-0.12342224315585	4.45031111588744	-0.339087074675769	0.740764955164531	0.863315238332767	-6.32946423764915
741	-0.100455821097475	1.41282675573909	-0.338855681285387	0.740934649847999	0.863315238332767	-6.32954640178977
2545	-0.0924010216444529	1.44764453147965	-0.338079350816969	0.741504084353021	0.863718179267777	-6.32982166318949
2708	-0.281205031853844	2.09642638154047	-0.337751675149137	0.741744481173271	0.863718179267777	-6.32993766068834
2213	0.0601549465793331	1.63673491340479	0.337477167706433	0.74194589359289	0.863718179267777	-6.33003475177779
3195	0.0949748827674067	2.50144822281877	0.336330147707959	0.742787705927219	0.864439727101192	-6.33043960698011
2871	0.216462046079239	3.52533052356751	0.335758695221093	0.743207232773984	0.864669544195367	-6.3306408044251
589	0.0935073682281166	0.918656671829601	0.335027770047885	0.743743961544368	0.864756644184079	-6.330897660574
168	0.0695628619091191	1.19667350664382	0.334616259604176	0.744046201882027	0.864756644184079	-6.33104202912736
2014	-0.0724233144370725	1.32417483342255	-0.334568419406165	0.744081341781956	0.864756644184079	-6.33105880143108
156	-0.08407419322311	3.49553664383983	-0.334447185392778	0.744170394109104	0.864756644184079	-6.33110129436366
3197	-0.0615437035699557	1.0409073070438	-0.333938018778221	0.744544444436632	0.864933194103892	-6.33127959420944
2864	-0.0443891730950675	1.24022822928989	-0.332411447570453	0.745666323777613	0.865810438293793	-6.33181257297557
4062	-0.0598359649919658	1.71173056116057	-0.332025028780704	0.745950400948808	0.865810438293793	-6.33194710553956
3126	0.0623578437396892	1.92351046085861	0.332002967501824	0.745966620563861	0.865810438293793	-6.331954781595
359	0.114710571583978	2.80584650525933	0.331327435081607	0.746463338950701	0.865922576671039	-6.33218958596966
2889	0.0637890232227835	1.76840565220327	0.331182591678184	0.746569857789631	0.865922576671039	-6.33223987021178
871	-0.125772342796767	2.37005991285746	-0.330964359568754	0.746730357591513	0.865922576671039	-6.33231559158351
1255	-0.100308179977646	1.24164737859309	-0.32860267419714	0.748468067870012	0.86767926653344	-6.33313191026425
538	-0.0789807039471604	2.24764222917757	-0.326752323187353	0.749830558969903	0.869000058520477	-6.33376748074458
2280	-0.0486033362496741	1.16959471902833	-0.325818749568544	0.750518325943142	0.869450013377569	-6.33408681465143
2417	-0.0706509821151049	1.00092076776537	-0.325619194018762	0.750665368509344	0.869450013377569	-6.33415495745192
3021	-0.14245373571923	3.4511888870998	-0.325316018491853	0.750888783203916	0.869450170025587	-6.33425840529308
3497	0.0948282944806608	0.900518229582878	0.32481973427405	0.751254553935476	0.869615110887261	-6.3344275405783
2033	0.067615111767974	1.53866468062175	0.323756561297108	0.752038346203336	0.870263690970518	-6.33478902078718
2705	-0.0919980078880914	1.20253819186693	-0.322854111099529	0.752703878834501	0.870775075514423	-6.33509494268316
1231	0.148020704939563	1.34364153588536	0.322314839543985	0.753101676911567	0.870976516154927	-6.33527735058987
1284	0.151844148571354	1.63440275579773	0.321982137848667	0.753347134249738	0.871001704503705	-6.33538973726038
1760	-0.0827750400935601	0.572827421267145	-0.321563461390029	0.753656061493212	0.871100238484585	-6.33553100436295
2809	0.116636699847823	2.32193352039368	0.320722629700819	0.754276618328902	0.87135360232562	-6.33581416743193
1143	-0.149220881641644	1.25609138060676	-0.320398279740815	0.75451604576881	0.87135360232562	-6.33592320281656
2098	-0.095362191811679	1.3007714494644	-0.320356930279474	0.754546570889057	0.87135360232562	-6.33593709531203
1629	0.057773201298603	0.58709407486993	0.319932171039005	0.754860163143233	0.871457300705529	-6.33607970303684
2289	-0.0723505969547678	0.925241308843674	-0.317810201980248	0.756427462944291	0.872962891225546	-6.33678934658008
2683	0.125942805439407	1.41905398153339	0.317344128838712	0.756771860549158	0.872962891225546	-6.33694459299399
1926	0.0949930481853594	0.682376165516297	0.317256177645273	0.756836856902271	0.872962891225546	-6.33697386396587
2657	0.183846101440046	1.86426994833191	0.315633173014615	0.758036615823836	0.873943315886939	-6.3375125849443
2897	0.0683968913275053	1.22853298986228	0.315228752254709	0.75833567545424	0.873943315886939	-6.33764640130551
3913	-0.0767006557599348	2.21328394453201	-0.315017193129344	0.758492134839818	0.873943315886939	-6.3377163357116
991	0.0607364164061382	1.38833539486547	0.314786894969364	0.758662465543191	0.873943315886939	-6.33779241220113
2896	0.0714364117430645	1.40598495173205	0.314588748835119	0.758809026968089	0.873943315886939	-6.33785782388678
2229	0.0762615372548738	1.76552262319672	0.314265288266033	0.759048300062476	0.873953190307506	-6.33796451725661
3903	-0.0884139584438402	1.87247909290419	-0.313970383859713	0.759266472216306	0.873953190307506	-6.33806169743701
3177	-0.0896375766769935	2.62009507002014	-0.312988948555186	0.759992701189609	0.874530608283788	-6.33838446551654
3792	-0.0529912400361197	1.70517651261114	-0.312394208946388	0.760432905620083	0.874778651250991	-6.33857957658861
2307	0.0619907759314521	1.12664633374404	0.311060913730616	0.761420082351533	0.875655582007344	-6.33901565437321
1348	0.0985459298530797	2.15735884085367	0.309322348393825	0.762707986247599	0.876877737953396	-6.33958152995268
1948	0.0701753471577487	0.676410977873761	0.30893068563173	0.762998227661856	0.876952508416549	-6.33970857983898
1337	-0.109128633647917	1.23069454378836	-0.307437296152082	0.76410525037077	0.877965725861251	-6.34019156265855
1481	0.0640498851246879	0.880610418844048	0.306977100566457	0.764446495790048	0.87797842036503	-6.3403399326033
2702	-0.105000778540824	0.68621560243052	-0.306768339351853	0.764601314109195	0.87797842036503	-6.34040716649473
3599	-0.0659010479224384	0.414119420225899	-0.306510279657587	0.764792707210627	0.87797842036503	-6.34049021537283
3610	0.243761530396608	3.27755774156621	0.305521260751583	0.765526376319271	0.878561659117961	-6.34080786557008
1671	-0.0609395709438369	0.893325059110654	-0.304832516370521	0.766037438702736	0.878889153302432	-6.34102847828508
2847	-0.0660238261681435	2.07649317881797	-0.303508256537628	0.767020391854311	0.879743999572885	-6.34145127830038
3553	0.0572778446778785	2.12292402381101	0.303220060821768	0.767234366345536	0.879743999572885	-6.34154305149833
2703	-0.0713893200865179	0.491435312876977	-0.302835261114021	0.76752009714518	0.879812557634186	-6.3416654536582
1458	0.040206648728658	1.09476918473117	0.302474298814113	0.767788160298934	0.879860828782828	-6.34178013435173
1172	0.0870087570257965	1.036333299688	0.30051076875564	0.769246898681854	0.881211452861975	-6.34240160773865
4099	0.05949113635696	0.769233513002744	0.30027872722234	0.769419347645279	0.881211452861975	-6.34247478774189
1407	-0.0523285233659577	1.51912187495242	-0.299619857473754	0.76990907812563	0.881513069750428	-6.34268227539266
2957	0.073895517769462	1.92293090394646	0.298718640026499	0.770579111980587	0.881820088433408	-6.34296535573118
3193	0.0789015378628588	2.59509205774656	0.298650017875539	0.770630138915996	0.881820088433408	-6.34298687617898
1820	0.0896723989341523	0.801095283417336	0.297994228283912	0.771117836253176	0.882118934891265	-6.34319229157704
3184	-0.109383636472659	3.02456355334205	-0.297132641361561	0.771758737308392	0.88259281147691	-6.34346149427066
1960	-0.0764362668518645	0.883307096413524	-0.296142823072919	0.772495243441249	0.882961243144563	-6.34376981602852
574	-0.061579263740744	0.655085823084494	-0.296090207264171	0.772534400460587	0.882961243144563	-6.34378617715917
1776	0.0945949019485108	2.15089637305209	0.295513203408906	0.772963853609646	0.883192853860317	-6.3439654114597
3769	0.0852581061815562	1.81974883048691	0.294755426922921	0.773527972579627	0.883578153483446	-6.34420027631464
2936	0.048281154305507	1.32372287159886	0.293795712611834	0.774242617435925	0.883711881240184	-6.34449687773686
2270	-0.0769322888865928	1.29582148634587	-0.293732994271757	0.774289327814861	0.883711881240184	-6.34451622780503
2944	0.0717271920829112	0.684797841808426	0.293614649064733	0.774377469628776	0.883711881240184	-6.34455272897982
3837	0.082949637644223	1.87987842074627	0.293379235395566	0.774552812191255	0.883711881240184	-6.34462529449187
3927	0.112300756642036	1.27108634375604	0.292812591746579	0.774974917561828	0.883934484178605	-6.34479972563215
1435	0.0481980098386316	0.54975303324228	0.292414887341042	0.775271221558176	0.884013510028561	-6.34492195355341
1235	0.0875926456532249	1.34234569576841	0.291257565703958	0.776133679181161	0.88473786496822	-6.34527670681416
1469	0.052929929732697	0.60531893914819	0.289962974455747	0.777098804876454	0.885404426632961	-6.34567189572815
1425	0.0646201361970225	1.24452317487146	0.289863242925569	0.777173171605409	0.885404426632961	-6.34570226800543
2827	-0.127823789586934	3.91802675478036	-0.288772139655057	0.777986925263843	0.885662383126814	-6.34603388088285
3322	0.0663377271776506	2.49499057832643	0.288770128499024	0.777988425456444	0.885662383126814	-6.34603449098491
2218	-0.0577617499243074	1.30991724344502	-0.288381256117457	0.778278516838183	0.885662383126814	-6.34615238023814
2309	0.0617224648070465	1.43707853752979	0.28833990374235	0.77830936699023	0.885662383126814	-6.34616490728176
2467	0.067982903299683	1.13495392083946	0.287419774899982	0.778995914320164	0.886131771287344	-6.34644318792382
1417	0.0618310704181642	0.952007032451706	0.286976106304738	0.779327024518122	0.886131771287344	-6.34657705645619
3424	-0.11188091417685	0.766060614600686	-0.28687223580476	0.779404549732705	0.886131771287344	-6.34660836796664
1251	0.0450087471899033	1.60939950627302	0.286394405057073	0.779761217604328	0.886275713437944	-6.34675226504319
2955	0.0501472016340818	1.37227735543326	0.285574111365174	0.780373633535945	0.886275713437944	-6.34699874254409
2192	0.0484134094405684	1.463345559876	0.285450801790777	0.780465707575025	0.886275713437944	-6.34703573372765
649	-0.115570038246953	1.01398667379891	-0.285092352249288	0.780733378185722	0.886275713437944	-6.34714317429508
394	-0.101828776638083	3.09637327643912	-0.28494244456813	0.7808453298534	0.886275713437944	-6.34718806771678
549	0.108035792891681	3.70690970009435	0.284873583558105	0.780896757269026	0.886275713437944	-6.34720868198632
2650	0.0908637069071288	0.994931208987378	0.284002065751005	0.781547726393021	0.886589448905842	-6.34746915576285
3248	-0.0908828952893431	0.813171040529245	-0.283893873836031	0.78162855112834	0.886589448905842	-6.34750143660836
1480	-0.0388467674689777	1.17105049409165	-0.283326966217095	0.78205210312668	0.886787995139116	-6.3476703847103
4094	-0.0404293138797018	1.28515371101123	-0.282841795254652	0.782414645864067	0.886787995139116	-6.34781470960427
3863	0.126738708775583	2.23964198307027	0.282689849871728	0.782528197717868	0.886787995139116	-6.34785985901002
1281	-0.106046248513603	1.31092600811446	-0.282151998757058	0.782930187063098	0.886787995139116	-6.34801948522093
3157	-0.0594136039426783	2.19749715831516	-0.281962548774077	0.783071797487831	0.886787995139116	-6.34807563980233
3551	0.0569525622657099	2.28370325693502	0.281831199642674	0.783169983380437	0.886787995139116	-6.34811455097643
4038	0.0751766838358603	1.82866316534827	0.281396623963963	0.783494864691203	0.886897966019634	-6.34824316331885
1226	-0.0830665344701673	1.32696541604588	-0.280848074827995	0.78390501191408	0.887100153593561	-6.34840522669781
3072	-0.0734519055746659	3.2377372509488	-0.280548403497098	0.78412910340756	0.887100153593561	-6.34849362994524
4084	-0.0391430386156189	1.20814310466409	-0.279789395073677	0.784696774073432	0.887484530421709	-6.34871712169752
2753	0.112822948000199	1.55583625206999	0.278244577164666	0.785852562469484	0.888433066849484	-6.34917015297123
1464	-0.0437767353833001	1.15340756483878	-0.277774420017025	0.786204427301564	0.888433066849484	-6.3493075397592
1216	-0.0714225660036008	1.00030311947099	-0.277561419611652	0.786363852811001	0.888433066849484	-6.34936970618251
1322	-0.0616159424434241	2.74004572419481	-0.277448907837578	0.786448069191107	0.888433066849484	-6.34940252495498
1853	-0.0419355682743418	0.606205681618789	-0.27682126766389	0.786917917333511	0.888469709810233	-6.34958536174736
3017	0.175111183017082	3.6610243929336	0.276796001409969	0.786936833368129	0.888469709810233	-6.349592713467
414	-0.0572435250867595	2.14829656853306	-0.275385184306861	0.787993293554369	0.889404604377018	-6.35000216861618
1655	0.0410883595107413	0.478724241686427	0.274804631455518	0.788428157164788	0.889568539868115	-6.35017006057092
3016	0.149154922553368	3.54781265608953	0.274581346723882	0.78859542876855	0.889568539868115	-6.35023453995065
3608	0.154964029301718	2.64063288104204	0.274094908842454	0.788959877402244	0.889711766871762	-6.35037483277377
1333	0.0463906809943305	1.243736487699	0.27376266265405	0.789208832856721	0.889711766871762	-6.35047051436462
3019	0.147554779465482	3.64411207385062	0.273497090258747	0.789407846569578	0.889711766871762	-6.35054691264419
3026	-0.122820263165927	2.33154222788863	-0.272377058959608	0.790247343528402	0.890332751683236	-6.35086831176172
2929	0.0694435966292205	1.69107364724778	0.271910181347149	0.790597364123061	0.890332751683236	-6.35100190060391
130	-0.0937175946216967	3.39223909782231	-0.271846980669703	0.790644749697131	0.890332751683236	-6.35101996699345
163	0.0532830355301628	3.25449595754417	0.269982562866461	0.79204301779675	0.891649468430339	-6.3515510606034
1446	0.0405435270781868	1.31171026222163	0.268776558344836	0.792947897787265	0.891889980422034	-6.35189267905069
1929	0.0561789780990716	0.60132724441646	0.268737901006427	0.792976908118041	0.891889980422034	-6.35190360434155
2697	0.0592648999585231	0.896132645795439	0.268512464218053	0.793146093246621	0.891889980422034	-6.35196728612263
4106	0.0807885131321066	0.893567417558703	0.26847683847717	0.793172830560222	0.891889980422034	-6.35197734491829
2949	0.0832231753423842	1.54496493560371	0.26801968957444	0.793515947851336	0.89197788174052	-6.35210630230852
2242	-0.0625436458469087	1.27859084460461	-0.26776232918594	0.793709132057242	0.89197788174052	-6.352178805813
1467	0.0398923709596298	0.890740627709492	0.266871755801198	0.794377740362244	0.892471702530461	-6.35242916732898
2001	0.0604692309088482	0.391545546166733	0.266288961602659	0.794815372965081	0.892515456179036	-6.35259255904406
2642	-0.094717475633089	1.20000649697964	-0.266209443636444	0.794875090402901	0.892515456179036	-6.35261482529893
2279	0.0439103483890677	0.917668148020707	0.264902094019442	0.795857096628594	0.893194378606133	-6.35297996205004
1448	0.0392697511291093	1.21226748704556	0.264793751958849	0.795938493519076	0.893194378606133	-6.35301014185907
2784	-0.0612576580882804	2.36890762806873	-0.263717638256971	0.796747109788283	0.893414998526533	-6.35330924270237
2208	-0.0711311824461344	1.38162977036145	-0.263509939090898	0.796903208273555	0.893414998526533	-6.35336683326425
1472	-0.0566152212225129	1.54876570160489	-0.263466899599956	0.796935556210462	0.893414998526533	-6.35337876159559
2783	0.0841721995639597	1.25357182393254	0.263310874388256	0.797052826112269	0.893414998526533	-6.35342198762286
1849	0.0738759481247109	0.760844769186597	0.261753246672619	0.798223837911659	0.894470107864172	-6.35385213451102
2469	-0.0482865079096553	0.826660168173084	-0.260821998184609	0.798924189899369	0.894997351975875	-6.35410809964374
647	-0.0856740802994467	1.4311055898081	-0.260341084670451	0.799285936413549	0.895145078054174	-6.35423993184495
15	0.083795037395911	3.65241246285287	0.25819743546387	0.800898999323605	0.896693704245578	-6.35482464434167
2130	-0.0733275818842381	0.800876804633449	-0.255195063593265	0.803159860818989	0.898966512799409	-6.35563555638441
1225	0.0509576782591765	0.758341140174308	0.254736622348378	0.803505244163874	0.898983998048021	-6.35575855219073
1128	-0.0613137018423581	0.822616544776694	-0.254256877765625	0.803866723897827	0.898983998048021	-6.35588702946908
3480	0.0331624830246374	1.37625452682638	0.2542550857142	0.803868074268929	0.898983998048021	-6.35588750893801
4103	-0.0663015237884834	1.8767274276865	-0.253367904669421	0.804536676750468	0.899473390544451	-6.35612446685912
635	0.0942673801001534	2.24566061286059	0.252559889010618	0.805145759735769	0.899895978303986	-6.35633956808701
1263	0.0785980850042984	1.31346315829791	0.252095140386747	0.805496148677516	0.900029269139239	-6.35646298080937
1392	-0.0418002327332328	1.12435972957333	-0.251777483164514	0.805735666250882	0.900038635794875	-6.35654720453805
1450	0.0475258693304228	0.809291482344799	0.250878209881932	0.806413842077479	0.900537855190623	-6.3567850688519
3523	0.0548649359042093	0.57638471386115	0.250160319087239	0.806955349469208	0.90076926623542	-6.35697435221885
1136	-0.0488894879363117	2.14787251996307	-0.249990167508673	0.807083710810319	0.90076926623542	-6.35701913678413
1141	-0.041334232297693	0.208426587260653	-0.248835853793258	0.807954674105765	0.901482951566719	-6.35732216120384
2385	-0.0589641527891198	1.01704028441711	-0.247087559646724	0.809274328366189	0.902564783929373	-6.35777847346857
2413	0.0619492113386686	1.33771654651443	0.246625226047283	0.809623412211113	0.902564783929373	-6.35789861257054
2187	-0.0510349689436457	1.29315590472265	-0.246581756669904	0.809656235875125	0.902564783929373	-6.35790989680482
3400	-0.0319340554737129	1.09501579943451	-0.246323304119281	0.809851400885781	0.902564783929373	-6.35797694799372
145	0.0864675856162853	1.93838546724147	0.24549975980222	0.810473372732358	0.902868482726302	-6.35819013891829
3081	0.0800896690168423	2.32070635816255	0.245348498258536	0.810587625991564	0.902868482726302	-6.35822921923274
1752	0.0661218531747996	0.893141138266279	0.244275264381777	0.811398409661041	0.903396487523345	-6.35850581842944
1967	-0.067160210024658	0.810884406591358	-0.244106853143672	0.811525658283683	0.903396487523345	-6.3585491133375
1360	-0.0623273283951799	1.14041833818976	-0.243655585234166	0.811866656437143	0.90351779370284	-6.35866497899937
1072	0.041313491604497	0.490297932065049	0.242868828391158	0.812461262047777	0.903722566974773	-6.35886647617349
2269	0.067562860470398	1.43234654085427	0.242797971500745	0.81251481946037	0.903722566974773	-6.35888459176414
4091	0.0587303661193167	1.87656791387513	0.241854740734568	0.813227858463271	0.904226963345149	-6.35912524419955
3522	-0.0642843551620197	0.980225857132051	-0.241583772578557	0.813432730507976	0.904226963345149	-6.35919420665527
1259	0.0527538573122939	2.43253113233538	0.240803274132875	0.814022926399222	0.904624793207355	-6.35939241907927
1983	-0.0470161616920907	1.72246162847471	-0.240262428914257	0.814431972242705	0.904647185535292	-6.35952939779777
3135	-0.0588333185040709	2.58676363169977	-0.240162292608495	0.814507712503014	0.904647185535292	-6.35955472566854
2845	0.0684322870802504	2.48667815578316	0.239649834681058	0.814895352001986	0.904819646619827	-6.35968418011889
3251	-0.0410841218788761	1.63057202447411	-0.239237474595982	0.815207311748118	0.904908002265443	-6.35978814968065
3386	-0.0588727735539457	0.926351863647647	-0.238774853420063	0.815557334820513	0.904915361124012	-6.35990458080724
3609	0.182724114534757	3.27885182515208	0.238614439210356	0.815678715342908	0.904915361124012	-6.35994490130245
2879	-0.154162068234335	3.66349282477373	-0.237914493768598	0.816208401475398	0.905245091240444	-6.36012052045391
778	-0.0900850142941392	2.16498802000857	-0.23598049552212	0.817672457264274	0.906300423909253	-6.36060311363396
1441	-0.0437864191710845	0.840251656962664	-0.235915870179026	0.817721391818064	0.906300423909253	-6.36061917236045
2335	-0.0464664208272666	2.74614638047983	-0.235735248205486	0.817858163743481	0.906300423909253	-6.36066403195391
2255	0.0404669470861658	1.68222285405086	0.235352863624522	0.818147736672178	0.906363381678936	-6.36075888944091
1002	0.0640534659559829	2.1654691270942	0.234175144342719	0.819039779373107	0.907093544049738	-6.36105008637793
733	0.0689027552211907	1.07375611676413	0.233610633775623	0.819467452524902	0.907309144194475	-6.36118915164335
1785	-0.0477163881668171	1.72281099817243	-0.23290538793529	0.820001832541034	0.907605645292499	-6.36136241963362
1841	0.0340683725676222	1.10567651738297	0.232642036992482	0.820201403642605	0.907605645292499	-6.36142698787059
2190	0.054143647449872	1.57725211006056	0.230935190135325	0.821495197071904	0.908779061760794	-6.36184371784871
3596	0.0486720126635199	1.11002384637744	0.23031084847544	0.821968587580689	0.909018419294714	-6.36199539294544
1939	0.0573837343696556	0.925899646754841	0.230034101770137	0.822178447035435	0.909018419294714	-6.36206249461536
1634	-0.0591477502574443	0.642066237836593	-0.229176605987127	0.822828785451464	0.909479219570821	-6.36226990081531
2434	0.059487328407474	1.05918132611434	0.22822625283578	0.823549710146146	0.91001775576308	-6.36249887046666
2813	0.111704475375621	3.52722554734823	0.227914121158033	0.8237865258976	0.910021200523477	-6.36257386709513
3558	-0.032782201865025	0.356326061700403	-0.225941989770173	0.825283212218877	0.911416003511147	-6.36304536505349
3854	-0.0357302722265574	0.83656388144116	-0.224934998951464	0.826047714990465	0.912001645073113	-6.3632845511337
3261	0.06071683066625	1.12816160106108	0.224348580039589	0.826493008037458	0.912234629619575	-6.36342335288533
1253	-0.0343075228794791	0.507318517885364	-0.223403570061225	0.827210728204515	0.912550406287041	-6.36364627544121
2292	-0.0711091504739189	1.25600836918415	-0.223354763800455	0.827247800255073	0.912550406287041	-6.36365776324186
1127	0.0717097970017647	1.51225784621108	0.222922948447831	0.827575815780895	0.912653703384538	-6.36375929366333
2909	0.0879269324808221	1.83687204517341	0.221469814981611	0.828679895842269	0.913355090300631	-6.36409953093697
2917	0.0404844001198571	1.57985397897972	0.221060610005587	0.828990876364369	0.913355090300631	-6.36419494441213
1103	0.0352894671111462	0.644983040910058	0.22103958396125	0.829006856198047	0.913355090300631	-6.36419984228716
732	-0.0510642359968631	1.38065086015131	-0.22085119331978	0.829150037034599	0.913355090300631	-6.36424370601129
347	0.0588210742770062	1.32758257268304	0.220253624115777	0.829604244854467	0.91359698231428	-6.36438259508179
3096	-0.0520427316293642	0.6005740506174	-0.219795533147859	0.829952480211763	0.913722068969354	-6.36448881357521
1402	-0.0390278651417684	1.41722946806869	-0.219228498532988	0.830383585877189	0.91393829378343	-6.36461998944226
2041	-0.0619906767155041	1.49584492265877	-0.217973205866463	0.831338167537807	0.914587704198173	-6.36490918965783
3132	0.067416793715579	2.63031621116863	0.217834888830797	0.831443367452885	0.914587704198173	-6.36494095508676
494	0.0517987788036835	2.31232473934119	0.217164701349852	0.831953141181676	0.914795095450968	-6.3650945850192
986	0.050234391568084	1.19403718280842	0.216969344176985	0.832101753489298	0.914795095450968	-6.36513927923203
1968	0.0534689681204451	0.709324811986865	0.216558215130207	0.832414530296699	0.914880660732528	-6.36523320789355
3108	0.076511913517213	2.77007162564028	0.216167999631381	0.832711424519838	0.914948726602779	-6.36532219514892
575	0.040387994715795	3.25502831915672	0.213622102587957	0.834649126526053	0.916384434086969	-6.36589887156652
3723	0.0413617480432128	1.93123853480199	0.21341108757034	0.834809783158726	0.916384434086969	-6.36594636496483
3167	-0.0617779985839337	1.92124118703274	-0.213240747231162	0.834939477779749	0.916384434086969	-6.36598466971017
410	-0.128177457087914	4.16627717017507	-0.213214558952808	0.834959417601583	0.916384434086969	-6.3659905560262
3114	0.0786959726803937	3.1098883837293	0.212329578711494	0.835633314684606	0.916865631834843	-6.3661890507291
3752	-0.132031457831395	3.14746544310345	-0.211900977265813	0.835959736627144	0.916965412514394	-6.36628488863209
2756	-0.0467483168887556	1.20420633260514	-0.209634944488356	0.837686075116727	0.918073502232356	-6.36678839489797
3496	-0.0369473701861681	0.993417522808337	-0.209626073256306	0.837692835267615	0.918073502232356	-6.3667903555088
1993	-0.0502228901734477	1.35021617596255	-0.209279760582107	0.837956746793672	0.918073502232356	-6.36686682896146
653	0.122514888462404	3.86037968517792	0.208823635088878	0.838304374075798	0.918073502232356	-6.36696736008896
1365	0.0575926891577127	2.10468091506503	0.208531971703085	0.838526678547409	0.918073502232356	-6.36703152931887
1487	0.0438363120652149	1.07264996325829	0.208439215635652	0.838597379862965	0.918073502232356	-6.36705191804974
2586	0.056714630533225	1.75952223036289	0.20817340151578	0.838799999161721	0.918073502232356	-6.36711029685803
1829	0.0681629898828169	0.937509333386044	0.208099850861114	0.838856065984264	0.918073502232356	-6.36712643719478
2980	-0.0375225026206839	1.81523235520807	-0.205586923342417	0.840772198844425	0.919912037735373	-6.36767448722534
64	-0.0881187335048546	4.90638863684317	-0.204628561970314	0.841503242700635	0.920453266032661	-6.36788175804283
2928	-0.0581512472345452	1.68519274335326	-0.203268506511678	0.842540967992141	0.921329550508677	-6.36817425588784
1439	0.0447531709988732	0.675632578626263	0.20279619461846	0.842901415900554	0.92137940716571	-6.36827537989839
1198	0.0420597321333849	0.549900934010816	0.20224176607104	0.843324579443234	0.92137940716571	-6.36839378752433
3532	-0.0624992792942535	2.62897910029121	-0.202060864135526	0.843462662667819	0.92137940716571	-6.36843235258358
3987	-0.0753958808666186	2.67593832724044	-0.201823894494199	0.843643550895077	0.92137940716571	-6.36848281844871
3238	-0.0504981174310723	1.76598603368523	-0.201658724917736	0.843769636865157	0.92137940716571	-6.36851795876207
2808	0.0654633725059158	2.15811824906558	0.200639567402934	0.844547734674398	0.921797560467151	-6.3687341557442
322	-0.0863872348141614	2.85554316815104	-0.200268418267381	0.8448311394123	0.921797560467151	-6.3688126186322
1611	-0.0355664508425372	0.778212975328294	-0.200227041203316	0.84486273582621	0.921797560467151	-6.36882135702681
963	-0.0387808095040226	1.17609313948014	-0.199751026055132	0.845226251615676	0.921935861006007	-6.36892175741927
505	-0.0357857057570378	2.32435201335681	-0.199114289976324	0.845712562853104	0.922101587943071	-6.36905568589938
4077	-0.0324095225900761	1.59750271906033	-0.198759568672083	0.845983512531972	0.922101587943071	-6.36913011241135
2034	-0.0408305598644254	1.20634223349497	-0.19862200945421	0.846088591094143	0.922101587943071	-6.36915893920045
1377	-0.0657371306856368	1.50415806131862	-0.197046148367787	0.847292579564595	0.923155373481962	-6.36948776147446
605	-0.0640271404636456	2.57432303455664	-0.196237047821623	0.847910905886133	0.923241687561373	-6.36965557950647
3518	0.0357557474664958	0.875240668256283	0.196168949610263	0.847962952388097	0.923241687561373	-6.36966967268236
3812	0.0638727406051359	1.99476572188499	0.196011776128331	0.848083080741405	0.923241687561373	-6.36970218177072
4048	0.0355727703152727	1.6725656446927	0.195314199075659	0.848616290227945	0.923390091223441	-6.36984615333444
3864	-0.0285753856216232	1.14903044917222	-0.195212979599248	0.848693666278555	0.923390091223441	-6.36986700147679
1359	-0.0710355184374582	1.48508638132771	-0.193737018743505	0.849822135389669	0.924300947409116	-6.37016978532912
1770	0.0312316333862921	0.64060728626269	0.193497141059956	0.850005570794053	0.924300947409116	-6.37021877908552
1036	0.0446130675099837	1.09610997351987	0.192845729282028	0.850503754505852	0.924333021140068	-6.37035152235944
1457	-0.0496912151408871	1.34012934293951	-0.192704864075495	0.850611493689695	0.924333021140068	-6.37038016909598
2710	0.0338641971432791	1.58432253046836	0.19252745519775	0.850747187407808	0.924333021140068	-6.3704162178718
2272	0.0388565953126396	1.10139317693893	0.191528110199453	0.851511644544317	0.924905535245627	-6.37061866464905
2999	0.0784262306833952	3.54538737173263	0.19116440214069	0.851789905450703	0.924949774630518	-6.37069208467781
303	0.0637437474112052	2.99291105752069	0.189801414619972	0.852832868179256	0.925730850399095	-6.3709659912908
2786	0.0657936504094764	1.19128659233474	0.189603070191599	0.852984666469428	0.925730850399095	-6.3710056883928
1897	-0.0702092991936939	0.833975907676136	-0.188981884683304	0.853460116385933	0.925753515567439	-6.37112974706198
3810	0.0486820669971397	2.32087180208957	0.188852643151476	0.853559044334054	0.925753515567439	-6.37115550741349
2991	0.0592635109733566	2.781495010901	0.188643986798395	0.853718765896937	0.925753515567439	-6.3711970597309
3799	0.0677105800450432	2.07082923672627	0.187897053936873	0.854290581421199	0.926115680415965	-6.37134543158874
1451	0.0315656918686299	0.66054447810518	0.187106639130096	0.854895779448638	0.926513822758975	-6.37150180382216
110	-0.0693710911194443	2.4399652988017	-0.186699226952224	0.855207761271182	0.926594051861431	-6.37158214866098
3990	-0.0478405563724366	2.38910312155632	-0.185678223077672	0.855989722913216	0.926943417861034	-6.37178273396803
2940	-0.0289947607866885	1.58337248103413	-0.185656581252992	0.856006299596373	0.926943417861034	-6.37178697386723
2132	0.0344021587996286	2.01920306842243	0.184715787370342	0.856726975971811	0.927465900593337	-6.37197081220597
677	0.0370339552981633	1.31775680045984	0.180409528630168	0.860027424475287	0.93074118385743	-6.372800439301
383	0.0454408620575125	2.08689786289314	0.180144700863516	0.860230488110655	0.93074118385743	-6.37285082506279
557	0.0951494940850508	3.05406566670589	0.179406530884087	0.860796554758852	0.930910234774498	-6.37299087985922
3945	0.0336191272181968	1.57983635951681	0.17931746888449	0.860864857581656	0.930910234774498	-6.37300773916005
2389	-0.0233612613562008	1.12886571760203	-0.178387541621684	0.861578101689764	0.931175960573359	-6.37318327583676
888	-0.0449801548684902	0.782689242286646	-0.178373527909216	0.861588851038987	0.931175960573359	-6.3731859141793
2816	0.100296736192266	3.64814588222557	0.177946133590769	0.861916701847513	0.931271819365764	-6.37326628014194
3058	-0.0638381773847092	3.03153773604335	-0.177292869830883	0.862417867603883	0.931554833966579	-6.37338874751476
2186	0.0509746164521077	1.18943524678314	0.175926306893136	0.863466460134137	0.932428839645682	-6.37364348871303
288	-0.0453573496128482	4.14782921794185	-0.175403599534548	0.863867616980221	0.932603410180477	-6.37374040843031
3850	0.042145103404653	1.93217822994276	0.174751368779477	0.86436823380029	0.932885227942996	-6.37386094201965
1093	-0.0306472182355286	0.92937381537228	-0.173177235596728	0.865576707473994	0.933826056106637	-6.37415000563106
2298	-0.0625618567326414	1.62084595205646	-0.172960230627833	0.865743331917361	0.933826056106637	-6.374189650992
2826	-0.0799331961587716	3.95994615305254	-0.172678850434718	0.865959396148194	0.933826056106637	-6.37424098366144
3252	0.0393944004259464	2.15285215739778	0.170778454457633	0.867418956304291	0.934882565353842	-6.37458549944479
495	0.0360269690494098	2.2152598588099	0.170778022270208	0.867419288295693	0.934882565353842	-6.37458557736315
2815	-0.0747079303952563	3.45002362477156	-0.169392236645541	0.86848393723915	0.935542928447521	-6.37483440969746
1489	-0.040701063683843	0.860592603186462	-0.169353274661534	0.868513874253814	0.935542928447521	-6.37484137658153
2248	0.0232614116492002	1.0398429748413	0.16904238923491	0.86875275533288	0.935542928447521	-6.37489690962282
1975	-0.040871905360907	1.596718625756	-0.16824858564107	0.869362767413984	0.935941005338694	-6.37503824518027
2598	-0.0592147167523367	1.45828446380331	-0.167398987277416	0.870015753953974	0.936385114952121	-6.37518878165104
199	-0.0471153588435383	1.843836754165	-0.167006108276655	0.870317748057898	0.936391928752473	-6.37525813771912
1950	0.0560149572067177	2.02153718766383	0.166765085323676	0.870503025702094	0.936391928752473	-6.37530060595207
3014	0.0683783952440488	3.01315918111216	0.165367076644689	0.871577853245788	0.936882095936556	-6.37554573144116
1627	-0.045174624824538	0.735290508774082	-0.165274914803488	0.871648719311188	0.936882095936556	-6.37556181886766
1999	0.0283631590718338	1.13080292539263	0.165216295634715	0.871693793997259	0.936882095936556	-6.37557204656758
3588	-0.0288889083556592	0.531871574644465	-0.164821612691936	0.871997294252541	0.936882095936556	-6.37564081569928
2878	-0.113921409543073	4.1317156239667	-0.164607845744969	0.872161684070369	0.936882095936556	-6.37567799389416
3321	-0.0244952009775875	1.44568545380112	-0.1638069793209	0.872777617510627	0.936953602153467	-6.37581685311523
2392	-0.0426356913232669	1.41847614190291	-0.16366300424781	0.872888355733574	0.936953602153467	-6.37584174494395
1803	0.0391809382912822	0.913770729377269	0.163582736664465	0.872950094661731	0.936953602153467	-6.37585561293766
675	-0.048664213695767	2.05657189534486	-0.162378154918376	0.873876720970537	0.937369473018574	-6.37606291779464
1438	-0.0376720456868697	0.659128035812468	-0.161852722770956	0.874280972179238	0.937369473018574	-6.37615286544289
2022	-0.027230813437422	1.20054511919911	-0.161836434299808	0.874293504621366	0.937369473018574	-6.37615564919614
2682	0.0278603058180366	1.89357810788737	0.161827416157178	0.874300443246908	0.937369473018574	-6.37615719030643
3634	0.0434043012057108	2.03512944262176	0.160661543553628	0.875197566636639	0.938073031787248	-6.37635570645513
2787	-0.0468837017834257	1.21388284510054	-0.160266647491461	0.875501475324753	0.938140546206546	-6.37642262253234
569	0.0302420563985844	0.528651866801085	0.159650530517034	0.875975675469756	0.938390448494974	-6.37652669765237
2771	-0.0568489218121454	1.21863621393723	-0.158030001016768	0.87722317241133	0.939432458947848	-6.37679853414774
2189	0.0458338703280809	1.67905802509218	0.15761892719171	0.877539675741867	0.939432458947848	-6.37686705094753
3206	-0.0508561612325687	2.531920652624	-0.157329759309378	0.877762331818887	0.939432458947848	-6.37691514231613
3979	0.0326501588120139	1.20968709083756	0.157133592697475	0.877913384209353	0.939432458947848	-6.37694771664095
2443	0.0291747685169518	0.535531763311612	0.155800057344077	0.878940368031398	0.940158829724881	-6.37716808362849
3337	0.0455111289314425	0.841844160204481	0.155625177480144	0.879075063951796	0.940158829724881	-6.3771968438776
2301	0.0246090299482036	1.40012983324978	0.153911680019344	0.880395043466127	0.941311998697721	-6.37747693955154
1628	-0.0382644693111391	0.937414041911953	-0.153588215974876	0.880644264050118	0.941320001155959	-6.37752946792713
707	0.0269944636354092	0.514907193158103	0.152654097617196	0.881364053214314	0.941830851596196	-6.37768054469689
2114	-0.0537333721377957	1.20092759762067	-0.150426687665905	0.883080842831908	0.943406530037709	-6.37803708456271
807	0.0419366280059584	1.29605356793921	0.149680061979127	0.883656449383264	0.943762538096113	-6.37815542848438
1871	-0.0383597101168269	1.56586308438024	-0.148526372180303	0.884546016855067	0.944453575441083	-6.37833714087022
2695	0.064694036102934	1.31102591587993	0.147461145617783	0.885367520686322	0.945071580469446	-6.37850367638117
3039	-0.0351602654543411	2.48564241419493	-0.146709526094384	0.885947254869235	0.945098248571688	-6.37862046471745
1927	-0.0528818239037539	0.8716308995808	-0.146558806490989	0.886063515285301	0.945098248571688	-6.37864381231461
3938	-0.0192187427916575	1.25737549594403	-0.146484773713186	0.886120622890404	0.945098248571688	-6.3786552717926
520	0.0666235995457056	3.92949779098508	0.145110847838875	0.887180567325587	0.945911018560181	-6.37886689398414
2322	0.0237507692557375	2.1648724962943	0.144655893324947	0.887531602406635	0.945911018560181	-6.37893653160446
792	0.0296123291137387	1.37566129889482	0.144552453849628	0.887611418032589	0.945911018560181	-6.37895233417469
2690	-0.0455608974013865	1.12886029813285	-0.143348868266693	0.88854021984928	0.946641755429028	-6.37913537950604
324	-0.0898993218675849	3.43424474840061	-0.141852963344849	0.88969484579324	0.947088922585451	-6.37936075649339
1754	0.0495511276696144	1.35120321087988	0.141765977715664	0.889761994551167	0.947088922585451	-6.3793737895088
1966	-0.0359120396230748	0.79934586001297	-0.141749529370383	0.889774691990576	0.947088922585451	-6.37937625306106
2510	0.0543948020327502	0.904523850620685	0.141544703902417	0.889932811438152	0.947088922585451	-6.37940690695661
2250	-0.0302257509941637	1.04546840075584	-0.141228469607645	0.890176945117652	0.947089897346486	-6.3794541474107
2131	-0.0438193640366609	1.14419740262584	-0.140489512294894	0.890747468186897	0.947438033630094	-6.37956412562929
629	0.0408066376541252	2.2695082737165	0.14003631765914	0.891097395760746	0.947551408818226	-6.37963128969699
3124	0.0438889393328712	1.27258959202045	0.138951363522464	0.891935225042992	0.948006074615219	-6.37979120287667
1904	-0.0310925672016463	1.407424080877	-0.138663879580833	0.892157250529765	0.948006074615219	-6.37983336789513
3339	0.0261044107593271	2.18949642602777	0.138305200446672	0.892434273953342	0.948006074615219	-6.37988585303155
3499	0.0427758115247948	1.20428120802866	0.13822167658549	0.892498785192448	0.948006074615219	-6.37989805554391
2104	-0.0193509760520888	0.725783250233271	-0.137270704719659	0.893233343308097	0.948527580813125	-6.3800364708855
2842	-0.0481260129664464	2.76350085700433	-0.136468271010283	0.893853247360948	0.948832600849112	-6.38015252546164
3572	-0.0358957861359573	0.549112153255315	-0.136268079487181	0.894007912818539	0.948832600849112	-6.38018137312129
1835	0.0325212419111937	2.11094378099828	0.135067083084571	0.89493588360093	0.949128875040322	-6.38035355092599
1703	0.0373921888233583	1.58213327371544	0.13505190549407	0.894947611880365	0.949128875040322	-6.38035571710247
2982	0.0219385709787302	2.37967275939094	0.134960438888553	0.895018292025696	0.949128875040322	-6.38036876626499
351	-0.0526106237497994	2.1318768116973	-0.134450629991051	0.895412260448121	0.94914533019378	-6.38044133716356
2592	-0.0333038512498141	2.93533577695747	-0.134309535409167	0.895521300239329	0.94914533019378	-6.38046137350153
2915	0.0319467211534173	1.57914215370201	0.133593217340024	0.896074915074319	0.949473665115483	-6.38056277181417
151	0.0766630714607695	3.17683051848208	0.132733311737276	0.896739579245892	0.949919456361127	-6.38068378178503
1784	-0.0324560461386094	1.72190657231916	-0.130411094302459	0.898534948115881	0.951295611860844	-6.3810066828998
2251	-0.0380775643364482	1.32980257326258	-0.130004827149379	0.898849105237399	0.951295611860844	-6.38106258986349
2795	0.0284635531188203	1.2093641338671	0.129824605675622	0.898988472169836	0.951295611860844	-6.38108733469812
1917	0.0500997665251469	1.41902274842698	0.129789158994326	0.899015883833566	0.951295611860844	-6.38109219758396
3209	0.0322048388390706	2.75427752237662	0.129390925692561	0.899323855428497	0.951353621341861	-6.38114673972709
3416	0.0281019772232808	0.609217601353965	0.129086451301948	0.899559330708971	0.951353621341861	-6.381188327905
3544	-0.021396248428985	2.19772142909661	-0.128613183544477	0.899925367851776	0.951482319417544	-6.38125277765921
2179	-0.0297960239219269	1.15005400380242	-0.127010958665672	0.901164747986206	0.95159010058522	-6.38146921708315
4108	0.0247359167391253	1.71531288184632	0.126905224969533	0.90124654658731	0.95159010058522	-6.38148340515687
2011	0.0246421695235334	0.407043353022206	0.126449639497167	0.901599014127684	0.95159010058522	-6.38154440399477
1838	0.0269275817619085	1.16203872661076	0.126415299364172	0.901625582556533	0.95159010058522	-6.38154899296758
2491	-0.0304626098970219	0.815823099529346	-0.1256933067401	0.902184206039472	0.95159010058522	-6.38164518721253
2008	-0.04305538205999	1.28377680213551	-0.125633632860729	0.902230379660186	0.95159010058522	-6.38165311324524
2386	-0.0311110564690793	0.919015909579999	-0.125593235183672	0.902261638223975	0.95159010058522	-6.38165847683457
2628	0.0339552025332172	0.755173340850275	0.12555317384534	0.902292636708756	0.95159010058522	-6.38166379406972
1743	0.02544959743487	0.602473754980224	0.125340412034815	0.902457269438333	0.95159010058522	-6.38169200503378
400	0.0467103806889711	3.47949636962099	0.125322612154298	0.902471043004935	0.95159010058522	-6.38169436303049
2553	-0.0787767203149702	1.15454501940054	-0.124773051632349	0.902896309936449	0.951780788005558	-6.38176700043573
3502	0.0382735688048036	1.31937706991699	0.123458840494672	0.903913415455236	0.952595085191526	-6.38193941363156
3492	0.0304659126368249	1.22251084746095	0.121938956382085	0.905089920763827	0.953498587022924	-6.38213653908769
910	0.0193603736107662	1.00551911147568	0.121574544860874	0.905372038197705	0.953498587022924	-6.38218344049031
637	-0.066859241935073	2.30779470610796	-0.121402371179305	0.905505335082376	0.953498587022924	-6.38220555132025
3278	-0.0311063683675506	1.0837599076279	-0.121034762918992	0.905789947573347	0.953540431427579	-6.38225265558725
2456	0.0758605219424428	1.35183809611974	0.120532953302705	0.90617848468414	0.953689142558504	-6.38231672605141
1887	0.0242271853189477	1.20837412727071	0.120219705509941	0.906421036622759	0.953689142558504	-6.38235658657405
396	0.0592125186824947	3.45871574938826	0.119239920776004	0.907179760983445	0.954229602720026	-6.38248059550499
819	-0.0273977040508127	1.24324955924641	-0.117810056329567	0.908287190190955	0.954759423673496	-6.3826597534605
1794	-0.0199494888448008	1.24520747201286	-0.117635893685573	0.908422092966554	0.954759423673496	-6.38268142825775
2759	-0.0454059330087616	1.21886276304979	-0.117444301978666	0.908570499404035	0.954759423673496	-6.38270523518024
2380	0.0321117944957425	1.34808904408169	0.117323327832467	0.908664207533122	0.954759423673496	-6.38272024732481
215	0.0592665043241293	4.42282995198726	0.116978010900728	0.90893170241827	0.954782856546195	-6.382763014125
3063	0.0396293036934088	3.06970917558969	0.11646331617357	0.909330425215448	0.954944087321725	-6.3828265246268
2886	0.0152444369803545	1.10363605297469	0.116071360929182	0.909634081843927	0.955005423213872	-6.3828747023706
1972	0.0314927412795763	1.87327418221046	0.115298877543264	0.910232586190301	0.955376196933971	-6.38296917896253
2939	0.0157869270982927	1.22011209803942	0.113877946603529	0.911333645538441	0.956085187601182	-6.38314131872428
2096	-0.0327464094581194	1.04809730298219	-0.113519943318191	0.911611087884077	0.956085187601182	-6.38318435344663
2802	0.0240695664142652	1.33308170740851	0.11347662542364	0.911644658850331	0.956085187601182	-6.38318955141934
1610	0.0251943421019737	0.61458449393427	0.113047606226412	0.911977154424139	0.956098726711295	-6.38324092512193
798	-0.0281072589445312	0.957541704743706	-0.112826358561617	0.912148631158824	0.956098726711295	-6.38326734295856
1642	0.0177052170742182	0.666846167472678	0.11222964240266	0.912611135777195	0.956300538468711	-6.383338335776
1429	0.0157047809176049	1.11407133733938	0.111944273674954	0.912832332174679	0.956300538468711	-6.38337215404592
2862	0.0142771112218042	1.32598711272289	0.108910140919203	0.915184635237383	0.958506984834419	-6.38372640830441
3849	0.0257667770341145	1.96649581085315	0.108462460492383	0.915531785138986	0.95861273765292	-6.38377785559062
3583	0.0235576711532247	1.23336565177468	0.106119550084226	0.917348871952535	0.960257125640638	-6.38404365278747
2419	0.0289436984280264	1.1947466961462	0.105151544410153	0.918099770427125	0.960692359018824	-6.38415177958712
3627	-0.0350605258379141	2.31152502433815	-0.10494747759169	0.918258079164885	0.960692359018824	-6.38417444776808
1080	-0.0286466226670794	1.42990100017044	-0.104515046592607	0.918593557959797	0.960785204054646	-6.38422233789989
3076	0.0491893957839494	2.53612955161637	0.103302316769126	0.919534478211757	0.961511078989415	-6.38435559045065
469	-0.0189406558972516	1.73594051763638	-0.102871049350433	0.919869116487134	0.961602775731785	-6.3844026031928
2923	0.0300917124937851	1.70953575222034	0.102083776763773	0.920480035528301	0.96198316112378	-6.38448791803479
2286	0.0418284883004632	1.26187016607116	0.100533615470834	0.921683107560393	0.962982028666534	-6.38465399305232
1845	0.0202182177761264	1.47200455582374	0.099764450333648	0.92228012846962	0.963335201987063	-6.38473545528048
667	-0.0392799268535209	2.22857257528181	-0.0994606967201196	0.922515913767273	0.963335201987063	-6.38476745379244
3155	-0.0152583206303318	1.92020881003934	-0.0984121152047132	0.923329922665107	0.963725796785079	-6.38487716671569
1974	-0.0226241211888671	1.70479027431051	-0.0977357748772952	0.923855011010403	0.963725796785079	-6.3849473163001
3128	-0.0201556527859276	2.13772651848529	-0.0973627351332896	0.924144642946413	0.963725796785079	-6.38498580110513
2233	-0.0183196208441544	1.27853925826626	-0.0973102560590006	0.924185389164358	0.963725796785079	-6.38499120334346
2137	0.0145951775978283	1.43567643516507	0.0971795017873548	0.924286911414292	0.963725796785079	-6.38500465064666
1973	-0.0169456970358499	1.79167575103898	-0.0969384831265705	0.924474050518655	0.963725796785079	-6.38502939068934
2854	0.0283797350072046	1.73452181697765	0.0967474425749318	0.924622387465088	0.963725796785079	-6.38504895701521
2712	0.0349131605808894	1.19427263829305	0.0945509631243207	0.926328097066256	0.964567636292097	-6.38527115144915
617	0.0347348509214637	2.02702134961875	0.0942357662851723	0.926572899800048	0.964567636292097	-6.38530261860319
2387	-0.0305171460568521	0.834380937112584	-0.0941937163660988	0.926605559149754	0.964567636292097	-6.38530680865604
3778	-0.0324297078297636	2.90712497031129	-0.0941663936402434	0.926626780251948	0.964567636292097	-6.38530953022096
3171	0.018314195590737	2.02264523553109	0.094084977252895	0.926690015344408	0.964567636292097	-6.3853176352788
3329	-0.0262184905018497	0.950361820765147	-0.0937936294565121	0.926916305856452	0.964567636292097	-6.38534658181448
1468	-0.0137986149863982	0.673399571320582	-0.0930186219496126	0.927518288679435	0.964725775835878	-6.38542314548202
3826	0.0296091969797655	2.27208727363318	0.0929600758272498	0.927563765980875	0.964725775835878	-6.38542890353792
4043	0.024283790809438	1.04797078217856	0.0917103880001014	0.92853455910508	0.965106435413253	-6.38555094805934
208	-0.0537741060437861	3.63567493422863	-0.0915138779275122	0.928687224784513	0.965106435413253	-6.38556998917462
1645	-0.0126271400455597	1.13794729935002	-0.0912394339076313	0.928900441155741	0.965106435413253	-6.38559651355852
207	-0.0475414852965327	3.64177537967802	-0.0912127912852457	0.92892114019745	0.965106435413253	-6.38559908427095
2271	0.0125543083742297	1.1671304256884	0.0896199734098439	0.930158722477506	0.966134453274848	-6.38575141109549
2384	-0.0273170908199776	0.712481171401618	-0.0888619020851119	0.930747793893649	0.966488509179165	-6.38582296703583
4072	-0.0126368553998078	1.42801475531699	-0.0879262063738467	0.931474950657029	0.966985725902018	-6.38591045234452
1919	0.0220009485109401	0.558925320779664	0.0867406674156266	0.932396361362106	0.967684283353956	-6.38601996925206
382	0.023099819708556	2.06835402345939	0.0862199659881446	0.932801087488986	0.967846372150842	-6.38606760101947
3131	0.0263872509368014	2.58752167950853	0.0857339441583091	0.933178876007646	0.967980432385128	-6.38611180200182
1203	-0.0197875584332311	1.16951525562595	-0.084336907542617	0.934264898372615	0.968848871974158	-6.38623746519931
2287	-0.0153037768319631	1.17249424657669	-0.0827632416857475	0.935488394628389	0.969468069340305	-6.38637654679785
3428	-0.018914001464689	1.7190119109186	-0.0827504235569432	0.935498361203995	0.969468069340305	-6.38637766893007
3845	-0.0287816181243494	1.98247737550689	-0.082586762079696	0.935625615147298	0.969468069340305	-6.38639198102247
1334	-0.0152373875102621	0.824048689679778	-0.0822451194278949	0.935891263249361	0.969468069340305	-6.38642176626016
3018	-0.0536914173778354	3.64515485686027	-0.0819631036139751	0.936110553949951	0.969468069340305	-6.38644626017251
3417	0.0206468750296484	0.729375109772196	0.0814717449238199	0.936492639273529	0.969468069340305	-6.38648873538913
3415	0.0149709492056673	0.583618341243216	0.0812538245402974	0.936662101627819	0.969468069340305	-6.38650749173518
298	-0.0285783031626039	2.08860602626312	-0.0810074311043416	0.936853709534557	0.969468069340305	-6.38652863831021
3589	0.017077116271988	0.198352853007626	0.0800838557811355	0.937571965001746	0.969908188863487	-6.38660733277213
3350	-0.0132455120583705	1.95667853815392	-0.0798199944882023	0.937777177984342	0.969908188863487	-6.38662964989358
3570	0.0114312410404347	0.526639821760493	0.078711275680534	0.938639513657226	0.970542290542017	-6.38672262019247
1283	-0.030909757571789	1.5650545378168	-0.077575466752445	0.93952300428732	0.971197923731039	-6.38681651514921
2145	-0.0182160909449053	1.05775557262836	-0.076494684072733	0.940363771329157	0.971733690350322	-6.38690459539668
1787	-0.0264160003102269	1.00120154172317	-0.0759645345810514	0.94077621518125	0.971733690350322	-6.38694734957511
1092	-0.0143345774018455	1.91540612776237	-0.0759468978286214	0.940789936471678	0.971733690350322	-6.38694876679504
3233	0.0198764058811553	0.924498424055611	0.0751512800876819	0.941408943156222	0.972115201445327	-6.38701235759493
2804	-0.0233210370384708	1.61296729284888	-0.0745479363045446	0.941878383685599	0.972310645985088	-6.3870601346227
2926	0.0202037075552357	1.86607591915786	0.0742661965803674	0.942097603313235	0.972310645985088	-6.38708231299319
4087	0.0150466365838972	0.842291818204995	0.0738660408076186	0.942408970179178	0.972374279246879	-6.38711366880421
750	-0.026088894840248	2.12566345855512	-0.0734950182887683	0.942697676995928	0.972414504429707	-6.3871425905579
3605	-0.0166092060506963	0.462248734984281	-0.0714157226718244	0.944315813759893	0.973825682939889	-6.38730198217051
1949	-0.018279150522574	2.03287436953392	-0.0704011099856609	0.945105494849121	0.974134822396786	-6.38737809984487
3569	0.0100442554797766	0.632659241635534	0.07018943753514	0.945270248960969	0.974134822396786	-6.38739384262138
3780	-0.0158631709630576	2.48820519922197	-0.0700663246574279	0.945366074431806	0.974134822396786	-6.38740297714692
823	0.025781858110432	1.28758702153015	0.0691480590994695	0.946080838889515	0.974489880865698	-6.38747060367147
1189	-0.0223158048201556	1.38311527096543	-0.0689806468039555	0.946211155509298	0.974489880865698	-6.38748283683947
2880	0.0228306989856548	2.36087311999035	0.0676324176772122	0.947260699683028	0.974579122299599	-6.38758027468627
3145	-0.0244034996617522	3.38692884696493	-0.0673976214932081	0.947443490126465	0.974579122299599	-6.387597047172
3102	0.013684249610358	2.14636007924115	0.0668856687191812	0.947842059779019	0.974579122299599	-6.38763341604649
1931	0.0167105242152284	1.66679695930982	0.0668701867884535	0.947854113130012	0.974579122299599	-6.38763451155892
3520	0.011389484958634	0.76579955341632	0.0667791379642883	0.947924998842285	0.974579122299599	-6.38764094911132
3220	-0.0183131621935884	2.56344898817583	-0.0666804632735931	0.948001822173163	0.974579122299599	-6.38764791595015
1096	-0.018170785243517	1.31427071200691	-0.0665177901784389	0.948128472759805	0.974579122299599	-6.38765937886629
3003	-0.0234215070142588	3.50850361279907	-0.0662974483355233	0.948300024240673	0.974579122299599	-6.38767486085494
1137	0.0208371331245412	1.43359889782371	0.0657416583531862	0.948732757569978	0.974766585218336	-6.38771368457799
734	-0.0232298139327217	3.0406248602082	-0.064884703275309	0.949400009132449	0.974946160794935	-6.38777290567324
537	-0.0150278991224989	2.14900856682526	-0.0648740814716895	0.949408279849614	0.974946160794935	-6.38777363483657
487	-0.0232508532810931	2.51942261917518	-0.0632687984000661	0.950658311746024	0.975946911878443	-6.38788246266964
502	0.0164018063090934	1.34950170624507	0.0629788951439409	0.950884073874374	0.975946911878443	-6.38790182578385
1234	0.0214285100316173	1.46934514867026	0.0600371723763096	0.953175190285049	0.978040630031615	-6.38809328228262
2935	-0.0137117818819616	1.56315680338027	-0.0591890679590831	0.953835806346284	0.978150079352178	-6.38814678019678
712	0.0207152471294866	1.80638804989143	0.0590760518624038	0.953923840988775	0.978150079352178	-6.38815385175166
3937	-0.00804612663615013	1.29587836677387	-0.0586189528920626	0.954279907793594	0.978150079352178	-6.38818231520151
1207	0.0177294682167533	1.36485859953741	0.0581861384236678	0.954617067248596	0.978150079352178	-6.38820906280443
2400	-0.02131304942547	1.4515876846785	-0.0580408605570503	0.954730239769064	0.978150079352178	-6.38821799645855
2932	0.0092372185276637	0.666785915098403	0.0577558497986951	0.954952268248657	0.978150079352178	-6.38823545794119
2829	-0.0539413849248153	3.84559792919519	-0.0576429553402475	0.955040216152281	0.978150079352178	-6.38824235078579
1413	-0.0112407391751764	0.703095349055877	-0.0562220294266882	0.956147209564875	0.978947887274856	-6.38832795391295
1249	0.0136348288947936	0.590064231520804	0.0559977160519323	0.956321973085144	0.978947887274856	-6.38834127243839
2997	-0.0133001496819133	2.94886925400265	-0.0525469219026263	0.95901079702728	0.98140073088845	-6.38853945572151
2646	0.015205419193815	1.19715856177933	0.0522756615557015	0.959222183297751	0.98140073088845	-6.38855450060133
3830	-0.0114691042864804	0.925554438795815	-0.0515728209733836	0.959769904173734	0.981703180155639	-6.38859312009176
1640	0.00676843163112721	1.07656518053802	0.0508105176397346	0.960363988552371	0.98205288115098	-6.38863441624929
552	-0.0312595433772582	4.26808782731456	-0.0497755301635588	0.96117062334561	0.982254984023518	-6.38868950069383
2865	0.00988294543665699	2.00103029671303	0.0497748602070099	0.961171145502196	0.982254984023518	-6.38868953598351
2225	0.0179302178020958	1.31718787792353	0.0495859600507283	0.961318372910536	0.982254984023518	-6.38869946728235
1870	0.0122068769377421	1.7090340715994	0.0485533970442111	0.962123171383871	0.982819420086252	-6.38875308652898
3947	0.0152080949344644	2.14603896453687	0.0472699375831525	0.963123584246733	0.983583329938835	-6.38881816222235
1678	-0.010146970626444	0.859852518256216	-0.0465319011439573	0.963698888500661	0.98376122234601	-6.38885479402758
1336	0.00850688371768994	0.828250847783656	0.0463982836218025	0.963803046545976	0.98376122234601	-6.38886136441521
3075	-0.0192842087108139	3.08561216205545	-0.0438605083361048	0.965781434039121	0.985522249514764	-6.38898256877104
1188	0.015620587740617	1.35475737274895	0.0430877269672895	0.966383923720406	0.985558422386429	-6.38901812361806
3246	-0.0127198171832549	1.39411713966363	-0.0428422809665143	0.966575287324342	0.985558422386429	-6.38902928412586
1619	-0.00707926440521097	0.690290235738989	-0.0428104959718972	0.966600068866842	0.985558422386429	-6.38903072473844
358	-0.0186069285876532	2.66692404835812	-0.0425165243569031	0.966829269007745	0.985558422386429	-6.3890439979538
1394	0.0104876651266847	0.837614753453098	0.0419360862751232	0.96728182690377	0.985761694311248	-6.38906993703592
2226	0.0117166636055916	1.21184332716696	0.0409395900403525	0.968058806274037	0.986295392891444	-6.38911363799556
3153	0.0052848186180775	0.919924020290878	0.0399346822056528	0.968842379199295	0.986725913643381	-6.38915664389953
3388	0.00727246713168812	1.0714600166336	0.0397477281691209	0.968988159674445	0.986725913643381	-6.38916452688402
788	0.00930523158102493	2.1718227794318	0.0385569756066681	0.969916695945288	0.987169845321471	-6.38921386753494
2972	-0.00692298741616395	1.44481479382903	-0.0385384632579338	0.969931132049294	0.987169845321471	-6.38921462277945
2933	-0.0130382624883892	1.61425309124646	-0.0380487093418009	0.970313050823092	0.987300501673666	-6.38923447148057
3071	-0.0189708315857388	3.41892439526869	-0.0368981259752375	0.971210326399911	0.987817704846089	-6.38928010374
786	0.00639098334310386	0.484019724782431	0.0367463273893179	0.971328708745679	0.987817704846089	-6.38928601949631
3292	0.00975493451492786	1.66423371447955	0.0357120389846216	0.972135332653048	0.988227405281863	-6.38932567782447
2887	-0.00674325922226669	1.78526247560054	-0.0355098916622746	0.972292987723882	0.988227405281863	-6.38933329664438
466	0.0156334260199199	2.17577712421313	0.0352535426691998	0.972492916548562	0.988227405281863	-6.38934289611168
2398	0.0101911003574038	1.4877701546406	0.0346268383642095	0.972981696976082	0.988466143497225	-6.38936607143391
787	0.00766431179717942	1.91706301699009	0.0334946986514217	0.9738647066833	0.988926816642861	-6.38940688407412
3897	0.00621468189060695	2.56589982840256	0.0319671827485609	0.975056146654045	0.988926816642861	-6.38945980018889
1637	0.00600422583869865	0.777298127580234	0.0312072747613949	0.975648887499999	0.988926816642861	-6.38948520518781
244	-0.00994183687607907	2.21535182750734	-0.0311710458465987	0.975677147040067	0.988926816642861	-6.38948640112025
1777	0.00785665204647867	1.91389650938665	0.0309311177146219	0.975864298391185	0.988926816642861	-6.38949428619628
2273	-0.00631400926444804	1.1041090978181	-0.0308767958458508	0.975906671336406	0.988926816642861	-6.38949606299049
3564	0.00412373672435215	1.10904971866955	0.0305705922047208	0.976145522259542	0.988926816642861	-6.38950602008337
1740	-0.00549146310836743	1.58415657648304	-0.0304617979579476	0.976230386652336	0.988926816642861	-6.38950953395258
691	-0.00876680314367307	1.12515194790916	-0.0302835934896059	0.976369394792449	0.988926816642861	-6.38951526259287
31	-0.00945317988199519	2.08976055523056	-0.0302510762947605	0.976394759871913	0.988926816642861	-6.3895163042796
1836	0.00657007777512454	0.72866549522915	0.0301516454476528	0.976472321199845	0.988926816642861	-6.38951948260008
2814	-0.0156599239378543	3.62136953111265	-0.0300341199109911	0.976563997670477	0.988926816642861	-6.38952322582849
2284	-0.00522933390840752	1.0953425657842	-0.0295998759876219	0.976902735184032	0.988926816642861	-6.38953692986824
745	0.00732167276999408	1.90148613238393	0.0291656641951506	0.977241452372086	0.988926816642861	-6.38955043336706
2617	0.00639742627508131	0.872591942694805	0.0291616561650838	0.977244578952678	0.988926816642861	-6.38955055708295
2405	-0.0081950864028931	1.12837608537439	-0.0280862601393441	0.978083487139897	0.989518601954471	-6.38958313713733
2908	0.00668071176525683	1.15858800272641	0.0270287270093327	0.978908487521718	0.989861449716306	-6.38961398249096
2044	0.00782828649568949	1.33551164927232	0.0270001564465001	0.978930776285952	0.989861449716306	-6.38961479939686
1708	-0.00637188812259182	0.639632466658711	-0.026250594188697	0.979515539206814	0.990195615179474	-6.38963592268422
1783	0.0059596065430123	1.59334992530211	0.0234134851588994	0.981728989664984	0.992175625682702	-6.38971049026436
4063	0.00516494326016767	1.06573461388602	0.0221343698991785	0.982726980940103	0.992910554871313	-6.3897413230795
2699	-0.00431331050833781	1.06366028198647	-0.0217935835043231	0.9829928745543	0.992910554871313	-6.38974924554276
2451	0.0032645763409453	1.07898024357727	0.0215010324382121	0.983221134972723	0.992910554871313	-6.38975594860325
14	0.00718064354506629	3.793060413522	0.0209799480759618	0.983627710360046	0.993063599725699	-6.38976766356356
513	0.00803034998344425	2.3035700565596	0.0202400506356637	0.98420502264665	0.993351611760942	-6.3897838041306
2971	-0.0028765504784974	1.23939220384675	-0.0194127070165215	0.984850576806895	0.993351611760942	-6.38980116613481
1474	-0.00326461886050603	1.58640406974426	-0.0193316363838191	0.984913834674297	0.993351611760942	-6.38980282844902
2113	0.00491564657672032	1.33159796449308	0.0191525033648354	0.985053609132124	0.993351611760942	-6.38980647681902
1677	0.00289205532869551	1.1290569047672	0.0189796607835762	0.985188475762906	0.993351611760942	-6.38980996487874
2336	-0.00419879761477679	2.72791726077796	-0.0176322950553933	0.986239822425034	0.993446169703602	-6.38983607153467
3154	-0.00362689217276461	1.91194755067836	-0.0166630278412097	0.986996156541163	0.993446169703602	-6.38985366384469
548	-0.006235779035575	2.96648892294176	-0.0165825247335067	0.987058974963051	0.993446169703602	-6.38985508026244
3782	0.00489960589269302	2.09732983891342	0.0164978611323828	0.98712504001188	0.993446169703602	-6.38985656248211
982	-0.00344015136972036	2.26671134179317	-0.0163650422250539	0.987228682009148	0.993446169703602	-6.38985887247819
3247	0.00324966769282313	0.803745677919418	0.0162251269747651	0.987337861729872	0.993446169703602	-6.38986128570007
2149	0.00419443933016696	1.69669301617067	0.0159929243563118	0.987519056418306	0.993446169703602	-6.38986524494352
2681	0.00243360259610704	1.66588871337761	0.0157023045020315	0.987745836863965	0.993446169703602	-6.3898701198392
1670	0.00332487951585119	0.670109862002449	0.0157013595217587	0.9877465742657	0.993446169703602	-6.38987013554461
2028	-0.00594285770889312	1.65618565825241	-0.0155899906030992	0.987833479479288	0.993446169703602	-6.38987197985797
583	0.00515572129427862	2.30711793006459	0.0151690543942813	0.988161952770627	0.993519918432435	-6.38987883214999
3031	0.00294969220964988	1.11669714480453	0.0127787506721174	0.990027243398715	0.995138380432265	-6.38991418700815
3739	0.00329634664962818	1.24344280272115	0.0118633919137755	0.990741567215721	0.995599396835617	-6.38992612468667
1260	-0.00177329756729552	1.78391522796395	-0.0106607788366335	0.991680070080221	0.99628539548307	-6.38994046061381
1930	0.00186918563839294	0.415613424814305	0.00994263288602721	0.992240507738659	0.996588420183486	-6.38994829137062
1781	0.00195990813831606	1.47636851673385	0.00908183741350769	0.992912274112715	0.996588420183486	-6.38995695829572
3418	-0.00241821594328449	1.04932647994537	-0.00880476274041095	0.993128504940745	0.996588420183486	-6.38995958117043
1928	-0.0023816917485515	0.855763619920959	-0.00870182969906024	0.993208834684755	0.996588420183486	-6.38996053486536
354	0.00292056652647563	1.52826784745726	0.00863455016395442	0.993261340198282	0.996588420183486	-6.38996115216285
1753	-0.00246880500945181	0.817215610256882	-0.00694906984844249	0.994576713331997	0.997651139030086	-6.3899750531514
3333	0.00168816385812527	1.36384787051916	0.00619892484575097	0.995162142939959	0.997981299152253	-6.38998027301441
2521	0.00241908913254163	1.11125391997265	0.00541969928003526	0.995770270789894	0.997995137082602	-6.389985064527
2236	-0.00107553329299312	1.37066776517017	-0.00514231912793313	0.995986746153256	0.997995137082602	-6.38998661504666
2706	-0.00161775926135505	1.4155749129062	-0.00507351205187083	0.996040445206007	0.997995137082602	-6.38998698706287
2019	-0.00117553915580583	0.612735801152684	-0.00486765304856147	0.996201103708288	0.997995137082602	-6.38998807014715
896	0.00116542037693364	1.06200635352891	0.00405220771119422	0.996837503205837	0.998375832686092	-6.38999191968164
490	-0.000685394714476484	1.74349611896463	-0.00317061575546851	0.99752552819097	0.998400947426502	-6.38999528968376
2945	0.000524337367179791	0.672617679305918	0.00308962368942543	0.997588737326475	0.998400947426502	-6.38999555802604
2046	-0.000879811016408787	1.20513431571536	-0.00289534526453241	0.99774035930008	0.998400947426502	-6.38999617340437
3509	-0.00047678079896494	1.29102270464349	-0.00270596580222919	0.997888158033884	0.998400947426502	-6.38999673481204
3460	-7.9316143613878e-05	1.07944905833262	-0.000267390958629442	0.999791317321842	0.999844478280319	-6.39000057222946
1478	-6.81440899918833e-05	2.21857218481427	-0.000199274332879761	0.999844478280319	0.999844478280319	-6.3900005890529
