logFC	AveExpr	t	P.Value	adj.P.Val	B
3417	1.57562678028012	2.67717941036492	8.86828720184368	2.77693671317153e-06	0.0102524503450293	4.9643478030016
3548	1.51892269054264	2.88372191898512	7.55251864552318	1.25735625360257e-05	0.0135603636115629	3.62717467202419
2924	1.41343470971768	1.74796773581803	7.23517910755865	1.86193370216328e-05	0.0135603636115629	3.27013280319076
3715	1.76045333037621	2.54519036117008	7.13095638565662	2.1236959978741e-05	0.0135603636115629	3.14973261438105
2934	1.21983840196936	1.5017805048845	7.08150164110423	2.26151599429418e-05	0.0135603636115629	3.09204912088781
2904	1.11347647665556	1.60138349780555	6.90481293830283	2.83808132719287e-05	0.0135603636115629	2.88302298577054
2886	1.38258333060573	1.98920018433715	6.82408950028203	3.15241699222621e-05	0.0135603636115629	2.78598143713366
2877	1.46106537187024	1.9165942629694	6.81201844385902	3.20254944368423e-05	0.0135603636115629	2.77138624812098
2878	1.57556723206172	2.25754767293755	6.75606238200137	3.446385842722e-05	0.0135603636115629	2.70344264125182
334	-1.11964999803448	1.7406364954659	-6.70776367885705	3.67290455351107e-05	0.0135603636115629	2.64441608017354
2913	1.55354792933089	1.582571919121	6.53926911799113	4.59696703596601e-05	0.0137528228667208	2.43571119265555
369	1.1854766758756	1.58536812659112	6.46516863852618	5.07971217990834e-05	0.0137528228667208	2.34254477026027
3740	1.63379929448282	2.72179177323646	6.43081731988815	5.32168726450986e-05	0.0137528228667208	2.29906625095406
3519	0.999837238591838	2.44640907688678	6.40203733911733	5.53393020369624e-05	0.0137528228667208	2.26249809704729
2928	1.34586796436083	1.68138870763399	6.39495353980097	5.58754991876523e-05	0.0137528228667208	2.25347755445155
2820	-1.26617654711577	2.15034665003505	-6.29623490470085	6.39560548732658e-05	0.0147578596620061	2.12695244041858
1120	-0.95522907580258	1.0066072180799	-6.15395932626769	7.78788130433243e-05	0.0162890037172514	1.94190616964426
2885	1.3258432398098	1.6959719509211	6.13995102897956	7.94155110808575e-05	0.0162890037172514	1.92351366473245
2828	-1.08702765872673	1.95864355392047	-6.06456126078412	8.82620374219846e-05	0.0171507074822088	1.82399381718885
2891	1.12914836500958	1.63298215858908	5.9544847645843	0.000103122136648123	0.0190363464252435	1.67705824290429
2897	1.18228176769351	1.58092982317976	5.8943367433113	0.00011235269350699	0.0192897866065998	1.59595068451518
3690	1.37704837743226	2.53809332082323	5.85532681695097	0.000118808279516351	0.0192897866065998	1.54303683892673
2786	1.34137449093027	2.0439689185316	5.84739137735988	0.000120169309846099	0.0192897866065998	1.53224312879092
2935	1.29508137702799	1.73584710575011	5.8132642081124	0.000126215103773746	0.0194160901305279	1.4857082813239
2923	1.10022057804753	1.62288785829326	5.75047780819229	0.000138202274317269	0.0204097118711743	1.39960488987173
226	-1.10296427778256	1.88738904962946	-5.70896867579186	0.000146790176913579	0.0208442051217283	1.34233176265693
2919	1.24945043080723	1.61028631062799	5.67550131777313	0.000154128432327543	0.0210756360056774	1.29595213147374
2824	1.48523050346735	2.23539586476381	5.51040654101087	0.000196514029977014	0.025911778524112	1.06451567294344
3616	1.45405973627768	3.22135595338221	5.4337939017525	0.000220254194189801	0.0274682164286923	0.955622668014724
2884	1.04355261928243	1.70672039339769	5.42491161844209	0.00022319785830465	0.0274682164286923	0.942936645042934
2866	1.1020581118014	1.74864052881101	5.39349681595099	0.000233949225372429	0.0278625980669357	0.897966803051332
1707	0.737759851330596	1.207554551606	5.33342580132354	0.000256070880412621	0.0295441778276061	0.811533605576136
3750	1.25469041111591	2.47842930750758	5.26410930745701	0.000284390426210523	0.0317653487799696	0.711076880765184
2757	1.04806784999781	1.49638053162306	5.24553744225774	0.000292530297540348	0.0317653487799696	0.684030771215614
3678	1.22116283339205	1.86622448424782	5.17441767239067	0.000326062794684207	0.0341104240652434	0.579949308317641
2896	1.06174176534674	1.70264505787934	5.15901768210069	0.000333847313346992	0.0341104240652434	0.557305596451894
3675	1.62655001899916	2.26871786477571	5.12960245304939	0.000349269423495007	0.0341104240652434	0.513949344610618
2863	1.17598740945283	1.61412169994357	5.10864399620301	0.000360717590425153	0.0341104240652434	0.482973960758898
2887	1.19570057777654	2.37339789598259	5.10208334187566	0.000364382454054995	0.0341104240652434	0.473263368010161
3489	1.43126974880487	2.60601820276637	5.07741905829462	0.00037851722058691	0.0341104240652434	0.436696106159833
1260	0.687163063975202	1.4466648002411	5.06195725204043	0.000387673556404424	0.0341104240652434	0.41372334131844
2580	1.93468270329839	2.43965699625986	5.0585564501015	0.00038971878867679	0.0341104240652434	0.408665445417441
2857	0.971598362217814	1.53375709678398	5.02549075336505	0.000410210757243048	0.0341104240652434	0.359392833764648
281	-1.21793141876929	1.24167138033524	-5.02544451893381	0.000410240196479545	0.0341104240652434	0.359323817210687
1592	1.08956155965275	0.99055029667922	5.00779778453852	0.00042164161267333	0.0341104240652434	0.332957049892551
1054	-0.987391111688841	0.828145492092508	-5.00270439980391	0.000424994449350269	0.0341104240652434	0.325337693023179
1245	0.75553428409552	2.02595139166558	4.98501139871561	0.00043686230435339	0.0343169282483557	0.298838519714064
830	-0.636733999289787	1.30054800213506	-4.95117139633585	0.000460548929206917	0.0354238884714987	0.248019040406514
2865	1.20794105998188	1.76850955424896	4.91529450199289	0.000487151734571842	0.0367053919191682	0.193945372369661
3676	1.14379314915957	2.50911179105527	4.90127960760071	0.000497981064752685	0.0367709218213383	0.172767717791547
1595	0.679884143726709	1.67173014983281	4.88527912267708	0.000510656626616918	0.0369675346170521	0.14855241531479
3693	0.958013323072125	2.55648954639506	4.87141655291989	0.000521914367541717	0.0370559200954619	0.127540604354219
1093	-1.12342956828171	0.798129474537529	-4.85757440864298	0.000533417598188447	0.0370732180920445	0.106530121978458
398	0.610481781417588	1.50268412705665	4.84716909119315	0.000542241001346262	0.0370732180920445	0.0907168142611274
2876	1.12059743118332	1.71375927528948	4.82218019063535	0.000564066766973482	0.0376554093968667	0.0526723029784364
2867	1.24353734627128	1.92912105668862	4.81428428786119	0.00057115463873904	0.0376554093968667	0.0406312030059199
3588	1.28570100492962	2.59445575483541	4.79219883862213	0.000591484037696488	0.0383115625820252	0.00690063528238838
2588	1.06230388247381	2.45672690979207	4.77862513828229	0.000604356423822775	0.0384704123578222	-0.0138671058721798
1202	0.705837988915602	1.28643401504278	4.75353159401821	0.000628938457560874	0.039356623479911	-0.0523340273054531
2909	0.982877488765654	1.54048785123146	4.74168821209489	0.000640904930127631	0.0394370167005202	-0.0705224228132035
485	-0.894302398123373	2.29586908625707	-4.69467782281773	0.000690825636751936	0.04181193853915	-0.142927151189412
1990	1.36034622145758	2.48552853070136	4.66210745924249	0.000727806307270975	0.042778737053353	-0.193286041067481
1113	1.31806694033855	3.6616649281557	4.65202100761231	0.000739677274911765	0.042778737053353	-0.208913363175527
1098	-1.03905863938121	1.38548999477647	-4.64565960906827	0.000747268934816408	0.042778737053353	-0.218777094812352
313	0.652482848278032	1.91762207819373	4.64078089506533	0.000753146779108327	0.042778737053353	-0.226345903583333
2196	1.91136808134762	2.43673185891852	4.59419854908452	0.000811784587546387	0.0447969518767132	-0.298790579194253
1188	0.878707344449781	2.86565849107043	4.5933122684545	0.000812945768076865	0.0447969518767132	-0.300172014638916
2864	1.37271054117272	1.7250958483521	4.55140259246897	0.000869900727550724	0.0452127646496095	-0.365627159621357
2899	1.17296035774084	2.19959073623854	4.55076164537673	0.000870803690041617	0.0452127646496095	-0.366630185079045
3382	1.41121681465667	2.33339321675343	4.54000198372868	0.000886109977235096	0.0452127646496095	-0.383476989779425
2905	1.08388134807812	1.62547887237297	4.53881661976791	0.000887813458239497	0.0452127646496095	-0.385333983113368
1636	1.03005454270589	1.56393232236362	4.53649402160463	0.000891161249999138	0.0452127646496095	-0.388973158474205
1529	1.35987209983522	1.60079640232643	4.53455347794457	0.000893968531804305	0.0452127646496095	-0.392014307310918
1307	0.680184795047246	2.03665131905311	4.50132048782952	0.000943516212315835	0.0470247344556168	-0.444179984227144
486	-0.887098235957199	2.44243885106122	-4.49370651567995	0.000955269524423417	0.0470247344556168	-0.4561539039757
269	-0.592905218380634	1.24285317028234	-4.46045922609981	0.00100842422546617	0.0489881873739621	-0.508536134077437
1214	-1.17353984795295	0.919346151123391	-4.45027871904989	0.0010253151948156	0.0491618662241453	-0.524607185999645
3486	-0.950314093740064	1.69008912404809	-4.42702088690355	0.00106502825786584	0.0491965633231247	-0.561376949909575
2858	1.51188276503578	2.11133740481555	4.41524403514629	0.00108575042625087	0.0491965633231247	-0.580024600707204
2498	1.55677974694389	2.36970735238268	4.41452447168564	0.00108703019305509	0.0491965633231247	-0.581164595846571
381	0.582516960873479	1.60111335541989	4.41409649944352	0.00108779210653088	0.0491965633231247	-0.581842660970469
2895	0.951853027823385	1.37911156494027	4.41136693126366	0.00109266473252877	0.0491965633231247	-0.586167898872128
3630	1.75166831852083	2.51834623500561	4.39894630469362	0.00111512825585428	0.0496030544652288	-0.605862537476085
1309	0.710110631676249	1.78660071551329	4.38120822906826	0.00114805276608501	0.0497653646946635	-0.634025771679821
1684	0.822199908276923	0.908036072866676	4.3735628767403	0.00116255682877244	0.0497653646946635	-0.646177886810809
3689	1.23400461621468	2.64513267239271	4.37045976036886	0.00116849851668718	0.0497653646946635	-0.651112511776042
2681	-1.16903697144891	2.28927590032903	-4.36827850795468	0.00117269413012885	0.0497653646946635	-0.654581964703286
944	-0.833890218292097	1.36277493353488	-4.34794390283889	0.00121257640682336	0.0499386979873287	-0.686957057716969
1781	0.992536389971389	2.03765375917861	4.34630429908406	0.00121585354650239	0.0499386979873287	-0.689569957093433
2819	1.55383705891498	2.50529199326445	4.34167857142945	0.00122514933246446	0.0499386979873287	-0.696943561934692
3838	-0.992707800776478	1.9811668128779	-4.3388435272789	0.00123088340109613	0.0499386979873287	-0.701464177588503
2932	0.757667106110921	1.59968618230735	4.33134058395415	0.00124619481154449	0.0500103396111116	-0.713433240553689
1101	-0.761241664849036	1.14651395583022	-4.32178657877711	0.00126598143777776	0.0502581018094137	-0.728685271072243
1989	1.62031468375873	2.62743417121927	4.28836812096444	0.00133782222581904	0.0525451027417436	-0.782130969685048
3837	-1.1147414647944	2.06058505796875	-4.25578275554887	0.00141199377825032	0.0548745371505283	-0.834387243089371
3663	1.43783368405137	2.41152230432356	4.21071367849839	0.00152174968656837	0.0585239566959417	-0.906892235335364
467	0.958645094907264	1.64485004547125	4.18942548858977	0.00157666224764055	0.060010690910195	-0.941230695511745
2704	1.37129411510213	2.68986207916782	4.13554370880854	0.00172511036752181	0.0647105720607512	-1.02839953930559
886	0.503672955127455	1.07085000232276	4.12640453523333	0.00175170451117911	0.0647105720607512	-1.04322058945747
447	0.500435766779488	1.57231006818311	4.11730517838151	0.0017786084682085	0.0647105720607512	-1.05798727559451
432	0.539758557821405	1.70807476703532	4.11514888782418	0.00178504696569298	0.0647105720607512	-1.06148805023716
2879	1.07760100880262	2.2945390826179	4.11423652185256	0.00178777853472281	0.0647105720607512	-1.06296946317597
1201	0.586707526126468	1.43927368620989	4.10392387267787	0.00181895921804567	0.0651904495100805	-1.07972121957875
2653	1.39474925459382	2.52235281113657	4.09387929517848	0.00184987549039797	0.0651904495100805	-1.09604994264162
741	0.686139369595746	0.837842674507381	4.08359465019433	0.00188209945299811	0.0651904495100805	-1.11278154979541
3828	-1.05363916487056	2.31279890252095	-4.07930168419368	0.00189572300789741	0.0651904495100805	-1.11976933563666
1049	1.21087322003881	3.79102568110815	4.07709918955848	0.00190275243589331	0.0651904495100805	-1.12335525715468
376	0.555725819617242	1.80083170121945	4.07577880939689	0.00190697956313345	0.0651904495100805	-1.12550527023327
303	0.778128197989358	2.02594379880164	4.06308254903796	0.00194812953376913	0.0658905530704164	-1.14618956409568
1415	-0.66498508314644	1.93483808629873	-4.05847638243899	0.00196328668668899	0.0658905530704164	-1.1536984986254
329	0.756137193052053	1.52355386937442	4.0484255447019	0.00199678874708332	0.0658905530704164	-1.17009198933537
3796	0.717860516211728	1.50036145789355	4.04444099505407	0.00201023481563581	0.0658905530704164	-1.17659430689219
2750	0.893377673945409	2.03863735923133	4.03879052943353	0.00202946467844721	0.0658905530704164	-1.1858183928056
1190	0.62730261578825	2.22867162330318	4.03730840722731	0.00203454037108003	0.0658905530704164	-1.18823849657395
2660	-1.14134990835627	2.2786176162121	-4.01982523853826	0.0020954220294151	0.0672721576747874	-1.21680540409748
3596	1.14007351484014	2.33733293794145	4.01004702241997	0.00213029776957329	0.0678022359074534	-1.23279807686018
1179	0.637399172903039	1.21438788960006	4.00267453790381	0.00215699263611559	0.0680651009618699	-1.24486332468417
227	-0.896060206804548	2.15553207480046	-3.99611843715926	0.00218102421558013	0.0682401813891682	-1.25559774699237
2827	0.914274333409757	2.21642755385498	3.97106578759891	0.0022754545505673	0.0702040686284152	-1.29666164334256
1241	0.582571197119215	1.3335436215953	3.96600258543791	0.00229505082253544	0.0702040686284152	-1.30496929842238
1183	0.793707926488584	2.89771582715613	3.96451603383942	0.00230083756880776	0.0702040686284152	-1.3074089596744
3326	-0.798804371997084	1.78553452363626	-3.95931299115066	0.0023212114997249	0.0702451873523306	-1.31594988711927
268	0.574740877136935	2.00526817358606	3.95294225413897	0.00234641382590798	0.0704305678475794	-1.32641168803442
1405	-0.693094207663229	1.90561197638847	-3.93764229153827	0.00240810961693814	0.0716995218204484	-1.35155494425816
805	-0.979546818279966	1.2811619041566	-3.92259214640139	0.00247044589457543	0.0729670899421798	-1.37631249279021
863	0.466885237651533	1.13533950813289	3.91081335468774	0.00252040193428347	0.0738517773124966	-1.39570564230568
1840	1.05908042356724	3.08557371171623	3.89865917151488	0.00257305212546663	0.0740442946772499	-1.4157323301034
384	0.633346532063464	1.83659742012392	3.89446176935247	0.00259149915119274	0.0740442946772499	-1.42265209611757
1211	0.761283001213426	1.52440710893177	3.89143265482844	0.00260489705102321	0.0740442946772499	-1.42764699239044
1311	-0.831541784466274	0.992925328387477	-3.88596897466647	0.002629245437797	0.0740442946772499	-1.43665882397956
1317	-1.00121155654187	1.21150269644921	-3.88416673269006	0.00263732873067511	0.0740442946772499	-1.4396321374338
1591	0.877398532657061	1.21933372144836	3.8819505205058	0.0026473041433903	0.0740442946772499	-1.44328887646353
3525	0.922057707484478	2.54358866132788	3.87077899011304	0.00269818856067151	0.0749000914736782	-1.46172959318443
2826	1.20212332228385	2.66682637146233	3.85134055756094	0.00278916283934404	0.0768321229335015	-1.49384691658975
1091	-0.937507815301228	1.03863165577887	-3.84710423483147	0.00280940861214049	0.0768321229335015	-1.50085151061828
1213	0.698144147670385	2.07584105590419	3.83807660342012	0.00285306301681622	0.0769442994947478	-1.51578436511033
1428	-0.652800361708812	1.07469576764684	-3.8354048634974	0.00286611715714668	0.0769442994947478	-1.52020532730812
2573	1.40875792414177	2.45448754036574	3.83187174511129	0.00288347524380891	0.0769442994947478	-1.52605271469132
2868	1.06992685197691	2.55137914946453	3.82915964521872	0.00289687368086943	0.0769442994947478	-1.53054213941984
2892	0.879965688758956	2.01211105591896	3.82302155984199	0.00292743639744304	0.0769948736647468	-1.54070539199873
311	0.507861660460228	1.86782320664138	3.82042080471407	0.0029404867786374	0.0769948736647468	-1.54501276168165
2752	-0.5897198618368	0.72854889613504	-3.81180384879233	0.00298415885435191	0.0771802464048079	-1.55928889539227
270	-0.531109854301627	1.35562839043088	-3.80933579926778	0.00299679084972017	0.0771802464048079	-1.56337916812234
1757	0.551210069064299	1.34170371940231	3.79788186347432	0.00305614442274485	0.0771802464048079	-1.5823693734239
3527	1.11239795277252	2.55145414839525	3.79727132579174	0.00305934220457988	0.0771802464048079	-1.58338197721759
3631	1.28652531754811	2.26672146839584	3.79677064956762	0.00306196715942751	0.0771802464048079	-1.58421239759365
2167	-1.23486092239939	3.62778179511685	-3.78594774471404	0.0031192840689705	0.0771802464048079	-1.60216909397875
3797	0.749727949593682	1.68484173076664	3.78495366234412	0.00312460408636658	0.0771802464048079	-1.60381897273596
2855	0.639800843884214	1.43349023137129	3.78384070180216	0.00313057146208026	0.0771802464048079	-1.60566626463154
1196	0.674775188667922	1.80034311668382	3.78288430579361	0.00313570881926359	0.0771802464048079	-1.60725378429998
2825	1.44826249483494	2.63694260484848	3.77450787018751	0.00318107858391723	0.0773098019155727	-1.62116149459836
2836	-0.608712222188524	1.77015040341192	-3.77418295522216	0.00318285208319801	0.0773098019155727	-1.62170109583945
3350	-0.809586683961803	2.91164454924638	-3.75539977565742	0.0032871383841437	0.0792041827964824	-1.6529118707721
309	0.502718717754655	1.56048248932063	3.74236317687273	0.00336159456135889	0.0792041827964824	-1.67459298537891
1981	0.515514739001006	1.2557514412813	3.74129457960011	0.00336777458781693	0.0792041827964824	-1.67637084901631
1189	1.03012321695063	3.17889403017932	3.73428017507754	0.00340863412528182	0.0792041827964824	-1.68804351707269
2006	1.75971725129091	2.84362567816882	3.73378156367477	0.00341155804650585	0.0792041827964824	-1.68887342414677
2856	0.860345579310533	1.6402199669148	3.73020516421042	0.0034326067480722	0.0792041827964824	-1.69482676517592
2875	1.00749125769343	1.76379068084382	3.72373154945757	0.00347104936051445	0.0792041827964824	-1.70560575787731
1163	1.03851939855265	3.28974406741042	3.72311380134907	0.003474740978528	0.0792041827964824	-1.70663454293515
2652	1.12449754334636	1.85426754029681	3.72281500380858	0.00347652802859073	0.0792041827964824	-1.70713216633536
3827	-1.05963194471322	2.37298660062179	-3.72092758714103	0.00348783829980486	0.0792041827964824	-1.71027568977598
1508	-0.622932119423332	2.02999093134257	-3.71934463028979	0.00349735346163264	0.0792041827964824	-1.71291237229027
1251	0.590715205969041	1.6928239105794	3.71587904841594	0.00351827897579174	0.0792041827964824	-1.71868565361735
3383	1.64399615546549	2.66488007668932	3.71045035416485	0.00355131868935488	0.079463446067262	-1.72773137708268
2901	0.793606626790465	1.36558488758816	3.69581680499369	0.003641988425678	0.0804807436969257	-1.75212767559919
4040	0.491221776625295	1.13493299864723	3.69339542084563	0.00365722066639697	0.0804807436969257	-1.75616625356745
496	-0.581788142319947	1.94749180292172	-3.69020161078984	0.00367741282234618	0.0804807436969257	-1.76149390772468
274	0.511766248801923	1.63468996758238	3.68718632086085	0.00369658210929409	0.0804807436969257	-1.76652456221434
2890	0.84901875264512	1.66269894712978	3.68513371386103	0.00370969034345152	0.0804807436969257	-1.76994953320578
3629	1.07610831572539	2.59287809991331	3.6823452202084	0.00372757507372001	0.0804807436969257	-1.77460296924747
2925	1.17442175061958	2.3987607228327	3.67572051411115	0.00377042262507555	0.0809325600684821	-1.78566088340338
48	-1.17699309515074	2.77506417546694	-3.65578462862411	0.00390246155862483	0.0824537241132039	-1.81895959643312
1150	-1.09022346505019	1.18455598927276	-3.65304208786351	0.00392099614382648	0.0824537241132039	-1.82354296960354
1802	0.465043666175737	1.18344466674004	3.64766683351384	0.00395758726986501	0.0824537241132039	-1.8325279259356
3457	1.09509467941206	2.26810176190819	3.64501243412414	0.00397578652754344	0.0824537241132039	-1.83696571520575
399	0.448575402543712	1.23932346958232	3.64477902733959	0.00397739095372952	0.0824537241132039	-1.83735596598021
1063	-1.04389416297691	1.2367675972434	-3.63869517071232	0.00401944773554103	0.0824537241132039	-1.84752955912025
1207	0.506736895588306	1.4860847501273	3.6376944800484	0.00402640920797379	0.0824537241132039	-1.84920322195905
233	0.549286062910329	1.95525008150809	3.63702487166993	0.00403107440115708	0.0824537241132039	-1.85032319117329
1513	-0.501012585760313	1.40559598259486	-3.63541874432164	0.00404228712472641	0.0824537241132039	-1.85300970089041
273	0.499686999023467	1.64196755777151	3.62355745556041	0.00412609652728765	0.0831309597644438	-1.87285587580327
995	1.03328170327555	3.84584877680246	3.62088398454003	0.00414523314028355	0.0831309597644438	-1.87733060223329
969	1.01616427987348	4.04161095955982	3.62033103020882	0.00414920258546082	0.0831309597644438	-1.87825617899448
2922	0.689350117502968	1.29631576256418	3.6171190368589	0.00417233793423826	0.0831309597644438	-1.8836331194472
439	0.48104707746229	1.40698083843126	3.61494520446738	0.00418807110405919	0.0831309597644438	-1.88727260494166
893	0.482782423938093	1.30102768974642	3.6117527929529	0.00421128729702624	0.0831447738001117	-1.8926180727111
3110	-1.16543854426504	1.71209286154351	-3.60461083858533	0.00426370776069286	0.0833135660739287	-1.90457955837868
3922	-0.738894709585057	1.79860295451511	-3.60323822842899	0.0042738592971769	0.0833135660739287	-1.90687887146177
3296	-1.0894027168103	1.70671273068859	-3.60139447595183	0.00428753454876664	0.0833135660739287	-1.9099676348267
1572	0.528691815537514	1.88230475703091	3.59676018592707	0.00432210705091701	0.0835436086162205	-1.91773238759992
3431	1.01073173786915	2.40204187515634	3.59376164219266	0.00434462970051851	0.0835436086162205	-1.9227572936452
2321	1.13147723347694	3.13733825668288	3.58189869452954	0.00443492763720397	0.0848380975987412	-1.94264345722351
3055	0.557034853732376	1.0279697044124	3.57799527562986	0.00446506073524277	0.0849742486315273	-1.94918908559817
2078	-2.40124672425105	5.05855260060285	-3.57011247442479	0.00452655835596813	0.08570283820633	-1.96241104197436
2651	0.969840106013043	1.71867068688914	3.56429947347342	0.00457246706592361	0.0861303490172958	-1.97216410037559
3336	0.450845104480648	0.987690289328796	3.55574714414592	0.004640883580059	0.0869753410029332	-1.98651749048949
2168	-1.2942073259275	4.02999590657447	-3.54653073029918	0.00471579393449747	0.0879328848796196	-2.00199104394629
1698	1.14965347193319	1.63404306059373	3.53950537194261	0.00477373105886201	0.0884570815013636	-2.01378986873875
1240	0.598765763053869	2.29870858983186	3.53480131110116	0.00481293392985257	0.0884570815013636	-2.02169200456259
1095	-0.787594256882844	0.918280389765355	-3.52610947662316	0.00488624438043086	0.0884570815013636	-2.03629685572663
1685	0.669933972529429	1.26108287156739	3.52570617955916	0.00488967371885504	0.0884570815013636	-2.03697463380181
3513	0.990807322007822	2.48452881234041	3.52537569611132	0.00489248575066057	0.0884570815013636	-2.03753004972029
2903	0.938669611658321	2.53279817622096	3.52498494076972	0.00489581277365163	0.0884570815013636	-2.03818676871449
497	-0.566570723689332	2.04130767453097	-3.52313210286517	0.00491162018087203	0.0884570815013636	-2.04130085648986
2567	1.43766101265148	2.38385463513699	3.49961360199436	0.00511689180813103	0.0917066240564066	-2.08084767414417
2617	0.694375503179911	1.24782825367747	3.49382130124692	0.00516878833598851	0.0917211215258443	-2.09059282402804
1620	-0.644130862182001	1.08685231141296	-3.49266589903158	0.00517920481086496	0.0917211215258443	-2.09253695358893
2507	1.82037744861181	2.62588609668532	3.49122445581245	0.00519223033556377	0.0917211215258443	-2.09496250130518
1593	0.913888010727525	1.20274780728711	3.48372260391861	0.00526056610819261	0.0923241873311328	-2.10758804420264
1977	1.09321016153012	2.04201516193306	3.48037346275316	0.0052913718454131	0.0923241873311328	-2.11322569678418
592	-0.631350654092381	0.690389707511233	-3.47903577231785	0.00530372780779201	0.0923241873311328	-2.11547763312059
266	0.533210908610543	1.89743674072276	3.47659001886735	0.00532639542294997	0.0923241873311328	-2.11959521044861
3677	0.942646555885915	1.98058566085367	3.47388842954922	0.00535154989567398	0.0923267393216277	-2.12414390875265
378	0.427361134360695	1.40032552131003	3.46401660487487	0.00544450876648205	0.0931363957389361	-2.14076879449149
3149	-0.961772170931597	1.22954709175818	-3.46190612584328	0.00546459653444598	0.0931363957389361	-2.14432371794514
475	0.461708712415361	1.40125561388132	3.46024165763764	0.00548049279910022	0.0931363957389361	-2.1471275508059
781	-0.665434809038615	1.01039977420298	-3.45777816847913	0.00550410719777381	0.0931363957389361	-2.1512776366968
3644	1.49745971128292	3.08748252173724	3.45564777540791	0.00552461285667037	0.0931363957389361	-2.15486684920679
40	-1.03194606370049	3.48580290184418	-3.44804779084558	0.00559840614662329	0.0939514340606054	-2.16767307992649
832	-0.438970624957404	1.28998432909528	-3.44150166007636	0.00566277771556189	0.0944662559115537	-2.17870605028907
951	-1.11161084013112	0.988354325510973	-3.43523583258795	0.00572510453081727	0.0944662559115537	-2.18926873728092
3647	1.04888851646437	2.89427650524329	3.43308582830731	0.00574665268380375	0.0944662559115537	-2.19289360747975
2926	0.947596908524638	2.35275615237992	3.43282705891139	0.00574925177268075	0.0944662559115537	-2.19332990453071
3955	0.549590145060738	1.78263297391372	3.43205463301165	0.00575701722104539	0.0944662559115537	-2.19463227074339
3651	1.28434682721806	2.92550305174774	3.42607212226529	0.00581752693737247	0.0950367674901733	-2.20472026596398
2182	1.38094552325097	3.06093666262841	3.42326224773944	0.00584617202635705	0.0950839961291199	-2.20945904510027
3791	0.846802864405205	2.71972465350462	3.41706959612064	0.00590981448375124	0.0956975222544279	-2.21990420025878
1945	0.966987300377297	2.16716456443648	3.40995444461177	0.00598381539745653	0.0964726919100853	-2.23190769843718
1571	0.560698370486621	1.83162705793169	3.40014097443999	0.00608744184180491	0.0977166751301902	-2.24846739920551
958	-0.410714511871178	1.23018497470774	-3.38774155307075	0.00622101028281381	0.0983026995968056	-2.2693972673559
1975	1.08808183329708	2.54325167059801	3.38707018716799	0.00622832746327351	0.0983026995968056	-2.27053071636033
400	0.493847371137742	1.39186103078128	3.3853631067726	0.00624697257682635	0.0983026995968056	-2.27341282654066
2515	0.795397689128342	1.29586806988862	3.38520154781494	0.00624874011902838	0.0983026995968056	-2.2736855977549
2366	1.24103099609924	2.7004818377484	3.38430596691892	0.00625854755290336	0.0983026995968056	-2.2751976905952
1206	0.527211038324543	1.7202038737639	3.38019516921649	0.00630376725594159	0.0983026995968056	-2.28213879631854
2042	0.47282978944752	1.35256922178131	3.37960104395579	0.0063103303912359	0.0983026995968056	-2.2831420426433
2833	1.06604523893454	2.56175515243434	3.3712892656717	0.00640288552675813	0.0987798150016014	-2.29717902886146
953	-0.794413059993565	0.999144559083651	-3.37097780119278	0.00640638071267894	0.0987798150016014	-2.29770509057182
333	0.528151570695427	2.2249385089178	3.36965709746626	0.00642122307702717	0.0987798150016014	-2.299935797914
1310	0.535247433536062	1.49155659402944	3.36550001107392	0.0064681715652843	0.0990891677138159	-2.30695772516622
2554	1.71511439149573	2.61350383888144	3.3618767815134	0.00650937744610395	0.0993083534339495	-2.3130784856803
2902	0.950173323954751	2.27223485666407	3.35871651904174	0.00654553750103101	0.0994077016385261	-2.31841759786806
2889	0.813775822342713	1.37272788115851	3.35400359717681	0.0065998455558572	0.0994077016385261	-2.32638061645795
3501	-0.801097438054645	1.38141374207657	-3.35274356104987	0.00661444320414465	0.0994077016385261	-2.32850974401994
3376	-0.903236678170946	1.61820849646276	-3.3519554719356	0.00662359008750743	0.0994077016385261	-2.32984143855739
1122	-0.39675813288418	1.12408970466012	-3.34802375665973	0.00666941689908932	0.0996902315442825	-2.33648552997349
151	0.446070499013926	1.46930052570828	3.33822249316939	0.00678507473475623	0.101010064196452	-2.35305104062558
487	-0.588506322093585	2.16106415388912	-3.33526455694892	0.00682038070655144	0.101127893849751	-2.35805109183123
970	0.763479304148798	3.6206006913939	3.32418690267904	0.00695428139165372	0.102700827591942	-2.376779478509
1675	0.69602418457866	1.224034415054	3.31217912845327	0.00710246300873655	0.104471288558786	-2.3970853220632
2550	0.594706019453549	1.32243882738142	3.30933853654639	0.00713798675610807	0.104577171045837	-2.40188965262426
3262	-0.93909326809532	1.37474006797494	-3.30485126873344	0.00719447370986455	0.104988130185059	-2.40947957581478
987	-0.866655708790471	1.279665126943	-3.30024030775662	0.00725299354842202	0.105425402286512	-2.41727940359614
2841	-0.552672274861645	1.02061957524515	-3.2975531641175	0.00728732132827619	0.10550898174116	-2.4218252470228
1302	0.654307888714268	1.37894165914478	3.28984905711043	0.00738666256087477	0.10647704036976	-2.43485954238774
1512	-0.666535500767444	1.86180820177127	-3.28791150966515	0.00741186331934675	0.10647704036976	-2.4381378931524
202	-0.449431203870003	1.80556701053502	-3.27890885384928	0.00753011293232116	0.107756499791201	-2.45337193687521
1902	0.455131295561976	1.17478986367271	3.27638140604537	0.00756365579412736	0.107818599196595	-2.45764923342113
1773	1.20834917847782	2.67810690900114	3.27318083789125	0.00760635082944931	0.10801018177818	-2.46306593383631
1603	0.823034787123947	1.22761058395822	3.26771706306705	0.00767980570638309	0.108635412520944	-2.47231357467258
3969	0.670625018873032	2.0701958767989	3.25991651945317	0.00778593210861802	0.10971626467564	-2.48551765151894
1905	1.21268791276755	2.47509553624276	3.2508562556838	0.0079110763807594	0.110475961290575	-2.50085599715642
2475	1.17709473804851	2.9228875622949	3.24920315372676	0.00793413004013111	0.110475961290575	-2.50365478844919
2830	0.991659952574859	2.69466088841975	3.24903030476773	0.00793654449093445	0.110475961290575	-2.50394743482877
1996	0.406495517719688	1.21642126379176	3.24738706146115	0.00795953567261455	0.110475961290575	-2.50672960504289
668	0.669723254024891	1.90270703648904	3.24199304120518	0.00803548356161958	0.111112379436328	-2.51586263952242
2077	-2.14785600669428	4.56921972107952	-3.23064356234319	0.00819770530239697	0.112312922716885	-2.53508140271096
1768	1.08499507915709	2.98256156946785	3.22999764039451	0.00820703740808907	0.112312922716885	-2.53617526257027
2238	0.593864033109584	0.860089986577226	3.22852359552592	0.00822837455899027	0.112312922716885	-2.53867156852941
3795	-0.657476333056721	2.05964190758941	-3.22533789740087	0.00827468153265117	0.112312922716885	-2.54406671901719
2125	-1.63581778377955	3.75217941051217	-3.22357845688617	0.00830037026787574	0.112312922716885	-2.54704651035239
1121	-0.990376174223282	0.976037147501272	-3.22327365410499	0.00830482879244574	0.112312922716885	-2.54756273085913
1533	0.899243168024698	1.77484039708912	3.20699085500759	0.00854658600054031	0.114819453384486	-2.57514206634494
3475	1.12488776914558	3.05532429535759	3.20601403100892	0.00856131507820122	0.114819453384486	-2.57679672622782
2448	1.04326045308465	2.63296312234546	3.20454798347171	0.00858346942960947	0.114819453384486	-2.57928011925873
1223	0.673207722738669	1.83744351992406	3.19573276577467	0.00871791721612272	0.116041807930561	-2.5942132395743
47	-1.23329547829804	3.14291995445853	-3.19444676983271	0.00873770926454384	0.116041807930561	-2.59639183203157
2791	-0.58872140016956	0.897826159100452	-3.18561890570169	0.00887481350934016	0.117440184503526	-2.61134762599588
1495	-0.764608878975705	0.943211663447514	-3.17824086486632	0.00899107806130353	0.11814987752413	-2.6238479320488
2759	-0.614227793622908	1.80070424369673	-3.17631956614036	0.00902160759612453	0.11814987752413	-2.62710320916879
1319	0.45459353717323	1.58161527092028	3.17433640285012	0.0090532306976276	0.11814987752413	-2.6304633452305
2193	-1.33855736038316	3.60332731515892	-3.17413487456944	0.00905645052527862	0.11814987752413	-2.63080480323225
1416	-0.699389590566534	1.66204280153782	-3.16323214154699	0.00923239006633069	0.119400238445881	-2.64927835102216
2270	1.09073022986589	2.17062398724367	3.16322300683404	0.00923253892203857	0.119400238445881	-2.64929382928747
1344	-0.68722632277905	1.43349010975777	-3.16219452600763	0.0092493142458077	0.119400238445881	-2.65103653746317
3259	-0.906850442455838	0.756839632462126	-3.1590667955601	0.00930052049859145	0.119642932685713	-2.65633636825318
3445	0.986983739487328	2.81560580916424	3.15407158172895	0.00938289857747992	0.119885908390027	-2.66480073409398
241	0.408981646853634	2.0999311222252	3.15277821394758	0.00940434855743913	0.119885908390027	-2.66699236713498
246	-0.567844521005002	0.959091284273775	-3.15202737304729	0.00941682379011591	0.119885908390027	-2.66826468429134
1220	0.556208957985074	1.80092403818214	3.14844093998077	0.0094766446872898	0.120232894108158	-2.67434202411316
2508	1.72420304968113	2.63851443423362	3.14375876812253	0.00955532342280705	0.120552305604273	-2.68227623784682
996	0.7836181586264	3.44059760296197	3.14305983326685	0.00956712501139003	0.120552305604273	-2.68346063295253
409	0.424227567769301	1.45968585639335	3.13940368478482	0.00962910105019966	0.120920547882099	-2.68965627237201
1087	-0.727589738347892	0.760490736937161	-3.13610284941591	0.00968540411327425	0.121215294868504	-2.69524984894583
1234	0.432999901928854	0.964992557837463	3.13193139774123	0.00975703569027058	0.121699242461078	-2.70231881569722
2079	-2.11540876485766	4.65602616980941	-3.12810505620332	0.00982321374788316	0.12201554812168	-2.7088029938033
3798	0.630231062561307	1.80044012649748	3.12665038104706	0.00984849223734038	0.12201554812168	-2.71126811604
844	-0.484488424896943	1.59880990160105	-3.12344338035056	0.00990445498375114	0.122021342772038	-2.71670277455539
2076	-1.46110983314087	3.62319479851854	-3.12283770125122	0.00991506035525772	0.122021342772038	-2.7177291736477
2499	1.23915382025215	2.34167997278808	3.11812133559375	0.00999803842060925	0.12223019644818	-2.72572165111585
184	0.488419015246334	1.76056526597871	3.11502158364459	0.0100529575731951	0.12223019644818	-2.73097457089343
3790	0.715113716986132	2.42145343097431	3.112319634894	0.0101010782317766	0.12223019644818	-2.73555335683935
2746	0.916058831559676	2.12901368357966	3.11181850539066	0.0101100287964562	0.12223019644818	-2.73640258172662
1044	-0.383370341735529	1.14199124418209	-3.11025881120368	0.0101379376471491	0.12223019644818	-2.73904567078495
3461	-0.639382388995947	1.81741967739636	-3.10989549072182	0.0101444500389444	0.12223019644818	-2.73966136038157
1877	1.00944362248228	3.13880332848649	3.10791833994025	0.0101799641820952	0.12223019644818	-2.74301187217569
468	0.399139000761651	1.39028172637178	3.10697876238774	0.0101968852941602	0.12223019644818	-2.74460409263135
2740	0.971387644583399	2.55434250116907	3.10231091809772	0.0102813734022766	0.122498498603189	-2.75251424865991
3589	1.03119638878016	2.27425174984458	3.10173673362117	0.0102918150472508	0.122498498603189	-2.75348726047494
469	0.449750426768239	1.58662436409544	3.10025521680941	0.0103188063557941	0.122498498603189	-2.75599783052305
49	-0.933217505408432	2.5321650625564	-3.09683433458824	0.0103814047576145	0.122846622965105	-2.76179480640283
2760	-0.476125663411613	0.997694110665993	-3.08614904156331	0.0105794228139894	0.124789869103032	-2.7799015813885
3946	-0.76778142143424	0.658155283315322	-3.07823216974667	0.0107286005971393	0.12586680971293	-2.79331666464284
1204	-1.24093222408404	1.0437409264062	-3.0776893257647	0.0107389071125604	0.12586680971293	-2.7942364926791
3349	-0.690784030680633	2.3735781810179	-3.06965953809385	0.0108925378289613	0.127235798838719	-2.8078423598546
3953	-0.45795952898932	1.73799262841253	-3.06799646157198	0.0109246338656214	0.127235798838719	-2.81066024228801
968	-1.17108063458776	1.32136475420299	-3.06220130830647	0.011037225326269	0.128142880203098	-2.82047920718278
1601	0.649298267582787	1.51912746932652	3.05578953704047	0.0111631654800146	0.128352826653145	-2.83134249331047
2198	1.38584145728298	2.81167214512937	3.05447398243393	0.0111891848243637	0.128352826653145	-2.83357133923454
3807	-0.542262967526332	0.650415203197517	-3.05411599905886	0.0111962757133314	0.128352826653145	-2.83417783993123
1579	0.39715604948868	1.17846162252142	3.05375341933442	0.0112034622789743	0.128352826653145	-2.83479212615487
2126	-1.65587444857998	4.26629039524293	-3.05230970068253	0.0112321240214576	0.128352826653145	-2.83723807192975
3650	0.730644671899299	3.10506173704065	3.05071350377881	0.0112638991970799	0.128352826653145	-2.83994231407506
373	0.691676904454955	1.60528361360401	3.0456792503617	0.011364711749391	0.128749519513246	-2.84847100745428
1156	-0.731864079026413	1.2716973021731	-3.04549309400971	0.0113684570317763	0.128749519513246	-2.84878637411357
1516	-0.661613433643195	0.730364532862979	-3.03491409040841	0.0115833591619008	0.130781477752524	-2.86670734726342
1187	0.583122962689035	2.72075325499493	3.02803262062528	0.0117253487850317	0.130781477752524	-2.87836365800609
1664	0.592876052782419	1.41256957594852	3.02596011467252	0.0117684556672124	0.130781477752524	-2.8818740468485
1367	-0.55616817629987	1.88095073687104	-3.0246706679396	0.0117953561340017	0.130781477752524	-2.88405805801389
3786	0.620166076426065	1.3494038942679	3.02387892577681	0.0118119042439679	0.130781477752524	-2.88539906239911
967	-0.871274018450727	1.00235408158395	-3.02323248129602	0.011825432891504	0.130781477752524	-2.88649396163005
103	0.452675334904166	1.5716604678705	3.02270024785915	0.0118365831014118	0.130781477752524	-2.88739541274415
2738	0.911825340839015	2.73970797388207	3.02263562321144	0.0118379377007247	0.130781477752524	-2.88750486803045
3093	0.512987348637308	0.957937030232165	3.02096310036093	0.0118730500180308	0.130781477752524	-2.89033760527744
3577	1.43076645351408	2.40810851041767	3.01958281963203	0.0119021063176728	0.130781477752524	-2.89267533329474
1879	1.22332960350138	2.98750041099788	3.01297640587657	0.0120421753966705	0.13192792749112	-2.90386382535062
498	-0.424380064169135	1.81744221104294	-3.00543378394079	0.0122041298241764	0.133306648848696	-2.91663672105892
350	0.6395357064431	2.00621919086084	3.00229488697619	0.0122721740258211	0.133654473461155	-2.92195184215563
3190	-0.626087623377288	0.647886757731559	-2.99807873827457	0.0123641734407801	0.134260377480471	-2.92909071655622
3337	0.394515908161243	1.22457425503934	2.98879738533232	0.0125691584611331	0.136086020640773	-2.944804551217
1082	-0.736537907945305	1.74752898718561	-2.98575870482931	0.0126370118340473	0.136269586466749	-2.94994871617842
153	0.36496481786497	1.23799056321935	2.98473599542121	0.012659931787133	0.136269586466749	-2.95167999920923
1651	0.441528444863378	1.55000304532664	2.98199443095495	0.0127215799994415	0.13653509697075	-2.95632088678759
2576	1.12110019032527	2.39054384693143	2.97850068300356	0.0128005809618263	0.136781702222124	-2.96223475735713
1573	0.535142811029929	1.90088731799293	2.97603537390865	0.0128566241690204	0.136781702222124	-2.9664075787199
1047	-0.563681323111913	1.45320716043232	-2.9737973029616	0.0129077157537748	0.136781702222124	-2.97019561978481
2124	-1.13669204186236	3.0479981098202	-2.97294732229407	0.012927173019311	0.136781702222124	-2.97163421354179
2375	0.83881803374202	1.81201102869144	2.97214375601263	0.0129455949710887	0.136781702222124	-2.97299423105417
3659	0.533873235067872	1.28786016144277	2.97121821117411	0.0129668460936466	0.136781702222124	-2.97456067046299
3438	-0.604257740168897	1.44231545502606	-2.96787124398514	0.0130439884748436	0.136830580675844	-2.98022503165365
1096	-0.772620355117655	1.15116512971065	-2.96616811881905	0.0130834201844567	0.136830580675844	-2.9831072447281
2705	0.818770577724288	2.06417649073508	2.96398351009375	0.0131341753177847	0.136830580675844	-2.98680414341041
452	0.431937674690638	1.16097037357512	2.96220904011283	0.0131755476107418	0.136830580675844	-2.98980687429902
337	0.574271348292229	1.80198537964326	2.96189167904412	0.0131829608029007	0.136830580675844	-2.99034389719049
2046	0.581154856688083	1.89329142396105	2.96142592150692	0.0131938479741605	0.136830580675844	-2.99113202345313
3968	0.518532469458919	1.73341378980025	2.95964302415419	0.0132356072789612	0.136879165473179	-2.99414886769778
3108	0.568395568005168	0.9955124741983	2.94771200789397	0.0135185034363911	0.139414286835631	-3.01433462632331
1561	-0.643727627106206	1.5417811394727	-2.93817369866767	0.0137490379276784	0.140244044687618	-3.03046862748569
1991	0.915975303465387	1.94865397022728	2.93770643319132	0.0137604325097499	0.140244044687618	-3.03125891861616
3148	-0.609675992834057	1.62223327820618	-2.93613394266249	0.0137988485687963	0.140244044687618	-3.03391842837794
63	1.1673865927671	2.94404264722082	2.93556755210111	0.013812711943199	0.140244044687618	-3.0348763261479
2888	0.77671890677207	2.52983412675702	2.93461453611886	0.0138360702597808	0.140244044687618	-3.03648806957876
4010	0.555169456664728	1.38779380052678	2.93447156788504	0.0138395778209969	0.140244044687618	-3.03672985488262
1578	-0.5189582211393	0.578298334627506	-2.93344199743213	0.013864863572855	0.140244044687618	-3.03847102274345
949	-0.615552252938211	0.707441590512661	-2.93063822855909	0.0139339585829445	0.140454284871296	-3.04321243535571
3702	0.943332656188435	2.42294632414084	2.92951507613686	0.0139617341678672	0.140454284871296	-3.04511169594037
2017	0.945991719507054	2.20507143964554	2.92636888781448	0.0140398362431012	0.14085618317807	-3.05043166224138
3199	-0.617966265296438	1.46356830066441	-2.92288352831643	0.0141268709893479	0.141221248653162	-3.05632467738163
1237	-0.635677783950079	1.56986508400203	-2.92185233237544	0.014152725352565	0.141221248653162	-3.05806811956783
3144	-0.761451221171764	2.31332171373615	-2.92018745986043	0.0141945678117549	0.14125699288679	-3.0608828258168
3855	0.525434275883376	2.14574104846096	2.90925770389806	0.0144723644819809	0.143223119047824	-3.07935824338603
3495	-0.620055431291808	3.08114234642443	-2.90827191644308	0.0144976867771824	0.143223119047824	-3.08102434270159
291	-0.532780697034907	1.15514915033325	-2.90785080935761	0.0145085174766756	0.143223119047824	-3.08173605121589
1710	0.759586657511353	1.20042182565238	2.89831259112271	0.0147560249716579	0.145161112008709	-3.09785435212859
1785	0.910818811554744	1.96933755690042	2.89668180453573	0.0147987647482861	0.145161112008709	-3.1006097432068
383	0.429151393883512	1.51251157187318	2.8957671824723	0.0148227896065231	0.145161112008709	-3.10215504201763
115	0.988777162351505	2.57138198369019	2.89409798779584	0.0148667361982916	0.14520632286797	-3.10497512655917
1085	-1.01855652334312	1.20555790091791	-2.88308315632318	0.0151600318979631	0.147680310731609	-3.12358118585244
3301	-0.590036227951718	0.603294591187187	-2.87970957223837	0.0152510176519876	0.147794201379965	-3.12927858454548
1427	0.390387743500393	1.42527647337062	2.8796812012604	0.0152517851369899	0.147794201379965	-3.12932649576872
1092	-0.881324783091652	1.25304399687147	-2.87462793411392	0.0153891046984018	0.148734488341622	-3.13785949558711
2043	0.395477672657218	1.15861597119419	2.87264942515306	0.0154432066705932	0.148867673701906	-3.14120006635039
267	0.507419997277709	2.15078919574374	2.86811229759952	0.0155679948257838	0.149679783585401	-3.14885990272062
152	0.367542718266725	1.30791665739095	2.86664129047724	0.0156086696942027	0.149681061067523	-3.15134310488577
1708	0.82852457494698	1.73764931721691	2.86416223482597	0.0156774593301905	0.149769871806295	-3.15552772607594
3623	-0.686816571811124	0.622726756848386	-2.86338592840433	0.0156990629439426	0.149769871806295	-3.15683805488626
2831	1.03233188214146	2.65214946180905	2.86087206521188	0.0157692254868198	0.149849532828668	-3.16108098179705
814	-0.776545378579143	1.3081488086865	-2.86018028313286	0.0157885883722513	0.149849532828668	-3.16224851834339
3921	-0.73278691512875	2.00085861543605	-2.85528860723915	0.0159261872182368	0.150540172319637	-3.17050355086831
649	0.607020427712809	1.79445324903905	2.85462977497914	0.0159448112071957	0.150540172319637	-3.17161527181228
910	0.701768045957562	0.767548229467384	2.85263930258628	0.0160012108709079	0.150540172319637	-3.17497386733028
2592	1.10096724865739	2.90904398298749	2.85182100996612	0.0160244549625183	0.150540172319637	-3.17635453618194
1878	1.1676146424944	3.29435662534266	2.84803906726059	0.0161323234278013	0.151168878414828	-3.18273513881804
2235	-0.574845021893529	1.95638146319004	-2.84360174355612	0.0162598121011216	0.151977788043901	-3.19022038517816
3483	-0.59645732647507	1.80234439305079	-2.84157995774	0.0163182340387821	0.152138687048444	-3.19363051493878
1368	-0.662632862051061	1.75707515803273	-2.83860888745177	0.0164044682105089	0.152382716385179	-3.19864135040526
401	0.341933022413592	1.32382593935461	2.83754140698475	0.0164355626826868	0.152382716385179	-3.20044157098106
751	-0.762778119239861	1.30680133700348	-2.83642211774027	0.0164682296418435	0.152382716385179	-3.20232908843884
2413	0.623146389386531	1.23150886649936	2.82386514060351	0.0168391938546274	0.155425759278211	-3.22349926376419
2813	-0.570489483313322	2.23496060802951	-2.81933050302746	0.0169752028613792	0.156290396419481	-3.23114187997641
3557	0.608067738697267	2.51257579252976	2.81474301683367	0.0171139147241934	0.156714104390015	-3.23887220021154
3198	-0.827130374843815	1.56896901634774	-2.81058193667777	0.0172407131105957	0.156714104390015	-3.2458827801611
856	0.416731473694355	1.28214822143274	2.80974744127445	0.0172662550624025	0.156714104390015	-3.24728859641351
572	0.345204759706129	1.43050286709539	2.80961923523633	0.0172701824991998	0.156714104390015	-3.24750457202009
2482	1.0517806688844	2.34441940268641	2.80859216839095	0.0173016776903013	0.156714104390015	-3.24923472634211
1055	-1.05640509497363	0.987622504135621	-2.80733704760532	0.0173402441381445	0.156714104390015	-3.2513489535657
3621	-0.540012404232515	1.58653141360958	-2.80673404448544	0.0173588033219818	0.156714104390015	-3.2523646627095
3938	0.583795111112435	1.36725572776805	2.80651342020973	0.0173655986375239	0.156714104390015	-3.25273627993848
3737	0.926184883392652	2.26387520900384	2.80407651174774	0.017440833437375	0.156714104390015	-3.25684076087775
3784	1.02620728635083	2.04777686035597	2.80391948283469	0.0174456925526262	0.156714104390015	-3.25710523039285
271	-0.471136361331381	1.53278069570954	-2.79770764807993	0.0176390008578793	0.157076696865385	-3.26756588186233
1492	-0.606022302580523	1.25868999606007	-2.79765768166208	0.0176405644231088	0.157076696865385	-3.26765001370881
640	0.71769630706621	2.24502126906723	2.79606460842945	0.0176904880092012	0.157076696865385	-3.27033228651285
299	0.538186125334776	1.93865059486064	2.79489191859176	0.0177273277953483	0.157076696865385	-3.27230664055668
35	-1.66569668645125	4.70210229373498	-2.79464499273116	0.0177350946741108	0.157076696865385	-3.27272235527231
2415	0.566588060473643	1.34491457791677	2.79444690322258	0.0177413278962258	0.157076696865385	-3.27305584786951
2396	-0.947167694621591	2.3516369651344	-2.78020705004758	0.018195186177411	0.160651933131825	-3.2970218145476
412	0.426015437469013	1.49822618648709	2.77906244124418	0.0182321668424254	0.160651933131825	-3.29894756375454
431	0.34042377554314	1.35694811615837	2.77708831313393	0.0182961243680135	0.160770442850572	-3.30226870714223
2139	0.898793800838766	2.38473663924307	2.77596221946976	0.0183327075948242	0.160770442850572	-3.30416304086732
1503	0.806715180556014	2.08682761233992	2.77311384409027	0.0184255683463547	0.161201891788487	-3.30895419421419
1536	-0.604110869599461	1.13090087232543	-2.76855475076186	0.0185751780674139	0.162126613297618	-3.31662158686063
955	-0.86801081968995	1.12193106111188	-2.76205478313754	0.0187905757220016	0.163195006363897	-3.32755029383567
1088	-1.12597735796431	0.853578961859839	-2.76141259326374	0.018811991465182	0.163195006363897	-3.32862985688462
2354	-0.553275444234155	1.25560202050481	-2.76086735858124	0.0188301930419881	0.163195006363897	-3.32954640609582
2795	-0.77194844259796	0.964524314733228	-2.75614628800685	0.0189885323508288	0.164181876906932	-3.3374816112153
327	-0.424706553617218	1.1976947901459	-2.75364610781657	0.019072922174651	0.164526235207503	-3.3416831986476
1343	-0.506757654314284	1.8942758968862	-2.75065260346308	0.0191744550700732	0.164915006212745	-3.34671315095278
3442	0.958582015668771	2.76036118131713	2.74968680891504	0.0192073273758073	0.164915006212745	-3.34833580726638
959	-0.810632594407988	1.32545672488361	-2.74778059343693	0.0192723731785955	0.165089563283932	-3.35153826200249
1205	0.451629002704514	1.05523666771807	2.74540990636189	0.0193535743109303	0.165401380453599	-3.3555206093791
2171	-0.668360393587914	2.41888038329073	-2.73920457496583	0.0195677367854287	0.166176660433742	-3.36594225804024
2680	-0.788029231560255	2.4080383890148	-2.73899410394925	0.0195750419222633	0.166176660433742	-3.36629567971643
2710	-0.740924761204297	0.893356043020731	-2.73887089973988	0.0195793194173017	0.166176660433742	-3.3665025617302
1704	1.16529158837198	2.19801783723813	2.73595021663254	0.0196809947658189	0.16636291797552	-3.37140653178684
183	0.441515455757987	1.69166205768636	2.73448241355255	0.0197322904342264	0.16636291797552	-3.37387076712547
2481	1.34581137050152	2.29213790544158	2.7343636745123	0.0197364458486667	0.16636291797552	-3.37407010514076
2462	0.988093388838924	2.184716484379	2.73144909087784	0.0198387186605649	0.166733510848437	-3.37896269652857
1073	-1.08436161123351	1.43099441674032	-2.73053982533006	0.0198707326038224	0.166733510848437	-3.38048889111768
3756	0.908495767078554	2.11302464652193	2.72719375695419	0.0199889861287339	0.167127550539521	-3.38610461185665
3575	0.961476948014154	2.07975371499079	2.72665116127539	0.0200082278814919	0.167127550539521	-3.38701515913641
2180	1.21929147939225	2.37743363643538	2.72362344875763	0.0201159366100774	0.167463293816511	-3.39209557947662
2829	-0.511720584603239	0.890184234814033	-2.72297332676558	0.0201391393430473	0.167463293816511	-3.39318635977714
2199	1.09874751027139	2.81025844862379	2.71741648788926	0.020338550937554	0.168474887355205	-3.40250811526162
2127	-1.5487416896904	4.04014388662812	-2.71576288734732	0.0203982698593159	0.168474887355205	-3.40528153494967
3745	0.618591637874276	1.6648924044535	2.71479314416321	0.0204333726850949	0.168474887355205	-3.40690787209085
93	-0.688548365630839	2.37093366432945	-2.71419159803368	0.0204551776613181	0.168474887355205	-3.40791666975503
3367	-0.598179587035518	1.92536038943244	-2.71326100180226	0.0204889556940648	0.168474887355205	-3.40947722133906
1580	0.460979386838562	0.495789355645367	2.70976021697415	0.020616521659828	0.169147106595744	-3.41534709956846
769	-0.492763261316662	0.985831570983935	-2.70573413987173	0.0207642049478347	0.169981030304669	-3.42209633705119
2308	-0.445067028157703	1.13557040347314	-2.70067020945306	0.0209514516449297	0.170296416232669	-3.43058323624456
654	0.57552405114639	0.941163864234995	2.70033624712205	0.0209638592096903	0.170296416232669	-3.43114285478919
3088	0.683400096766432	1.5249748780996	2.69971818980376	0.0209868408921417	0.170296416232669	-3.43217850127508
3944	0.551741028093984	1.31542292336714	2.69970761300198	0.0209872343948712	0.170296416232669	-3.43219622395231
3774	0.405518501649629	1.28354925876686	2.69663662880447	0.0211017987544235	0.170850528511692	-3.43734156396023
352	-0.601418092302761	1.19072814072537	-2.69217988581964	0.0212691647962536	0.171788553348447	-3.44480707333281
164	0.820106731425103	2.33767919205	2.69107886893279	0.0213107143644607	0.171788553348447	-3.4466510923209
2933	0.679829594533759	1.50849069612082	2.68576893807584	0.021512231565532	0.173035204662188	-3.45554265684417
1112	0.575398404892009	2.77293535000753	2.68339468019308	0.0216029477725067	0.173387137339336	-3.45951748173808
1446	-0.659796792334245	1.61139339047325	-2.67306738802576	0.0220019711502732	0.176206675676375	-3.47680011248934
3757	0.466440495446158	1.32238728461359	2.66886177208702	0.0221665532406013	0.176765636946555	-3.48383503387825
3076	0.569318844951174	1.49694465999052	2.66883711793034	0.0221675216430809	0.176765636946555	-3.48387626855999
3587	0.835943446743147	2.48631860251157	2.66687041341809	0.0222449080379906	0.176889184255715	-3.48716542522728
3345	0.649034821339537	2.17263281295237	2.66556631325612	0.0222963696959396	0.176889184255715	-3.48934620511929
3398	-0.687834135010838	1.4654355442481	-2.66479784738939	0.022326749692081	0.176889184255715	-3.4906311873701
1318	-0.525320381057332	1.30352295229718	-2.66081970436881	0.022484675898422	0.177583462543271	-3.49728219871461
3854	0.668807106868058	2.55307338329139	2.66016983333454	0.0225105797590062	0.177583462543271	-3.49836855066226
2028	0.36035461909222	1.13038892517989	2.65676437623735	0.0226468054631691	0.178277197803881	-3.50406051753777
2497	1.04082508901708	2.37256746956364	2.65261905174672	0.0228137298912304	0.17920912927324	-3.51098742961959
1919	-0.613754387928873	0.849645309464507	-2.64811324750642	0.0229965523429169	0.180261722399255	-3.5185145861591
3604	-0.9239815893794	1.46467828817754	-2.64654151271936	0.0230606659348996	0.180376036586047	-3.52113971760676
276	0.481460682081792	1.52016856973781	2.64477959351	0.0231327478345615	0.180376036586047	-3.52408217255857
3193	-0.840043965621254	1.65991382345356	-2.64313509446233	0.0232002271587693	0.180376036586047	-3.52682822131252
2519	1.01497898949461	2.50783005433076	2.64200034412052	0.0232469033407851	0.180376036586047	-3.52872289589177
2157	-0.893578766579303	3.12763527127216	-2.64179365112863	0.0232554153344958	0.180376036586047	-3.52906799238884
637	0.514709574459186	2.33976276456935	2.63945133322571	0.0233520920406955	0.180746171518339	-3.53297841282247
302	0.53632872691419	1.94669099603705	2.63471833803468	0.0235486566678033	0.181886277024121	-3.54087809872472
971	-0.480873838359324	0.988705875821852	-2.63228823506258	0.0236502155978743	0.182289344441236	-3.54493311345704
2309	-0.69095407772454	1.39485619785306	-2.63065079486726	0.0237188917173141	0.182437808792341	-3.54766506231445
3246	-0.851991004025119	1.76471160739254	-2.62837910619716	0.0238144956543736	0.18279234502276	-3.55145469692252
3490	0.916210078065696	2.29614547643147	2.62588478624876	0.0239199079413821	0.183220539667184	-3.55561503730811
582	-0.583415687551039	0.971675556887299	-2.62087661788004	0.0241329526409718	0.184469691822915	-3.56396609799696
2169	-1.15597939605355	3.84770919846076	-2.61586835066789	0.0243478767851549	0.185728018782628	-3.5723143670255
3420	0.76001669116514	2.36716906553085	2.61240873493787	0.0244974456253368	0.186483647935553	-3.57807944716607
220	0.457893944347572	1.53895189268044	2.60632648899078	0.0247626015338309	0.186635928083544	-3.58821136263057
1208	-0.730852503287808	1.11662539137975	-2.60611165841637	0.0247720187267539	0.186635928083544	-3.58856914912705
961	-0.831739122366481	1.18621739583455	-2.60294848483693	0.0249110878576131	0.186635928083544	-3.5938365573235
2545	0.772863458795675	1.74678196781486	2.60188914962529	0.0249578336646313	0.186635928083544	-3.5956003183147
639	0.64798716607598	2.20375021165831	2.60172779882476	0.0249649612657767	0.186635928083544	-3.59586895036724
1466	-0.618365919713767	1.59860389315748	-2.60135191816451	0.0249815734233887	0.186635928083544	-3.59649473953517
3362	0.837552317277621	2.35578214496589	2.60125954898622	0.0249856573765761	0.186635928083544	-3.59664851873662
1200	0.555604676296681	2.82251536459509	2.59940078918418	0.0250679796216039	0.186635928083544	-3.59974281803994
345	0.399022352022244	1.70417711190504	2.59893767663539	0.0250885319454217	0.186635928083544	-3.60051370033199
3281	-0.761665489986936	0.674054457379228	-2.59855845342255	0.0251053737547559	0.186635928083544	-3.60114492329595
876	0.735878552621257	0.855103924273291	2.59812915607527	0.0251244528886822	0.186635928083544	-3.60185947386997
1243	-0.81821022302562	1.63251715200207	-2.59772202330341	0.025142560188881	0.186635928083544	-3.60253711109374
2918	0.802253250950644	2.18349982702837	2.59535347207152	0.0252481575856411	0.186635928083544	-3.60647894945573
1089	-0.476815739938369	1.68907666963931	-2.59490124801631	0.0252683688403396	0.186635928083544	-3.60723147920241
2019	0.845015179455059	0.719485111801677	2.59473682019643	0.0252757215714442	0.186635928083544	-3.60750509125655
435	0.374028856542852	1.5906031718433	2.59336629332834	0.0253370897066252	0.186715639115489	-3.60978555064389
2130	-0.73482424310645	2.44526390790556	-2.59127904430896	0.0254308330502116	0.186769141808355	-3.61325813063562
1107	-0.672518951356738	1.56826254713631	-2.59095260764406	0.0254455250080181	0.186769141808355	-3.61380117731113
3266	-0.830883221462014	1.37753829169083	-2.58846289185811	0.0255578555954333	0.187221434242738	-3.61794252243268
3387	1.03485980735678	3.38879558059151	2.58449030496598	0.0257381036472454	0.188081703068994	-3.62454881194267
2329	0.52175057246175	1.83224130045425	2.58363273892285	0.0257771781562597	0.188081703068994	-3.62597465258864
2445	0.873350524804387	2.29742751431239	2.581686339921	0.0258660818667829	0.188083665114915	-3.6292105008224
2088	1.29931959438088	2.92283987937244	2.58139676700732	0.025879334203244	0.188083665114915	-3.62969186805228
806	-0.540810922138054	1.13977048030777	-2.57858419625574	0.0260084005235493	0.188650323640362	-3.63436673819683
1079	-0.692325445676359	1.36508448779995	-2.57357047173704	0.0262400510636754	0.189453839722452	-3.64269766461196
2407	-0.608668805991995	1.29222534499772	-2.57324207257758	0.0262552949295055	0.189453839722452	-3.64324322561753
1174	-0.574682183744696	1.09714183974738	-2.57252402601756	0.0262886561275905	0.189453839722452	-3.64443604825892
2009	0.645145006411508	1.85124577662957	2.57175490639111	0.0263244365594848	0.189453839722452	-3.64571363831237
3023	-0.56943229736207	2.12382978627746	-2.56956518622262	0.0264265680898806	0.189818850949103	-3.6493505695451
3025	0.561452887047587	1.709136408381	2.56742113145863	0.026526947873748	0.189887849958418	-3.65291103781903
2014	0.336329317929175	1.26879375911064	2.56716341947393	0.0265390386182405	0.189887849958418	-3.65333895923777
1808	-1.63815430935162	3.21348545637884	-2.55823504925407	0.0269612867316526	0.192233566721087	-3.66815868620613
3342	0.572177702963724	1.11191962874292	2.55740922573413	0.0270006748084977	0.192233566721087	-3.66952888174994
3662	1.38094765118659	2.59327312972565	2.55680788198963	0.0270293918364327	0.192233566721087	-3.67052656489083
3295	-0.912726914574009	1.62050991650629	-2.55531180342892	0.0271009671936743	0.192233566721087	-3.67300847887028
454	0.47129029889547	1.68456945584538	2.55476408297529	0.0271272178390266	0.192233566721087	-3.67391704106205
2583	1.14113538209502	2.30558341855213	2.54984519119638	0.0273640900145319	0.193533740185137	-3.68207468033041
411	0.353538409141777	1.49709312322835	2.54798129101893	0.0274543778391672	0.193533740185137	-3.68516495454077
457	0.324540862717386	1.16034983153107	2.54770158179723	0.0274679522906315	0.193533740185137	-3.68562865990382
380	0.317126591748349	1.62221579181036	2.54227485273416	0.0277326247369706	0.194820247084533	-3.69462299324727
484	-0.406949827451125	1.82293192342003	-2.54179638093821	0.0277560807059762	0.194820247084533	-3.6954158204498
2351	-0.953073273709458	2.57542630513282	-2.5357300433625	0.0280551652700885	0.196507254039702	-3.70546492359242
2355	-0.571458410472409	1.3121875569761	-2.53476814325867	0.0281028792342802	0.196507254039702	-3.70705786398556
2930	0.619893156041512	1.6042991477053	2.53358490421563	0.0281616818533041	0.196546180344799	-3.7090171677235
3530	0.761546202003698	2.66013960098653	2.53011191216957	0.0283349758083524	0.197100543725426	-3.71476686894624
3878	-0.525387739651526	2.09911858363692	-2.52985404884157	0.0283478842682019	0.197100543725426	-3.71519370439107
3258	-0.573494265676172	0.696797090314842	-2.52719252581416	0.0284814562322059	0.197121441820751	-3.71959870146405
1650	0.870681985734065	1.62282454363084	2.52609426181134	0.0285367540243958	0.197121441820751	-3.72141610120257
2594	0.465148069824026	1.66717918849467	2.52398157540838	0.0286434248249201	0.197121441820751	-3.72491166528969
2837	-0.558562957659854	0.749772775084021	-2.52394402708622	0.0286453241991191	0.197121441820751	-3.72497378529701
204	-0.590215754690631	1.3736983747706	-2.52380385224081	0.0286524160077291	0.197121441820751	-3.72520568897256
1530	0.801182693657351	1.94561038982722	2.52342990481383	0.0286713434122265	0.197121441820751	-3.72582432927289
3811	0.520200992235102	1.67232141609251	2.52237841642516	0.0287246304711711	0.197121441820751	-3.72756375021747
983	0.396173925061438	1.77686033321249	2.51915070025253	0.0288888119104674	0.197519867932861	-3.73290217202132
3260	-0.65090035901609	0.847233350861596	-2.51913352204454	0.0288896881591943	0.197519867932861	-3.73293057948901
641	0.315662834847932	1.41224964202434	2.51494463513326	0.0291041410505936	0.198618278666897	-3.73985640202551
1525	0.532378461721622	1.8849586708252	2.51352064049524	0.0291773986259144	0.198750840824494	-3.7422102113598
46	-0.972073327620515	3.29899925257061	-2.50786076085458	0.029470364589218	0.199839887676254	-3.75156276994354
2615	0.40040135765468	1.09091858087846	2.507636653177	0.0294820240187453	0.199839887676254	-3.75193299289401
85	1.46237276749508	2.92936653573511	2.50637676923451	0.0295476550185496	0.199839887676254	-3.75401416299463
185	0.38009558960352	1.44975990166434	2.50586694103899	0.0295742541491635	0.199839887676254	-3.7548562667014
1222	0.521872616197945	1.80862696512529	2.50522242313623	0.0296079140192066	0.199839887676254	-3.75592078625776
2310	-0.638503032093328	1.40783306907507	-2.50267497571942	0.0297413222172643	0.200374017565949	-3.76012766436336
1224	-0.674566996076156	0.929360452403764	-2.4943623573117	0.0301807605864052	0.202964240592	-3.773848266478
2917	0.48303793381045	1.63454930874883	2.48950732453459	0.0304403537953774	0.204337793113697	-3.7818569021447
3364	0.780383615513866	3.43751643826896	2.48640168373693	0.0306075546672121	0.204818193379082	-3.78697788288115
508	0.490815397742729	2.54187042704661	2.48349998656792	0.030764588216324	0.204818193379082	-3.7917611977388
36	-1.29407561888415	4.4016415565276	-2.48340920224259	0.0307695139722396	0.204818193379082	-3.79191082998794
181	0.374037749878715	1.67458959101488	2.48220877302116	0.0308347192506917	0.204818193379082	-3.79388927427781
1776	0.798231033832449	2.27307612214441	2.4813968246789	0.0308788995825088	0.204818193379082	-3.79522732760176
755	-0.381486801276469	1.39580575705395	-2.48070366751482	0.0309166651899005	0.204818193379082	-3.79636953530024
3814	-0.445426105252639	2.01895937197156	-2.48018482579438	0.030944963071482	0.204818193379082	-3.79722444989561
2859	0.585943722577131	0.892598859786709	2.47998755225043	0.030955729118507	0.204818193379082	-3.7975494934741
1952	-0.773279894912996	0.874327882932776	-2.47812241361639	0.0310576989402085	0.205083693166783	-3.80062233601733
1604	0.562955397944997	1.41018440971348	2.47611165726416	0.0311679981429176	0.205083693166783	-3.80393445976929
203	-0.46494219168847	1.28705955965431	-2.47550789575759	0.0312011919969713	0.205083693166783	-3.80492885031323
2269	1.05753809846659	2.23526323065572	2.47515084781485	0.0312208382037689	0.205083693166783	-3.80551687782843
1081	-0.849592171448653	1.46199691363665	-2.47419310650898	0.0312735967640571	0.205083693166783	-3.80709409431498
2914	0.542566521367351	0.942077327581372	2.4696547033148	0.0315247895549729	0.206364402547801	-3.81456595138822
3558	0.81011696064886	2.76039336480153	2.46772057799978	0.0316324388279556	0.206702591420906	-3.81774920233064
425	0.592948736771963	0.943502779343272	2.45954468761427	0.0320914761843271	0.209291104773269	-3.83119856564618
2880	0.98048610509763	2.47755902228042	2.45664045576124	0.0322560971582096	0.209291104773269	-3.83597336506114
1602	0.789435179280863	1.95553887911013	2.45663574471504	0.03225636486433	0.209291104773269	-3.83598110926876
1974	1.39625384757255	2.69728480272977	2.45568630055923	0.0323103615456962	0.209291104773269	-3.83754176794322
3738	0.86619951352259	2.7056303116558	2.45322825122441	0.0324505660767402	0.209291104773269	-3.84158150879599
3214	-0.586176838423377	1.14766240938802	-2.45301611911444	0.0324626936909501	0.209291104773269	-3.84193009479566
2882	0.321208402453942	1.15286453566131	2.45223230753723	0.032507542694039	0.209291104773269	-3.84321802700179
3949	-0.756542174016884	1.19617580795178	-2.45083809608254	0.0325874678637272	0.209291104773269	-3.84550869079353
2221	-0.953206201317417	2.27168074458355	-2.45031602703751	0.0326174455865274	0.209291104773269	-3.84636635599382
453	0.488978111183887	1.82186093313522	2.45010335409421	0.0326296651975174	0.209291104773269	-3.84671572601074
301	0.455509389722084	1.7782338946362	2.44901241995937	0.032692417641539	0.209291104773269	-3.84850774533186
977	-1.11083413320642	1.21987730993869	-2.4487275876858	0.0327088210872633	0.209291104773269	-3.84897559084629
1558	0.684294339385371	1.86461588043583	2.44199940512189	0.0330986414634938	0.211357157365098	-3.86002280498937
3074	0.472268182957284	1.0934613304018	2.44053496022047	0.0331840881806325	0.211357157365098	-3.86242629374474
2201	0.982292041206236	2.36762715483243	2.43977735714848	0.0332283768948694	0.211357157365098	-3.86366954828972
3614	0.916336980192358	2.55194160836151	2.43832243922663	0.0333135917540434	0.211357157365098	-3.86605684383844
344	0.340349077517156	1.5009285571927	2.43824815311339	0.0333179484253757	0.211357157365098	-3.86617872603751
618	-0.571794248671782	1.07553700842135	-2.43285661155359	0.0336356358497233	0.213006462362227	-3.87502213610101
58	0.371776044317079	1.45342093697681	2.43058472140347	0.033770386273075	0.213493606370194	-3.87874705474612
2140	0.98351030690684	2.2971273005717	2.42919022046816	0.0338533575603295	0.213652301047413	-3.88103298474274
1102	0.444150621048162	1.89959650174537	2.42809434013844	0.0339187007064478	0.213699390798985	-3.88282916160462
2741	0.679657946599235	2.45086919717804	2.42702876982245	0.0339823544973839	0.213735694726305	-3.88457545613049
1056	-0.780263814814122	1.20972593014339	-2.42566571228278	0.0340639490284179	0.213884523491358	-3.88680899028715
2533	0.932289445402394	2.61510596874655	2.42436668370121	0.0341418884243938	0.213948494698011	-3.88893729848575
2431	-0.467638158799499	1.90985515741695	-2.42341365613227	0.0341991788954007	0.213948494698011	-3.89049853318515
362	-0.339972120950063	1.20397965714347	-2.42260299393277	0.0342479849313446	0.213948494698011	-3.8918264198269
2712	-0.80677098292825	1.17960272209652	-2.4183002293656	0.0345081719495004	0.215209748036411	-3.89887249759972
2544	0.579894876482323	1.75000376808109	2.41498304331397	0.0347100750690454	0.216103873785692	-3.90430235010272
466	0.405297218726366	1.02095977945002	2.41255417228308	0.0348586394646509	0.216327828390328	-3.90827687108602
1104	-0.480517170855585	0.760617418149303	-2.41209861131866	0.0348865732076816	0.216327828390328	-3.90902221611904
2106	-0.93338615764516	2.33971811926626	-2.41059197857805	0.0349791111200221	0.216327828390328	-3.91148695468955
2801	0.816741028912234	2.85465205028072	2.41057068341544	0.0349804207879268	0.216327828390328	-3.91152178901989
2256	0.882006434059274	2.63741338163239	2.40874311331574	0.0350929957253083	0.216618076610747	-3.91451099427614
3720	0.557537166749293	1.58183153678451	2.40790566480163	0.0351446987783959	0.216618076610747	-3.9158805354815
1169	-0.721836947811255	1.00765380272061	-2.40280085756668	0.0354614707040262	0.218206249732108	-3.92422601603148
2166	-0.774962096695992	2.91262582146175	-2.39309933224629	0.0360711603585139	0.221588559140821	-3.94007301987142
1498	-0.577324970451534	1.36197533218303	-2.39202535822358	0.0361392774548372	0.221638226517041	-3.94182622479053
2711	-0.582585054656957	0.884673735533387	-2.38962057535239	0.0362922553215673	0.22220730787268	-3.94575111456751
1468	0.691233437418707	1.91777592514187	2.38839560926754	0.0363704221392468	0.222317216122681	-3.94774998337435
729	-0.557168406620231	0.938246050482202	-2.38631430196017	0.0365036086820177	0.222442674322171	-3.95114555513065
3533	-0.647526906934552	2.66304781381764	-2.38512264237587	0.0365800783549258	0.222442674322171	-3.9530893301613
3386	1.15238744655994	3.50179612198586	2.38507353673904	0.0365832328371623	0.222442674322171	-3.95316942299115
2677	0.901538145000811	2.44715091418399	2.38431573805878	0.0366319463672481	0.222442674322171	-3.95440535797791
3645	0.544489618131884	2.45187546532156	2.38247150791786	0.0367507624044089	0.222797725446761	-3.95741275422017
2047	0.604634942240296	2.01667784799195	2.37972858300011	0.0369281704095298	0.223506237954072	-3.96188445035684
3815	-0.47645552558042	2.1679585965059	-2.37744827714021	0.0370762899553688	0.224035454198399	-3.96560085168774
2107	-0.943399596164344	2.47011208212291	-2.37581896259833	0.0371824769615539	0.224039271290895	-3.96825566342899
1175	0.478150147202177	1.84951211653238	2.37557677226915	0.0371982863763052	0.224039271290895	-3.96865024542136
1106	-1.07875587120974	1.62284785349588	-2.37169196628127	0.037452767887063	0.225204591268789	-3.97497790116738
3853	0.512573690892984	2.20261271303421	2.36758706298681	0.0377235034352773	0.225776407578898	-3.98166085281647
3700	0.611690703232292	2.51912465510456	2.36701860209189	0.0377611452093508	0.225776407578898	-3.98258606981416
2050	0.84895057626886	2.62072231961283	2.36700969913853	0.0377617350259756	0.225776407578898	-3.98260055959926
1320	0.348689870650653	1.55267538540602	2.36520125069574	0.0378817294263364	0.225776407578898	-3.98554353196065
763	-0.380236425690361	1.44938591664736	-2.36498100074813	0.0378963687263632	0.225776407578898	-3.98590191087057
54	-0.537619949572807	2.15223029376185	-2.36470409807018	0.0379147813377348	0.225776407578898	-3.98635245846641
3615	0.518039570316234	2.59745456511959	2.36047177701454	0.038197291374194	0.227092431165095	-3.99323696601629
1173	0.398210532368198	1.88765856917862	2.35634496885646	0.0384747236097962	0.228147299183648	-3.99994640680444
3095	0.424813103864746	1.00724124913598	2.35599542528692	0.0384983118611627	0.228147299183648	-4.00051454464844
1253	-0.604626806400714	1.10164563847796	-2.35329686051805	0.0386808916285769	0.228861942135746	-4.00489988625204
2742	-0.396732302650896	1.89813134991528	-2.35142555644252	0.0388079930020311	0.229246576261598	-4.00794001453371
2552	0.735556700201063	1.04808353616679	2.34946139355602	0.0389418368021805	0.229327784565698	-4.01113023997973
2555	1.03131566572153	2.61442891714314	2.34940084415601	0.0389459699140554	0.229327784565698	-4.0112285728827
3227	-0.733638023055003	1.33723016072404	-2.3481593972194	0.0390308050367439	0.229461356999456	-4.01324453252139
3351	-0.538029955099364	3.03899323173521	-2.34632441700198	0.0391565276315584	0.229834499230069	-4.01622374436147
3147	-0.574096077356469	0.903096794273331	-2.34184268289812	0.039465242225348	0.231278848088865	-4.02349724536933
2426	-0.541591892458722	2.42231265079329	-2.33679206045119	0.0398159681786338	0.232964428709217	-4.03168905958782
3048	0.541335515027226	1.30158941436395	2.33524913589811	0.0399237124641081	0.233225231673239	-4.03419054102382
3929	-0.3770181083892	1.38454510302368	-2.33299188362521	0.0400818476268676	0.233779117596201	-4.03784924188223
1863	1.02532627798631	2.57012740433322	2.32512641312657	0.0406376234160724	0.236646854340913	-4.05058977971756
3762	0.832897315863207	2.21483192909243	2.32076610365218	0.0409489270183092	0.237843382252578	-4.05764701641829
3633	1.13488424612532	2.74867688576574	2.31973553548008	0.0410228403938127	0.237843382252578	-4.05931441900374
3634	1.02765211043942	2.53738957939378	2.31746158099628	0.0411863871006474	0.237843382252578	-4.06299275097565
3358	-0.608608396931332	1.56486785713921	-2.31694943565795	0.0412233083128907	0.237843382252578	-4.0638210410291
2194	0.958177122265228	2.46474471277422	2.31638875204886	0.0412637653829527	0.237843382252578	-4.06472776739264
2529	0.542979132284177	1.1973700076954	2.31498220515576	0.0413654260500829	0.237843382252578	-4.06700211042086
1389	0.884078130543388	2.66919583487258	2.31496425990688	0.0413667246367612	0.237843382252578	-4.06703112459293
440	0.343479914731657	1.48469654832545	2.31436666661936	0.0414099912678305	0.237843382252578	-4.0679972836858
1811	0.935669055337742	2.62385461746047	2.31297281356962	0.0415110782434643	0.237843382252578	-4.07025049744209
3560	-0.401893360220907	1.00283082198544	-2.312360875467	0.0415555333403421	0.237843382252578	-4.07123958528899
3540	1.14759061791788	2.95851132645669	2.31179381048517	0.0415967696145166	0.237843382252578	-4.07215607171149
828	-0.439067024570044	0.936487608566674	-2.31083533834083	0.0416665584117483	0.237843382252578	-4.07370498976596
481	-0.490562001303012	2.29290055133631	-2.31064307713214	0.0416805710502216	0.237843382252578	-4.07401566540095
3503	-0.775408952314235	1.43289778614655	-2.30923728384192	0.041783168340703	0.238060891225116	-4.07628704914378
3799	0.397406709710157	1.77244899883974	2.30106031803838	0.0423847889223702	0.241116549616935	-4.08949030191649
34	-1.35628684777602	4.42850495643875	-2.29853078434389	0.042572586583653	0.241812291795149	-4.09357174560792
2184	0.853200188337697	2.06667493164462	2.2969286816521	0.0426919448676883	0.242117757990024	-4.09615603477817
3918	-0.365569466007128	1.48866915126841	-2.29408432373461	0.0429046481287593	0.242350223792117	-4.10074275815656
3772	1.06535143262747	1.79121712127243	2.29373473519341	0.0429308610478601	0.242350223792117	-4.1013063699641
300	0.360728688882215	1.54502924728733	2.29331985007172	0.042961990088852	0.242350223792117	-4.10197521863953
2893	0.626793149390533	2.0230565839544	2.29212016142674	0.0430521258481436	0.242350223792117	-4.10390905701696
2911	0.551103449583865	1.78404556166143	2.29127729973395	0.0431155612865329	0.242350223792117	-4.10526751636126
3477	-0.553805383552259	2.54979159956386	-2.29112827114147	0.0431267868449135	0.242350223792117	-4.10550769264731
2172	-0.518534036042274	2.00037150826524	-2.28494235138206	0.0435952340018947	0.244432249631134	-4.11547260958838
3467	-0.750994807095947	1.94197059148965	-2.2844897554047	0.0436297000289592	0.244432249631134	-4.11620136031223
3319	-0.517117575550892	2.19545033392411	-2.28081212133621	0.0439107337320832	0.245302402321385	-4.12212121415726
670	0.315033914343443	1.1244691177796	2.2807186356206	0.0439179003072686	0.245302402321385	-4.12227165735057
1706	0.843438805858618	1.34819208904175	2.27867206423655	0.044075072179994	0.245427566615401	-4.12556463365289
3448	-0.50913686114522	2.01971526388587	-2.27821472521003	0.0441102687238313	0.245427566615401	-4.12630037154894
284	-0.532324608910319	1.18859045917858	-2.27783210548321	0.0441397357076452	0.245427566615401	-4.12691586920033
2438	-0.54485156816899	1.86970518452442	-2.27284098211018	0.0445258613604519	0.247202225778629	-4.13494172993942
3142	-0.533105152442866	2.33795940678716	-2.27153214099163	0.0446276534478446	0.247212450229347	-4.13704543665795
1980	0.521994156337808	2.05130215972541	2.27103841751042	0.0446661097973154	0.247212450229347	-4.13783889845972
2798	-0.563381744610539	0.841450738952075	-2.27023726462798	0.0447285798356457	0.247212450229347	-4.1391263098251
634	0.488029132294015	2.13218562492556	2.26494069095438	0.0451437012174877	0.249133848871397	-4.14763389818867
3019	0.655811278311044	1.74670684641943	2.26315041423909	0.0452848511657097	0.24941224211815	-4.15050804677846
3979	0.323595565788929	0.521105239409156	2.26102358608958	0.045453087323243	0.24941224211815	-4.15392153095586
3225	-0.646276537116627	2.41140186862315	-2.26096150039122	0.0454580074370918	0.24941224211815	-4.15402116043553
2049	1.02939770163491	2.43509194874886	2.26006979701651	0.0455287288943929	0.24941224211815	-4.1554519853588
312	0.287296583077674	1.79126866396859	2.26002958414023	0.0455319206900415	0.24941224211815	-4.15551650644858
2268	0.839156750908759	2.37900741976022	2.25608109581045	0.0458463716945903	0.250762673031744	-4.16184996139009
3421	0.605380671232354	1.93249377811315	2.2493745304644	0.0463852599333894	0.253321885509062	-4.17259899476985
1590	0.936511156463694	2.47238099145994	2.24855540380219	0.0464514941737906	0.253321885509062	-4.17391112877616
1632	-0.607472122578565	1.40607183945778	-2.24446264450919	0.0467837959182148	0.254587374344209	-4.18046479463721
2739	0.636659878394487	2.89720483678056	2.24388299264523	0.0468310434848332	0.254587374344209	-4.18139265702347
2944	0.716968628681093	1.76586999694523	2.24315538698256	0.0468904156430287	0.254587374344209	-4.18255723833949
1064	-0.577952298060293	1.04607058505962	-2.2420349879103	0.0469819808112273	0.254709945895817	-4.18435026277054
2862	0.366019743602118	1.45457511111134	2.23672845561582	0.047417995932874	0.25628127205109	-4.19283842772189
3333	-0.468121709115014	0.636779312025598	-2.23598401972785	0.0474794727265182	0.25628127205109	-4.1940286589351
1306	0.450653641808652	1.1048423367659	2.23597688469779	0.0474800623193243	0.25628127205109	-4.19404006602979
3454	0.686788996478038	2.13771558733526	2.23437578838547	0.047612544344828	0.256560409892305	-4.19659949789832
871	0.579670945030381	0.787877600397521	2.23367359625147	0.0476707587178009	0.256560409892305	-4.19772178996839
2620	0.703005325856857	1.68476730029564	2.23201226776236	0.0478087610426581	0.256736013084489	-4.20037656120415
3280	-0.409018720173976	1.55056447588905	-2.23097346107017	0.0478952466538091	0.256736013084489	-4.20203621177247
2874	0.609183287683213	1.75997181007601	2.23077240988602	0.0479120024418237	0.256736013084489	-4.20235739090026
852	0.492607632859149	0.843067089440444	2.22815914800981	0.0481303059930337	0.257302983105125	-4.20653117331586
616	-0.38439719694513	0.966745313702014	-2.22759145515547	0.048177855153074	0.257302983105125	-4.20743764463808
2869	0.836274227430273	2.42184278923485	2.22700663062233	0.0482268863241459	0.257302983105125	-4.20837138827663
3165	-1.7217491883112	5.54146405556958	-2.2248389375827	0.0484090412966698	0.257902136316457	-4.21183163909128
451	0.443893148102333	1.82637012063043	2.22325624314024	0.0485424540783235	0.257949063224097	-4.21435733372361
495	-0.386476165657957	2.05326297514218	-2.22230493787315	0.0486228135309338	0.257949063224097	-4.21587514680001
643	0.406600102009686	1.70661657422284	2.22225008840324	0.048627450705301	0.257949063224097	-4.21596265260738
3714	0.820809110904663	1.79418828681989	2.21659798419983	0.0491075780401496	0.259833616942115	-4.22497590151317
3681	0.703321303762815	2.61500820777674	2.21641176632276	0.0491234736255677	0.259833616942115	-4.2252727222408
3699	0.764546251519932	2.25291359904011	2.21476274877702	0.049264449145136	0.260206503925382	-4.22790078378576
1331	-1.69047356658802	3.60665632844062	-2.21334509599312	0.0493859547081854	0.260333427934666	-4.23015957109569
1142	-0.556146896840996	0.835728646136061	-2.21283778883442	0.0494295051414412	0.260333427934666	-4.23096775565491
2581	0.732731669245553	2.71918000422477	2.21085064805773	0.0496004480529843	0.260573956935746	-4.2341328204856
507	-0.313669499659169	1.49930254577289	-2.21044619350104	0.0496353103106612	0.260573956935746	-4.23477690301724
69	0.917467605327287	2.40677520760146	2.20984807723477	0.0496869083647794	0.260573956935746	-4.23572931070703
2790	-0.74667134252114	1.08351740268867	-2.20531856188572	0.050079328178399	0.262259403737091	-4.24293892450979
1388	-1.44888944313769	3.47742726273407	-2.20345866292474	0.0502413198181645	0.262735060578843	-4.24589781021404
437	0.339252255766431	1.61557896770711	2.19828013009728	0.0506949986346011	0.26459983333276	-4.25413160695079
275	-0.580341848105082	2.71936559655828	-2.19775472331551	0.0507412464787632	0.26459983333276	-4.2549666124813
1634	0.534952395005448	1.83774932293274	2.19534032969738	0.0509542873889872	0.264968034096444	-4.25880278712152
1116	-0.610211546138515	0.650942912578666	-2.19532784565404	0.0509553911723931	0.264968034096444	-4.25882261882765
3143	-0.529793610700053	2.33704822787907	-2.19305351841151	0.0511568587142153	0.265589099978737	-4.26243486229255
298	0.469916667786144	1.90027391105238	2.19235712447188	0.0512186996708723	0.265589099978737	-4.26354065563383
1366	-0.573747085580582	1.79283375551397	-2.18904329857405	0.051513952712935	0.266692482515811	-4.26880090538711
985	0.367150779673487	2.01686513096304	2.18747062494438	0.0516546418478928	0.266692482515811	-4.27129631213527
2024	0.358826569352753	1.13467594809056	2.18644955564741	0.0517461816043533	0.266692482515811	-4.27291612685855
3209	-0.477867158977534	1.33243872395637	-2.18626040939209	0.0517631557266984	0.266692482515811	-4.273216156798
2158	-0.69383786990974	2.85620927633738	-2.18562960871025	0.0518198026734969	0.266692482515811	-4.27421668572798
1598	0.446785581135203	1.25883294722289	2.18451738774167	0.0519198261586256	0.266692482515811	-4.27598055388053
3219	0.433389142834287	2.56623516609998	2.18432515054666	0.0519371329709827	0.266692482515811	-4.27628538947086
2838	0.456079069119216	0.905333229313314	2.18066615985001	0.0522675978785114	0.268016626899256	-4.28208569745392
295	0.289444626536251	1.47150995000965	2.17957066337851	0.0523669282760592	0.268153535638295	-4.28382161575647
225	0.442186927357877	2.46068646485254	2.17859454739456	0.0524555859732595	0.268235489492069	-4.28536809748848
38	-0.79334288622323	3.91194820228793	-2.17555016061301	0.0527330191815408	0.26928119891874	-4.29018976640672
39	-0.736514711691459	3.56982488687097	-2.17397898655654	0.0528767463301975	0.269642192612002	-4.29267721411425
2165	-0.713846850520213	2.4839462190398	-2.17310795946021	0.0529565866290916	0.269676852185664	-4.2940559219024
3805	-0.513071552813729	2.3066304278597	-2.17094827239807	0.0531550445243152	0.270314634137427	-4.29747351659219
2271	0.775363386093204	2.59609884427621	2.16915259939505	0.0533205920882047	0.270491395526517	-4.30031412887944
1819	0.589347903252385	1.94224708889226	2.16898215263744	0.0533363315122709	0.270491395526517	-4.30058371728267
934	0.44388969459572	0.8980725155195	2.16670340021796	0.0535471822488346	0.271188198714262	-4.30418717484027
1655	0.333761450759922	1.33685258717644	2.16359464056393	0.0538361139728559	0.272175309635103	-4.30910089510851
3059	0.415930963201883	1.02515315211238	2.16302163336949	0.053889531783115	0.272175309635103	-4.31000630854947
105	1.02813392839592	2.94908730526685	2.16220549536078	0.0539657023034527	0.272187667902114	-4.31129574182908
3388	0.888688078596808	2.75583681027834	2.15559997583853	0.0545859825724443	0.274940583434467	-4.32172528959724
3261	-0.749816255388129	1.55434924690731	-2.154405248771	0.0546988938094341	0.275028352128923	-4.32361039197753
349	0.309288927980032	1.44909416946176	2.15329317318784	0.0548041935430323	0.275028352128923	-4.32536473177417
2814	-0.381781578292065	0.790865569132829	-2.15305377180683	0.0548268870982902	0.275028352128923	-4.32574235189142
3455	0.602141514082695	2.47101808196418	2.14630654760202	0.0554701652814316	0.277776919841893	-4.33637861790495
973	-0.737137029541027	1.65122603179811	-2.14573183248945	0.0555252889608118	0.277776919841893	-4.33728401355878
212	-0.534276168696132	0.770412383144079	-2.14310264839464	0.0557781314516197	0.278170077652897	-4.34142481500143
3658	0.460690642937474	1.52769106940846	2.14277818334368	0.0558094102668548	0.278170077652897	-4.341935694294
966	-0.667551608620284	1.31622061874294	-2.14256562738629	0.0558299099514617	0.278170077652897	-4.34227035372799
659	0.255417951288336	1.325780810731	2.14097986446802	0.0559830728469976	0.278343896518689	-4.34476666674961
1843	0.882831486641758	2.03425653950488	2.14064385159788	0.0560155783080677	0.278343896518689	-4.34529552936442
177	0.425698838518399	1.65830397832464	2.13686759065945	0.0563821246121324	0.279500600963929	-4.35123695292541
3821	-0.292644472025719	1.32470873955391	-2.13668640072552	0.0563997691544222	0.279500600963929	-4.35152192988962
2591	1.14184885458177	2.44440045478263	2.13439175176311	0.0566236797880302	0.279621465838208	-4.35513017499494
2129	-0.657772650299548	2.72105997468713	-2.13411357627706	0.0566508813178255	0.279621465838208	-4.35556749446266
1501	0.536242664389299	1.82965254837031	2.13410858435756	0.056651369568521	0.279621465838208	-4.35557534205667
3186	-0.806703677297681	2.7641389755903	-2.13290085674274	0.0567696127595886	0.279830988395729	-4.35747375551295
285	-0.731181608683838	1.26401299527333	-2.12697130044832	0.0573535564606164	0.282332440603461	-4.36678838341563
960	-0.678275868889358	0.989157181610469	-2.12613552017309	0.0574363212532698	0.282363379583319	-4.36810049365227
638	0.547452332190437	1.97336277833731	2.12365028496934	0.0576830966449388	0.282766558985484	-4.37200094582263
2061	-0.868885503090714	2.49308600050853	-2.12327748242918	0.0577202013234805	0.282766558985484	-4.37258588886935
3668	0.417507612762181	1.86944123045837	2.12181557627273	0.0578659220335268	0.282766558985484	-4.37487929877785
3430	1.05502524246944	2.93947610262275	2.12070175624822	0.0579771801617515	0.282766558985484	-4.37662622767779
560	-0.457902090445341	0.576007269648475	-2.12070095666538	0.0579772601039376	0.282766558985484	-4.37662748162566
3648	1.01220806882684	3.06967923558277	2.12069488600739	0.0579778670509241	0.282766558985484	-4.37663700194489
2228	0.600440521874657	2.28218120504609	2.11857236703281	0.058190447175338	0.282784438475485	-4.37996499797278
1965	0.960744978647816	2.49859859937757	2.11834715979152	0.0582130460473887	0.282784438475485	-4.3803180349703
3340	-0.464050444940983	0.623087447142696	-2.11812001645266	0.0582358476302755	0.282784438475485	-4.38067409224752
2264	0.50101794026609	1.04233500981196	2.11727600156903	0.0583206475310983	0.282784438475485	-4.38199699309016
3208	0.375813926633178	2.56480344968278	2.11683997164572	0.0583645021988947	0.282784438475485	-4.38268034190772
1071	-0.675484034137771	1.06376333885853	-2.11551258899149	0.0584981991533489	0.283060748721054	-4.38476028710076
3655	0.619371853580121	2.21313664220648	2.11367598412938	0.0586836648953642	0.283586506274456	-4.38763732070998
1607	0.465406851927571	1.13857949120197	2.10958230191369	0.0590990641280981	0.284967058709406	-4.39404654199551
2706	0.843207487152461	2.4583379847775	2.10883445069772	0.0591752513430318	0.284967058709406	-4.39521687999003
296	0.311164181471624	1.44139349640649	2.10858285968668	0.0592009030417428	0.284967058709406	-4.39561056679179
3085	0.620131977023155	1.43119414324216	2.10511171667895	0.059555890336688	0.285754439557616	-4.40104028828662
1362	-1.40268870325291	3.41736305292438	-2.10502635673042	0.0595646452809078	0.285754439557616	-4.40117376789954
2352	-0.629482549894995	2.11077287012247	-2.10466406508766	0.0596018172915694	0.285754439557616	-4.40174026920869
2586	0.424717988719583	1.00413419442442	2.10357666077614	0.0597135195759378	0.285754439557616	-4.40344037008964
2781	-0.360668592335513	0.853655645451841	-2.10249388563772	0.0598249432384672	0.285754439557616	-4.40513288903893
2796	-0.343374035020128	0.806235742194707	-2.10143937334505	0.0599336476438519	0.285754439557616	-4.40678089861239
83	-0.473479019183383	2.50584621884293	-2.10096066536963	0.0599830569326534	0.285754439557616	-4.40752892362825
2179	1.26895632431653	2.26181294378249	2.10095477773089	0.0599836648583836	0.285754439557616	-4.40753812318291
446	0.428711873846104	0.907951480849295	2.10014017212296	0.0600678328666693	0.28578664812338	-4.40881086257216
1546	-0.362131611637052	1.24658105149107	-2.09767912824882	0.0603227962350823	0.28631760744969	-4.41265480823247
2951	-0.441187497464804	2.46408755825323	-2.097554380659	0.0603357472746572	0.28631760744969	-4.41284960597319
2582	0.61475812482527	2.17158116214559	2.09681959550649	0.0604120845621096	0.28631760744969	-4.41399690542876
2526	0.545732932208131	1.6978708657243	2.09591902188365	0.060505770335609	0.28639397958855	-4.41540285047427
1182	0.446441672443165	2.76384351493356	2.08956840605887	0.0611703298853832	0.289168832185448	-4.42531038067301
3816	-0.397312470350436	1.95199280576559	-2.08747522365477	0.0613908786441675	0.289840311961978	-4.42857329825357
3989	0.490585856676004	1.16730525760677	2.08503386936929	0.0616490619933084	0.290687531135753	-4.43237729877088
3512	0.621312640536482	2.63245196180658	2.08382616817	0.0617771603638128	0.290919994978567	-4.43425841877386
2587	0.491586704226053	1.01725877640001	2.08299011492955	0.0618659860457283	0.290967159848189	-4.43556040140724
1934	0.760301218002564	2.60976529846193	2.08161856804478	0.062011966079068	0.291042512989443	-4.43769585007196
1140	-0.490798297842627	0.624713275015678	-2.08135863174744	0.0620396689389739	0.291042512989443	-4.43810049747005
2622	0.511368426415462	1.6469827501709	2.07911265999268	0.0622795219069264	0.291601020146476	-4.44159599068665
278	0.310004182150943	1.55974286353711	2.07801362067169	0.0623972098823371	0.291601020146476	-4.44330591195303
1805	0.673345893036791	0.704834509570814	2.07779103579566	0.0624210704004119	0.291601020146476	-4.44365217218118
363	0.264773687246756	1.40144317917242	2.07687522990208	0.0625193330595203	0.291601020146476	-4.445076671249
1600	0.559312962057691	1.7321361077889	2.07655588789328	0.0625536316240545	0.291601020146476	-4.44557333495692
2557	0.740557307966151	2.15114660269705	2.07545439515904	0.0626720725303326	0.291784731124827	-4.44728621799054
1355	-2.22745276135232	3.89580576801196	-2.07316353270128	0.0629190817205738	0.292565805683071	-4.45084745469734
3311	-0.337751150085113	0.525486180062925	-2.07120383969831	0.0631311117395493	0.292815681924198	-4.45389260436044
1086	-0.577481641469461	0.815450557098165	-2.07120079473403	0.0631314417149679	0.292815681924198	-4.45389733498998
3212	-0.330756344881181	0.587954896666616	-2.0699038437872	0.0632721371792471	0.292822208135065	-4.45591200839601
50	-0.555642944337189	2.51913323827766	-2.06927288072634	0.0633406920295691	0.292822208135065	-4.45689195508518
1978	0.564211510538073	2.03842616795728	2.06831794107984	0.063444580564239	0.292822208135065	-4.45837483644533
1527	0.706931152188605	1.93504874863693	2.06826725458799	0.0634500992708699	0.292822208135065	-4.45845353731632
24	-0.459569930427627	2.14159336807947	-2.06571077007971	0.0637290352887006	0.293742319957406	-4.46242196379501
2659	-0.670113964265821	2.50022016434634	-2.0645314460932	0.0638580997205932	0.29397020469879	-4.46425194790047
3285	-0.432280215844651	0.944537735032355	-2.06274782367075	0.0640537663774845	0.294503742796604	-4.46701881996712
62	1.2663425692463	3.2069101291558	2.05977184728157	0.064381494858365	0.295293109785305	-4.47163315755853
2080	-0.613906570879462	2.74670019816446	-2.05853244293321	0.0645184493475548	0.295293109785305	-4.47355407923567
1061	-0.70651886532835	0.962048385593356	-2.05821350503313	0.064553736439134	0.295293109785305	-4.47404831580875
3476	0.592887454546238	2.4930740403587	2.05774707070743	0.0646053751808092	0.295293109785305	-4.47477106065291
3783	0.998625734853957	2.85812817144587	2.05756664044832	0.0646253609714318	0.295293109785305	-4.47505062104948
3368	-0.518526291119296	3.07476661872303	-2.05582484909817	0.064818594347062	0.295651277436364	-4.47774884776458
2075	-0.867236541141663	2.91620352716378	-2.0554171362554	0.0648639043129617	0.295651277436364	-4.47838030317993
2766	0.553333372373865	1.8482596389469	2.05352150571938	0.0650749616054293	0.296131443970544	-4.48131552591399
3531	0.561099672772378	2.19095958188504	2.05303110415645	0.0651296675254826	0.296131443970544	-4.48207468798997
2751	0.707660623327351	2.05330244151763	2.04431595640945	0.0661091203131831	0.299950824722098	-4.49555348952997
1411	-1.85177220436685	3.64361648309764	-2.04411232816653	0.0661321699143521	0.299950824722098	-4.49586813327932
642	0.386038509034299	1.58599420330261	2.04027022340319	0.0665684942014543	0.301559362689288	-4.50180243777352
1703	0.464556889182442	1.46204887164167	2.03834907745239	0.0667876805846959	0.301938183516452	-4.50476797319873
3886	-0.402239006402299	1.14014805224138	-2.03810407974343	0.0668156814552929	0.301938183516452	-4.50514607397794
2161	-0.621874775311943	2.48164972506172	-2.0351787029337	0.0671508771920028	0.302058397435259	-4.50965927569092
3534	-0.362748555602883	1.60818322796411	-2.0345990358686	0.0672174839314211	0.302058397435259	-4.51055324699157
2853	0.336130378091341	1.40942499633722	2.03427536683509	0.0672547021742565	0.302058397435259	-4.51105236738126
3043	0.353644303804334	0.962821168481293	2.03412585997915	0.0672719002912349	0.302058397435259	-4.5112829061089
1414	0.822504179560184	2.42851340550474	2.03411984584024	0.0672725921978766	0.302058397435259	-4.51129217972707
2044	0.30154290256373	0.93669180345939	2.03359352714217	0.0673331693091057	0.302058397435259	-4.51210370208838
2008	0.720162650431869	1.88496647969217	2.03268937370386	0.0674373532751637	0.302158626567845	-4.51349759407667
2486	0.578769905647405	1.68700394754427	2.03032212362355	0.0677108448119987	0.302934573522338	-4.51714582958611
456	0.322636542327787	1.35707027389345	2.0297712564818	0.0677746364380963	0.302934573522338	-4.51799452741625
771	0.508960854661087	0.935977707779683	2.02696349108092	0.0681006595240467	0.304023742397558	-4.52231881052036
2441	0.551396574508204	1.69600433969049	2.02617670685161	0.0681922805286007	0.304065096270041	-4.5235300916109
2528	0.315051931706466	1.44854126905173	2.02433028879045	0.0684077503803753	0.304501112532789	-4.52637192669358
2682	-0.650446140023238	0.816706152082162	-2.02392597716315	0.0684550171728644	0.304501112532789	-4.52699405783693
2410	0.345624401687361	1.05338584567913	2.02255583875779	0.068615423693961	0.30484734570169	-4.52910195156433
2374	0.508783583362823	1.6970591610072	2.01926051308861	0.069002663101913	0.306199317514739	-4.53416915056929
346	0.342387924666238	1.6802678895818	2.01841306305312	0.0691025792313742	0.306274576857423	-4.53547169512882
3141	-0.496188551881153	2.42698208969944	-2.01404881654649	0.069619284611373	0.307566573105433	-4.54217588549395
222	-0.465521126355227	0.792650474067818	-2.0139193370079	0.0696346695289416	0.307566573105433	-4.54237469148734
2373	0.585325658323565	2.01860517867145	2.01383913532506	0.0696442007893035	0.307566573105433	-4.54249783230983
2538	0.717497189812964	1.96163270943495	2.01269074864523	0.0697808105414338	0.307566573105433	-4.54426082084347
297	0.36870063137892	1.55462276006956	2.01244048777793	0.0698106143722517	0.307566573105433	-4.54464496045085
1072	-0.74721913801309	1.14780494010151	-2.01026780866961	0.070069862737855	0.307777142387204	-4.54797906024345
3529	0.875179283103246	3.43217475999106	2.01018803473336	0.0700793986665075	0.307777142387204	-4.54810144820922
2506	0.438074442631591	0.696671146682139	2.00994465884395	0.0701084985773668	0.307777142387204	-4.54847481881113
308	0.324530169609843	1.77373506120648	2.00833404722559	0.0703013612998973	0.308257275438505	-4.55094521456903
721	-0.735283855725041	1.34824053779212	-2.0061969665555	0.0705580332103731	0.309015727891693	-4.55422179393083
1347	-1.4512162248175	3.15212935808145	-2.00157090364554	0.0711166500381353	0.310119358973464	-4.56130928529603
289	-0.538020642651957	1.17277412735928	-2.00114513694237	0.0711682706718633	0.310119358973464	-4.56196123446455
2590	0.561925965511004	1.7964003161023	2.00091667036188	0.0711959847777226	0.310119358973464	-4.56231104565502
2067	-1.26975703628366	3.82838994956749	-2.0007888119402	0.0712114990323153	0.310119358973464	-4.56250680542787
336	0.328086611734973	1.67159987380506	2.00013608655796	0.0712907495981101	0.310119358973464	-4.56350608628345
1608	0.446392404776057	1.27769026725459	1.99994461338267	0.0713140129383724	0.310119358973464	-4.5637991924255
3471	1.00306099656722	2.60423247406036	1.99892298610041	0.0714382572761462	0.310294171604155	-4.56536288656307
2646	0.290890519653204	1.71111757102647	1.99697701072287	0.0716754758268454	0.310958703587207	-4.56834041153737
2311	0.465119511856895	1.36778811516483	1.99550594451156	0.0718552907180547	0.311372926444904	-4.57059043627308
1371	0.515795406968094	2.09233653834395	1.99298566777705	0.0721643360014983	0.312345519950213	-4.57444355477822
2400	-0.418291155897875	2.39235635377035	-1.99077487908865	0.0724364534206948	0.312829413640329	-4.5778217470426
2784	0.260270723972389	1.19392733739815	1.9907007179761	0.0724455982292744	0.312829413640329	-4.57793504014536
3703	0.429952207396238	2.48201164458131	1.98953943625668	0.0725889367079551	0.313082189632909	-4.57970884284057
2402	-0.552396667895645	2.14485519893399	-1.98813291661203	0.072762900089788	0.313439773808459	-4.58185662221611
3561	-0.471183631545642	1.24156279178978	-1.98749734499069	0.0728416375752053	0.313439773808459	-4.5828269304364
1250	0.465687605862907	1.31067373791207	1.98673986400883	0.0729355817079265	0.31347865851649	-4.58398317461602
3399	-0.336468668324047	1.33123704689033	-1.98592694093535	0.0730365277712657	0.313547512245945	-4.58522383018589
2322	0.995468526557559	3.02787237530894	1.98301854791711	0.0733987518377845	0.314736575824739	-4.58966067548237
3452	0.70457843843283	2.4882069060484	1.98087637503182	0.0736666194952515	0.315266497542049	-4.59292677876636
1353	-1.84120107859215	4.33803298605448	-1.98066486767687	0.073693116841492	0.315266497542049	-4.59324917208423
2342	-0.761652372133796	2.03767059577117	-1.97803160270615	0.0740237542876181	0.315677433145022	-4.59726168089339
1323	0.39094461044929	1.4546102397169	1.97690593346595	0.0741655172794612	0.315677433145022	-4.59897622256558
2397	-0.859126161106794	2.52617874899703	-1.97651038707784	0.0742153911749795	0.315677433145022	-4.59957858791497
22	-0.739004291021473	3.08238350271787	-1.97584801198321	0.0742989792106419	0.315677433145022	-4.60058717768322
2599	0.407200843856511	1.30189122530355	1.97569218242201	0.0743186567883321	0.315677433145022	-4.60082443530573
231	0.262971501578371	1.69824203671876	1.97565133897326	0.0743238151512845	0.315677433145022	-4.60088661993603
3806	-0.379064215040567	1.48138330158468	-1.97387420477933	0.0745485837249103	0.315677433145022	-4.60359176994533
3627	0.613436793387746	2.20532574907556	1.97311199735862	0.0746451804188281	0.315677433145022	-4.60475166607564
1312	-0.44500976498973	1.27208977816938	-1.97167669825591	0.0748273968516525	0.315677433145022	-4.60693529977907
262	0.470612750326238	0.945506231183285	1.97149112446168	0.0748509863756529	0.315677433145022	-4.60721757571861
455	0.299596507001312	1.59855951234046	1.9713480235111	0.0748691816278377	0.315677433145022	-4.6074352381443
3978	0.327491494500347	1.41023139368094	1.97121015416114	0.0748867155837547	0.315677433145022	-4.60764493637394
619	0.440259098673798	1.18783932482941	1.97110011624169	0.0749007127397182	0.315677433145022	-4.60781229847946
3187	-0.751152100480029	2.76449730680638	-1.96764966310316	0.0753408601088632	0.316762337070253	-4.61305812942711
3804	-0.503815412391441	2.54655486897099	-1.96730948532662	0.0753843842387316	0.316762337070253	-4.61357508795476
2428	-0.348718293177208	1.56624503184634	-1.9670662571352	0.0754155184953283	0.316762337070253	-4.61394469022234
2505	0.42601666571083	1.05177818396573	1.96638297563785	0.0755030455965448	0.316769595843686	-4.61498287394819
666	0.583403548635477	0.992280903354142	1.96570466280863	0.0755900298405556	0.316774563191069	-4.61601334713981
242	0.31347722120714	1.65221022667872	1.96338219748324	0.0758885615177231	0.317108529357969	-4.61954035175102
277	0.308520111783108	1.53608493802529	1.96321346632647	0.0759102931037939	0.317108529357969	-4.61979652126807
2131	-0.608981173057128	1.9760988199352	-1.96301762290644	0.0759355238591728	0.317108529357969	-4.62009384042294
3514	0.510115257708782	1.94290224984777	1.96241441432531	0.0760132850709108	0.317108529357969	-4.62100951546174
3999	0.489082565202912	1.18874943504846	1.96050936672457	0.0762593570173725	0.31772021730809	-4.62390055377703
822	0.298993690849107	0.52022503495344	1.95994788561792	0.076332024039078	0.31772021730809	-4.6247523961137
1841	0.988170812137181	2.89172816504446	1.95873306390887	0.076489467255032	0.318017019263038	-4.62659506459036
1118	-0.343270033773564	0.459631957057323	-1.95611884341971	0.0768293009822787	0.319070617802669	-4.6305586090913
2395	-0.773706291185103	2.16560228391044	-1.95458520491419	0.077029318648581	0.31954184769726	-4.63288270885268
3491	0.602158368361303	2.26837204203172	1.9532436005039	0.0772046883589267	0.319562376562113	-4.63491511480453
2128	-0.89624858484959	3.35049144547438	-1.95322304577519	0.0772073780859709	0.319562376562113	-4.63494624834915
695	-0.543784577738089	1.24627483436294	-1.94995455077284	0.0776361936955958	0.320977409993437	-4.63989501866643
1836	-0.386624843319873	0.807221109230058	-1.94792155993388	0.0779040314296813	0.321533692544458	-4.64297121782554
2220	-0.734525739598429	1.92173173310188	-1.94748171199804	0.0779620924137651	0.321533692544458	-4.64363657538339
3004	0.498268643392084	1.38962427225038	1.94695243133204	0.0780320120584599	0.321533692544458	-4.64443712623585
810	-0.239336309304279	1.04702870556679	-1.9459851209865	0.0781599474336157	0.321701812625317	-4.64589994996613
3502	-0.531829617907533	0.987616760190972	-1.94211172646944	0.0786741937831308	0.323457821210823	-4.65175417074286
3664	1.15024972129876	3.30225238064277	1.94021555722799	0.0789270807221418	0.324136576224858	-4.65461806477463
804	-0.701909158253852	1.45910027416861	-1.93889749230723	0.0791033120247097	0.324499364439143	-4.65660805228766
1155	-0.413914515274702	0.90937590311665	-1.93676710163553	0.0793889277238511	0.325148252769058	-4.65982314825241
2492	0.358716509139057	0.866917221542153	1.93640455654398	0.0794376283850732	0.325148252769058	-4.660370122876
1157	-0.696716941520344	1.33321467021443	-1.93503045266283	0.0796224635316459	0.325293970765039	-4.66244281269391
3312	-0.339787044083708	0.732852745180476	-1.93393359029487	0.0797702924279028	0.325293970765039	-4.66409682251419
347	0.291404102448658	1.3412085849492	1.93385255366224	0.0797812241840747	0.325293970765039	-4.6642190041288
1363	1.09383551762618	2.85865303911929	1.93352325733436	0.0798256602148227	0.325293970765039	-4.66471547060937
3933	0.516736733310881	1.25466116601387	1.93156801990857	0.0800899779545114	0.32581642725848	-4.6676624907723
1560	0.380988621192521	0.642185923034876	1.93081099178543	0.0801925342755595	0.32581642725848	-4.66880314392999
811	-0.237410018908093	1.09448553729204	-1.93056745580321	0.0802255525387728	0.32581642725848	-4.66917004778049
3377	-0.479406306876953	1.22606886840387	-1.92996810139262	0.0803068658735689	0.32581642725848	-4.67007292482631
438	0.316420074407468	1.57028256416335	1.92898706317053	0.0804401265428609	0.325998844342747	-4.67155049406338
150	0.296474785130176	1.2018387982653	1.92582515970345	0.0808710248332533	0.32738577158374	-4.67631033539832
1568	-0.306475534656199	1.76541494744382	-1.92461791376632	0.0810361098044353	0.327694761662623	-4.67812672528879
2298	-1.51834463392493	3.36376114222898	-1.92394933244882	0.0811276693645889	0.327706078002256	-4.6791324250516
2986	0.496667392353078	1.2599070105745	1.92235216340738	0.0813467835488185	0.328018982451362	-4.68153426999517
3732	0.258432928791326	1.28110805648699	1.92145382434466	0.0814702667075119	0.328018982451362	-4.68288479294604
3730	0.285044799525883	0.728825401735677	1.9214436201573	0.0814716703434179	0.328018982451362	-4.68290013176242
904	0.340434728247587	1.4959611171482	1.91819342394493	0.0819198924488722	0.329464316907665	-4.68778383760195
264	0.496077500461755	0.906724216682215	1.91614436814792	0.082203642480794	0.330245754123059	-4.69086072048894
3487	-0.719096876116256	1.37866985806524	-1.91507466799152	0.0823521341475013	0.330469935466411	-4.69246637590194
2401	-0.415218966053278	2.19456512222117	-1.91445358502993	0.0824384643999362	0.330469935466411	-4.69339844748602
2788	0.381616134004382	2.16031216063205	1.9131776750548	0.082616078180801	0.330564275729467	-4.69531278212127
1733	0.875882143552797	2.83225680308055	1.91299835475641	0.0826410689323667	0.330564275729467	-4.69558178014119
1327	1.04467486437192	1.97368424801062	1.9098960509712	0.0830745265212657	0.331938476100122	-4.70023364683459
3324	-0.433711199265579	0.852486662388911	-1.9092017349208	0.0831718248007518	0.331967975312839	-4.70127427438524
23	-0.631441465922358	2.68481087824066	-1.90803967478879	0.0833349064734011	0.332259691900428	-4.70301554528134
2546	0.465805346301402	1.67467137126265	1.90577893286545	0.0836530230079722	0.332338664288625	-4.70640167274148
3976	0.289623935085815	1.36213160199094	1.90553274693305	0.0836877323618415	0.332338664288625	-4.70677029325168
3097	0.311608398554012	1.01789632372364	1.9054666234467	0.0836970572727105	0.332338664288625	-4.70686929777521
3109	-0.397412261707702	1.68413177257311	-1.90516502726924	0.0837396013562212	0.332338664288625	-4.70732084704312
3277	-0.520580551064413	0.594801060784734	-1.90470315530536	0.0838047931887079	0.332338664288625	-4.70801229484695
2367	0.705159167381224	3.15303171267971	1.90181709684832	0.0842132152048346	0.332851664665908	-4.71233107005493
2063	-1.19202199092156	3.16132017485338	-1.90164561837295	0.0842375398681055	0.332851664665908	-4.71258757650418
1146	-0.434166336938646	0.885642334981416	-1.90149981549347	0.0842582274889296	0.332851664665908	-4.71280566735289
1647	0.809669407613997	1.633118450883	1.90124232100356	0.08429477423148	0.332851664665908	-4.7131908061262
2721	-0.424718021852234	2.21769802608372	-1.90034703847062	0.08442195761903	0.332997721719507	-4.7145297006998
1443	-1.27722803931082	2.79848741303983	-1.89919304611105	0.0845861547338263	0.333289309794329	-4.71625504999137
2577	0.917851125041062	2.32892635020375	1.89852770910416	0.0846809569939276	0.333307135630683	-4.71724957581084
538	0.258446616365555	1.39316029767624	1.89710443259666	0.0848840858256882	0.333750846505262	-4.7193764853592
1128	-0.597409459430244	1.18485015162889	-1.89569832643219	0.0850852059058538	0.334185723621715	-4.72147698346702
3492	0.636782184799457	2.09275077930845	1.89486069729649	0.0852052238408407	0.33430147334791	-4.72272791167857
4009	0.40426714862497	1.36530116240988	1.89244988136113	0.085551525309521	0.334892749713926	-4.72632677524763
1772	0.645002125272828	2.89683374987595	1.89204043749387	0.0856104687327999	0.334892749713926	-4.72693777322641
941	-0.296558005936182	1.72960785314652	-1.89191837072744	0.0856280486809172	0.334892749713926	-4.72711991661755
3191	-0.387487842347412	0.602199407067502	-1.89023811989111	0.0858703756945254	0.335159549518275	-4.72962654654613
3882	0.271148205635067	1.66859994663989	1.88990301657123	0.0859187801604374	0.335159549518275	-4.73012633133079
3549	0.60218325599937	2.41620050923594	1.88925949684509	0.0860118048579629	0.335159549518275	-4.73108597899513
3554	0.757731538728455	2.4671166894007	1.88893059183083	0.0860593859543134	0.335159549518275	-4.73157639699117
3744	0.551856755874729	1.93094117829347	1.88752407377536	0.0862631341618165	0.335599042492546	-4.73367313740293
1494	-0.737971924230417	1.12560514353138	-1.88580522254897	0.0865127309832972	0.335708766575672	-4.73623445528989
1164	-0.530404972651532	1.07381285624534	-1.88566500926739	0.0865331209026248	0.335708766575672	-4.73644334189484
1067	-0.591162348863224	0.909056937031852	-1.88545187184197	0.0865641239924268	0.335708766575672	-4.73676085482356
3200	-0.384012212944224	0.889920213871521	-1.88360230461774	0.0868335934359969	0.33605117654637	-4.73951544172212
2034	0.644173560421535	1.93972367900661	1.88335197104608	0.0868701247016417	0.33605117654637	-4.73988816618463
2111	-0.79763537331749	2.87591570709127	-1.88297282639248	0.0869254803905154	0.33605117654637	-4.7404526330577
1549	-0.410247225830686	0.795806838141797	-1.88147507339118	0.0871444726192162	0.336533219462294	-4.74268193263016
701	-0.306200192513788	1.73899457049883	-1.88087418808486	0.0872324731921494	0.336533219462294	-4.74357606527306
647	-0.401558517165686	0.99019478552128	-1.87959531080143	0.0874200393861334	0.336904786444264	-4.74547860398806
803	0.354651940488261	1.81534521166112	1.87848038385531	0.0875838629407223	0.337184173073146	-4.74713672492121
2185	0.713468972415513	2.77066920466469	1.87762950044829	0.0877090790584907	0.337314499879112	-4.74840183684046
1244	0.272747622389622	0.704799341891472	1.87505098688751	0.0880895410163863	0.338197633567062	-4.75223391582743
2297	-0.623058519740673	2.35837594313944	-1.87452478959047	0.0881673683509221	0.338197633567062	-4.75301561167397
2722	-0.407261914165469	2.15374420598574	-1.87421294660301	0.0882135214314954	0.338197633567062	-4.75347882136516
545	-0.277634026071038	1.72530821740284	-1.87294339828465	0.0884016455561118	0.33856729812569	-4.75536421094275
3132	0.48212042305449	2.64559227175485	1.87156667591117	0.088606068245733	0.338998553329789	-4.75740805511853
33	-1.02654329134314	3.7043974046553	-1.86677705616953	0.089320648857623	0.341378711782965	-4.76451283582265
1149	0.378181063286718	2.34883407328176	1.86541637739668	0.0895246180914361	0.341611872533409	-4.76652959076039
3228	-0.704886427589656	1.55653967278619	-1.86513593842554	0.089566709808326	0.341611872533409	-4.76694515833379
3385	0.621712931203165	1.89133923915461	1.86276505998764	0.0899232880954249	0.341985124484453	-4.77045720329455
3474	0.766848291878548	3.56806344267215	1.86233755541829	0.0899877231455204	0.341985124484453	-4.77109024209905
3701	0.711441934074906	2.81483626280155	1.86205374507539	0.0900305235117387	0.341985124484453	-4.77151046213573
3264	-0.50672007111041	1.5666440694491	-1.86202349215025	0.0900350869444444	0.341985124484453	-4.77155525386063
2708	-0.325850431356734	1.53167615001661	-1.86039241121438	0.0902814385013717	0.342568418239532	-4.7739696580403
3943	0.428722411373617	1.31653225005673	1.85969445916322	0.0903870433246968	0.342617006113738	-4.77500247980654
1497	-0.462158775634123	1.44886097154951	-1.85810674403436	0.0906276981234708	0.343176883560876	-4.77735124706275
3613	0.85392864135178	2.30013778357535	1.85702041865303	0.0907926947205895	0.343449414865181	-4.77895771548822
1643	0.40442252781486	1.36434793623326	1.85385030934179	0.0912757653472637	0.344923363011359	-4.78364303186635
4041	0.312615298264089	1.46430959737973	1.85308010764339	0.0913934867063449	0.345015084785098	-4.78478076239139
3606	0.558916953457529	2.26255156786907	1.85059556554759	0.091774186630475	0.346098362655479	-4.78844928317338
283	-0.426915089521045	0.813356165106759	-1.84946171510503	0.0919484066950742	0.346401548487974	-4.79012263931099
2753	-0.375205707642284	0.669766317632859	-1.84813327138273	0.0921529126662086	0.346818097414518	-4.79208252693282
2138	0.799318686484486	2.49178958845858	1.84485461032448	0.0926594295889121	0.347798203277492	-4.79691660077777
2226	-0.571832532166004	2.68743322546549	-1.84479391386642	0.0926688305420864	0.347798203277492	-4.7970060513357
195	-0.269548688054928	0.590414633410182	-1.84461887788806	0.0926959458356045	0.347798203277492	-4.79726399989097
3384	0.586965675757177	1.93293088652118	1.84376197292939	0.0928287962824438	0.347829530510449	-4.79852663369596
908	0.262280242453939	1.18535525358425	1.84335006505939	0.0928927186032782	0.347829530510449	-4.79913346751002
4	0.882420664174067	2.95537613392329	1.84230556285548	0.0930549915989733	0.348084122576909	-4.80067195079059
2159	-0.71976840424489	2.6649336194565	-1.84168527981695	0.0931514811700707	0.348092377003948	-4.80158537943278
3276	-0.549934190122085	2.49045647108183	-1.83940137908138	0.0935075494577344	0.348496622653998	-4.80494731558696
2062	-1.4473413917923	3.37479479004106	-1.83923692739233	0.0935332361288392	0.348496622653998	-4.80518930978254
3803	-0.405812459101116	2.2602900150696	-1.83845469689417	0.0936555058046058	0.348496622653998	-4.80634022933443
510	0.41865918800668	3.35220067480884	1.83756426469807	0.0937948665530037	0.348496622653998	-4.8076500485714
3832	0.281362660868701	1.94139554009056	1.83713669256064	0.0938618529605168	0.348496622653998	-4.80827889016446
4025	0.436856819631633	1.37653179446181	1.83668053548667	0.0939333659835434	0.348496622653998	-4.80894969085513
41	-0.681207790160503	3.28296023628224	-1.83606456640633	0.0940300123605892	0.348496622653998	-4.80985536908706
3070	0.316829853897299	0.919777898061653	1.83545976129709	0.0941249956787961	0.348496622653998	-4.81074448310875
3599	0.988793535392308	2.96094200705788	1.8348314937883	0.0942237567334358	0.348496622653998	-4.81166793186768
3302	0.29177798513272	1.31107752705917	1.8343788375032	0.0942949712194048	0.348496622653998	-4.81233316214402
3691	0.594029353174647	1.91082464399363	1.83390218430141	0.0943700142954714	0.348496622653998	-4.81303356879255
245	0.37657495762227	1.76056726771538	1.83279478619067	0.0945445713410539	0.348496622653998	-4.81466045239651
3082	0.397666033124776	1.34141710112248	1.83271886415088	0.0945565496050447	0.348496622653998	-4.81477197156372
2254	0.531074308602115	0.822498827833652	1.83161034660447	0.0947315993091172	0.348496622653998	-4.81639996642436
2051	0.436816939546053	2.12930959520956	1.83138491044966	0.0947672349513231	0.348496622653998	-4.81673098608731
976	-0.380605000962873	1.28511295889347	-1.83083019225609	0.0948549738239993	0.348496622653998	-4.8175454196654
2069	-0.852749347443009	3.03725318168088	-1.830771067707	0.0948643298394551	0.348496622653998	-4.81763221854831
2240	0.707050372746648	2.30944615022748	1.82773246247789	0.0953463044488207	0.3499190417744	-4.82209118013252
2197	0.59427763231294	2.15095153853297	1.82588644668176	0.0956402065888143	0.350649099032674	-4.82479825052278
3970	-0.271748702146719	1.28855698548557	-1.82450442665076	0.0958607784131603	0.351109120933917	-4.82682398612402
480	-0.375194013358669	2.3754443853628	-1.82358760771344	0.0960073601287935	0.351297496130333	-4.82816740782532
1763	1.05763698803026	3.97482172567021	1.8227006940735	0.0961493554844007	0.351468733117235	-4.82946668077477
2539	0.57369705407288	2.00769970672945	1.81942595575888	0.0966753068767296	0.353041773480599	-4.8342611655091
478	0.485760005985655	1.60889572770386	1.81697951972678	0.0970699393361982	0.354132624534826	-4.83784006357254
3263	-0.557824214684608	1.48469134586412	-1.81414061856297	0.0975297234753998	0.355458774996225	-4.8419899983401
613	0.589969074350662	2.6554967979895	1.81352254549099	0.0976300888021296	0.355473656664164	-4.84289306127178
3653	0.569435384479401	2.49079148265205	1.8117167905772	0.0979238551452002	0.356067348680281	-4.84553053079253
855	0.438620509397649	0.669796106744944	1.81133523548488	0.0979860309477697	0.356067348680281	-4.84608765337531
2243	0.760947441653443	2.28613410942782	1.8105660557977	0.0981114811019088	0.35617265312512	-4.84721057676814
1168	0.67933104677289	1.31206152426415	1.80971052290321	0.0982511872228888	0.356329453071617	-4.84845927770039
950	-0.437709698244387	0.801268153311815	-1.80801500023841	0.0985285975846618	0.356917642935574	-4.85093309221098
3183	-0.425800892194987	2.40409745081735	-1.80712886366913	0.0986738655026092	0.356917642935574	-4.85222551274516
891	0.342231935399572	1.85643096484151	1.80694891326534	0.0987033893383588	0.356917642935574	-4.85248792838794
2084	-0.402646600753325	2.11854922876651	-1.80480849921878	0.0990551777349379	0.357723937529835	-4.85560818414816
2156	-0.72007835467081	3.43493088788445	-1.80441395092316	0.0991201484542312	0.357723937529835	-4.85618314001343
3649	0.582055694189909	3.21275585614553	1.80279218828675	0.0993876140724766	0.357812570933116	-4.85854576980763
882	0.451464355317708	0.969503424612992	1.80269160997263	0.0994042233671664	0.357812570933116	-4.85869225881622
2068	-1.05461531631311	3.41029456967484	-1.80185919547103	0.0995417836874666	0.357812570933116	-4.85990448014636
1177	-0.576246058021448	0.781738303315219	-1.80137944407143	0.0996211435704929	0.357812570933116	-4.86060299611733
965	-0.439992191396323	0.679440411918236	-1.80133024226053	0.099629285731106	0.357812570933116	-4.86067462827342
2645	0.269457898125471	1.72720882767272	1.80069966516004	0.0997336904538437	0.357839441356259	-4.86159258562092
3389	-0.401633193116114	3.21564632448668	-1.79860358389813	0.100081455462131	0.358338765449715	-4.86464273580894
1394	-0.963381646581909	2.44146296828723	-1.79812791215759	0.100160528685544	0.358338765449715	-4.86533466036274
2210	0.836634745843224	2.98406142182697	1.7980043737938	0.100181074371285	0.358338765449715	-4.86551434688874
725	-0.604845903135875	1.33330813411288	-1.79738972747732	0.100283353354247	0.358338765449715	-4.86640825412414
2105	-0.888497147467657	2.27230603195369	-1.79694060795978	0.100358148286838	0.358338765449715	-4.86706132761408
3505	-0.714198461460746	2.15096106829287	-1.79620494709191	0.100480772631527	0.358429963821834	-4.86813088244017
366	0.34815302753769	0.924014043284976	1.79528510263745	0.100634289671715	0.358631078637037	-4.86946789433621
1947	0.500764356280376	1.86146120874112	1.79381193163727	0.100880598661397	0.35883637180123	-4.87160843136351
2912	0.25126753883429	1.26637621956052	1.7933617079671	0.100955983844322	0.35883637180123	-4.872262428949
1737	0.636063930283116	1.84239290422168	1.79319759740934	0.100983475162914	0.35883637180123	-4.87250079555651
1771	0.520514679650913	2.9036136727922	1.79124451652294	0.101311172793822	0.359644141637687	-4.87533672107907
3472	0.754833565500052	2.17313867696973	1.79068267324362	0.101405620651363	0.359644141637687	-4.8761522324941
3544	-0.366202313478724	1.41676625756847	-1.79005530223138	0.101511178586027	0.359673005124387	-4.87706269835202
3812	0.365720470563787	1.73864213469193	1.78759899497741	0.101925425238445	0.360712587056453	-4.88062577744354
672	0.313327856483311	1.92140444583784	1.78618774128406	0.102164122244499	0.360712587056453	-4.88267175547931
3612	-0.309692591530672	1.20970309978978	-1.78610869788467	0.102177506522238	0.360712587056453	-4.88278632423033
37	-0.825391059094392	4.15332601025069	-1.785970178331	0.10220096563463	0.360712587056453	-4.88298709372669
2066	-1.2797975846411	3.89832649018035	-1.78542650429955	0.102293087391145	0.360712587056453	-4.88377501270879
292	0.331430864681093	1.61263428868707	1.78207513475922	0.102862621542446	0.361536189489036	-4.88862918856374
848	-0.451398145993314	2.01573072942231	-1.78169821035747	0.102926856226456	0.361536189489036	-4.88917483064467
593	-0.457635875254048	0.525586790246816	-1.78065505122792	0.1031048192485	0.361536189489036	-4.89068460735622
954	-0.428939638310271	0.776084973360479	-1.78056570849042	0.103120074109831	0.361536189489036	-4.89081389244457
2821	0.228487306651374	1.42941176306348	1.78047866262128	0.103134938762693	0.361536189489036	-4.89093985050803
1401	-0.296865354051924	1.73299137325467	-1.77946231958282	0.103308641719914	0.361536189489036	-4.89241028929752
2403	-0.420452962701205	2.07316587254672	-1.77931099099946	0.103334527961955	0.361536189489036	-4.89262919255941
739	-0.346813201156169	0.812850333011396	-1.77902273778908	0.103383852800996	0.361536189489036	-4.89304613588767
1404	0.674592541581821	2.4924861622227	1.7788818573477	0.103407967524491	0.361536189489036	-4.89324989913647
3234	0.56492153096892	3.4050659806666	1.77747209157181	0.10364956068485	0.361589031999497	-4.89528845145111
1252	-0.44481455153683	0.82187199683004	-1.77730298443821	0.103678575155297	0.361589031999497	-4.8955329265673
2147	0.409880330806438	1.7716855799048	1.77707969444756	0.103716897315132	0.361589031999497	-4.89585571397038
3831	0.25698894441384	1.69289161418779	1.7748446263922	0.104101199968973	0.362264952892726	-4.89908553677746
1686	0.338536540276022	1.30814520921202	1.77480143553207	0.104108639011905	0.362264952892726	-4.89914792920979
477	0.438251267876395	0.953950493037834	1.77424140243754	0.104205140837507	0.362264952892726	-4.89995686593643
178	0.241668521076026	1.49287739961349	1.77300689715504	0.104418150661544	0.362380728421852	-4.90173956113641
2032	0.555733724136378	2.34009426159353	1.77291079419811	0.104434749469353	0.362380728421852	-4.90187831154523
3716	0.357662887086405	1.29133061572783	1.77231830904034	0.104537135790927	0.362382689296617	-4.90273363451109
107	1.01407321072877	2.89942318036992	1.77177200926721	0.104631621557474	0.362382689296617	-4.90352214857061
230	0.271740953861309	2.73185419426909	1.77039036104084	0.104870931475744	0.362871114347187	-4.90551580393032
702	-0.322194372162057	0.58264129093802	-1.76782725993148	0.105316190812394	0.364070577227864	-4.90921204582275
1605	0.379858677610925	1.46993319691619	1.76637546238507	0.105569155072208	0.364603667471087	-4.91130441114781
2484	0.756331148299505	1.9141256801543	1.76478642395772	0.105846663445675	0.364916668339223	-4.91359351779213
232	0.254532378109284	1.81125871675661	1.76472466353391	0.10585746256536	0.364916668339223	-4.91368246519173
2861	0.250384396707192	1.20021365277605	1.76389274748114	0.10600302455462	0.365015419640371	-4.91488042878266
3096	0.328860292057282	0.904217124088054	1.76343130520058	0.106083842165254	0.365015419640371	-4.9155447777147
120	0.46253289091892	1.84933915796374	1.76144232587628	0.106432833639901	0.365083458118559	-4.91840729003061
3600	0.660851021834156	2.16648769611965	1.76137418179407	0.106444808774756	0.365083458118559	-4.91850533137993
3164	-1.30691119117617	5.77605472718194	-1.7599421285405	0.106696749515172	0.365083458118559	-4.92056520702235
434	0.289467717131982	1.4922093920374	1.75984720338962	0.10671346873237	0.365083458118559	-4.92070171624053
3665	0.749254818556648	2.6895482211332	1.75972927220386	0.106734243317871	0.365083458118559	-4.92087130428744
3652	0.559637464236187	2.41993856422315	1.75971435431476	0.106736871492242	0.365083458118559	-4.92089275615664
3536	-0.727338745539569	1.50258347628407	-1.75864012582375	0.106926278839054	0.365083458118559	-4.92243723580666
1738	0.45357609602895	2.02445380154333	1.75852878262491	0.106945928195836	0.365083458118559	-4.92259729128136
3365	0.435813759559035	2.41622549129211	1.75802534720191	0.107034813055355	0.365083458118559	-4.92332090997704
2082	-0.473741098953289	1.99175841664027	-1.75741361278434	0.107142908783512	0.365083458118559	-4.92420004345439
3408	-0.263841261886172	0.229619560304728	-1.7567324681372	0.107263385771379	0.365083458118559	-4.92517873371565
2181	0.719019673310495	2.30246371016192	1.75658075731406	0.107290236202231	0.365083458118559	-4.9253966888265
154	0.215352749682861	1.17689681613812	1.75588091431523	0.107414176150555	0.365168635679419	-4.92640198587436
3265	-0.525546116691613	1.54901741748287	-1.75530595081019	0.107516097236954	0.365178869364151	-4.92722773688799
243	0.281120806910046	1.65618495474254	1.75201537221199	0.108101087215521	0.366796311017692	-4.93195079199813
692	-0.422448614933356	1.11333800406584	-1.75150802586463	0.108191537465597	0.366796311017692	-4.93267857377282
3748	0.669961275381255	2.19847932517149	1.75095420216748	0.108290351844335	0.366796311017692	-4.93347289659448
1330	-1.51983784697342	3.29076884402499	-1.74795344779976	0.108827172357366	0.368276737253341	-4.93777437026112
2097	0.803630165779651	2.04823135461085	1.74365126503147	0.109601006678806	0.370121127677346	-4.94393441076398
3105	-0.453834379413059	0.90901116421843	-1.7433889447807	0.109648350590226	0.370121127677346	-4.94430974473388
341	0.271831430790774	1.56674442173957	1.74273259194284	0.109766890933666	0.370121127677346	-4.94524873515527
3574	0.574029316774806	1.88831589399069	1.74186191924037	0.109924316939639	0.370121127677346	-4.94649403849717
3917	-0.255585137820881	1.30377473587742	-1.74128519117435	0.11002870709456	0.370121127677346	-4.94731873290441
2419	0.445880674669056	1.03252687243084	1.74123821984603	0.110037213037287	0.370121127677346	-4.94738589317453
2920	-0.505505408346929	1.01438050963499	-1.74082489124243	0.110112087467393	0.370121127677346	-4.94797683369378
1160	-0.384805624726661	1.40718483218111	-1.74048224490698	0.110174192664519	0.370121127677346	-4.94846666101166
1720	-1.09239098275835	3.1997530501732	-1.73967780529831	0.110320122861839	0.370274448732646	-4.94961643456507
564	0.478334118099097	2.55425093820951	1.73841372464517	0.110549787068798	0.370330023906133	-4.9514225802225
3274	0.457781682364049	2.59786350328667	1.73835449634905	0.110560558518717	0.370330023906133	-4.95150718930964
2224	-0.811787418548604	2.88851327216621	-1.73793102908925	0.110637599233062	0.370330023906133	-4.95211207690328
2211	0.75292447586891	2.28649154123811	1.7367740197082	0.110848339021252	0.370699336654404	-4.95376435754057
826	-0.235855587762672	1.33554173048287	-1.73551162268889	0.11107868721008	0.37113349609015	-4.95556645178908
1354	-1.89135199238765	4.16221282773203	-1.73421195105573	0.111316287666323	0.371445808017066	-4.95742100690814
307	0.656796354606123	1.74306348013089	1.7339000433928	0.111373377430903	0.371445808017066	-4.95786596760887
3202	0.43384318305869	3.34472573250152	1.72875445481264	0.112319012051045	0.373940267730944	-4.96520021279167
817	-0.450916430813705	2.10298826433297	-1.72823773608085	0.112414370944399	0.373940267730944	-4.96593605401632
436	0.29633323066332	1.62033216518517	1.72817928908996	0.112425161750094	0.373940267730944	-4.96601927872974
2676	0.375142844381442	2.28045873633501	1.7256449766998	0.112893958471137	0.374770777399606	-4.96962648389173
2491	0.335482231962774	1.0521845710105	1.72554009467577	0.112913397400088	0.374770777399606	-4.96977570451389
2807	-0.463825099412521	0.83998954056004	-1.72518420290961	0.112979381160824	0.374770777399606	-4.97028201130518
182	0.320390670659173	1.70970257962421	1.7239173532884	0.113214541909115	0.374951726818027	-4.97208381796848
2535	0.792943260109385	2.31980868997899	1.72379624195254	0.113237046425271	0.374951726818027	-4.97225603315724
3045	0.427506811688276	1.20271146972145	1.72196959211283	0.113576957122988	0.375474130567888	-4.97485264125192
3257	-0.441058067445906	2.32813648171046	-1.72185552629155	0.113598213392289	0.375474130567888	-4.97501473693024
2848	0.463472422062098	2.36659958111578	1.7194833018563	0.114041091416772	0.376434778368351	-4.97838449065009
1147	-0.481580881540306	1.03921280336475	-1.71920701690321	0.114092772750321	0.376434778368351	-4.97877678724005
2439	0.386768776980739	0.957435674222624	1.71797060120088	0.114324312399301	0.376654067489411	-4.98053194406265
2296	-0.656820757886615	2.26299956658506	-1.71776276564224	0.114363274554612	0.376654067489411	-4.98082690879458
2110	-0.976540130849389	2.98375209075099	-1.71633555824255	0.114631150375578	0.376925832613487	-4.98285189769584
315	0.233679693935339	1.55838063840434	1.71616422917221	0.114663345406673	0.376925832613487	-4.98309492462563
3712	0.29907045064675	1.29433851565323	1.71569230553088	0.114752068217107	0.376925832613487	-4.98376426940572
3323	0.391508432102318	1.47038439973176	1.71391413154288	0.115086923744579	0.37766940605331	-4.98628539302791
658	0.236739732171993	1.42138366742686	1.71340463332961	0.115183031206941	0.37766940605331	-4.98700749984717
2035	0.499467119868195	1.98704479321364	1.70955812591188	0.115910933682327	0.379295402923339	-4.99245525768522
2547	0.483429056308342	1.58114404511577	1.70925795303423	0.115967910939919	0.379295402923339	-4.99288010143294
3068	0.379790880885656	1.66973157801373	1.70915669425727	0.115987137026124	0.379295402923339	-4.99302340665038
106	1.00601383262672	2.99819510420068	1.70662558056852	0.116468652180037	0.380532976857255	-4.99660399290144
1390	-0.294523619959878	1.54198348789911	-1.70522540912184	0.1167357885659	0.381068551180639	-4.99858344114359
2160	-0.543332199026187	2.5245742496432	-1.70303933282654	0.117153965554207	0.382095795782801	-5.00167211858734
1570	0.425151047009604	1.49319623242855	1.7000934818935	0.117719605391829	0.383601750314769	-5.00583075602905
2190	-1.08415553268045	2.97511093518007	-1.69912026625072	0.117907012113454	0.383873623212408	-5.00720374918912
265	-0.271997438996963	0.967509277793277	-1.69743618074094	0.118231938805464	0.384592350722268	-5.00957857874891
2108	-0.863430349077167	2.74656866906234	-1.69542750658851	0.118620540387042	0.385133728165781	-5.01240939606785
3800	0.271169182376501	1.6603615250831	1.69509941599715	0.118684121938172	0.385133728165781	-5.01287159349926
1387	-1.5738136437521	4.32218697224402	-1.69495913294916	0.118711317078185	0.385133728165781	-5.01306920176895
3031	0.303255262352398	1.06946679874336	1.69388488237421	0.118919755339369	0.385189463112786	-5.01458212794756
2993	0.528450100567263	1.49008648287213	1.69379526784289	0.11893715816592	0.385189463112786	-5.01470831256369
1148	0.497629101389104	0.985077238897003	1.6912771638523	0.119427098187741	0.386437201147361	-5.01825246798981
997	-0.485419619426717	1.16884608241757	-1.68860324226143	0.119949331827263	0.38764243569103	-5.02201266686254
2802	0.220347650715483	1.52044183266278	1.68822585131621	0.120023202937583	0.38764243569103	-5.02254310108319
1817	0.635976193311678	1.95312576236904	1.68760949210694	0.120143937587982	0.38764243569103	-5.02340926783102
244	0.309656458778486	1.76848256250689	1.68700401061441	0.120262647229361	0.38764243569103	-5.02425997356419
1380	-1.55780879762487	3.90158896517994	-1.68668849606718	0.120324548023272	0.38764243569103	-5.02470320509095
948	0.414169696187886	2.86436059647215	1.684869686577	0.120681936043593	0.388454845573623	-5.02725733208612
1534	-1.25987216143109	3.21573103275492	-1.68305149164568	0.121040151514447	0.388635956399996	-5.02980903110783
2323	0.61059268425607	2.33886946899078	1.68281652310853	0.121086513606236	0.388635956399996	-5.0301386773581
2950	-0.39421663087031	2.31860002916536	-1.68229705461906	0.121189067257873	0.388635956399996	-5.03086736641298
3632	0.813893162599692	2.90090658503105	1.68193070207993	0.121261439368665	0.388635956399996	-5.03138119371367
2823	0.352634179632119	1.79760744205904	1.68145929823814	0.121354620940485	0.388635956399996	-5.03204226685646
1139	-0.335011338292847	0.593600991750832	-1.6809182994051	0.121461638068242	0.388635956399996	-5.03280080647613
2341	-0.549368446145711	1.88904124345028	-1.68085051627247	0.121475052460887	0.388635956399996	-5.03289583605047
2170	-0.688621597891679	3.2208223126268	-1.6792712666697	0.121787963381146	0.388687850438367	-5.03510927031489
1051	-0.426456875543695	1.34882044210788	-1.6792314950841	0.121795852968183	0.388687850438367	-5.03516499779773
1786	0.581433933580787	2.14322245919735	1.67877187088885	0.121887062872237	0.388687850438367	-5.03580896324276
2453	0.660360259114566	2.5885821722946	1.67864431495791	0.121912386459271	0.388687850438367	-5.03598766013917
3928	-0.296894327427838	1.40141061017643	-1.67645459608171	0.122347842951996	0.38939181843426	-5.0390540934636
3341	-0.603894446114705	2.5138391325861	-1.6759759386817	0.122443215470969	0.38939181843426	-5.03972408999112
2608	0.485984636571234	0.918914806720907	1.67594393766475	0.122449594041759	0.38939181843426	-5.0397688792355
408	0.251705069463921	1.5834068420875	1.67523479423905	0.122591019477936	0.389506061886868	-5.04076128464141
3268	-0.319278218546686	0.992111109471089	-1.67088507774645	0.123461682681652	0.391935109596441	-5.046843199675
3429	0.566829146391682	2.30180653740795	1.66961068578437	0.123717814542998	0.392115156555658	-5.04862337824022
86	0.628875984605797	2.55147229998203	1.66923871177787	0.123792664486623	0.392115156555658	-5.04914283596605
2299	-0.928924233940566	2.8148231204852	-1.66853213172368	0.123934956250199	0.392115156555658	-5.05012938432946
1687	0.411936179440706	1.97104177277976	1.66849109237861	0.123943225270979	0.392115156555658	-5.05018667732405
2523	0.503781211062064	1.94484222159579	1.66563430662471	0.124520049195807	0.393424111159413	-5.05417290186521
325	0.43067748201887	2.01541353558364	1.66538701183225	0.124570093701342	0.393424111159413	-5.05451778046144
2663	0.256952223020368	1.44143876397104	1.66371604172925	0.124908714097863	0.393703003252985	-5.05684735060201
1356	-1.41361817908714	3.80096238761274	-1.66271467087147	0.125112033547499	0.393703003252985	-5.0582427578112
3564	-0.37599180574836	1.50980479631497	-1.66234614992591	0.125186932607298	0.393703003252985	-5.05875616857301
894	-0.380067402474036	0.960140536258595	-1.66179834526824	0.12529834349711	0.393703003252985	-5.05951922983958
3211	-0.286492923889942	0.854172919719815	-1.66123190187351	0.125413637907596	0.393703003252985	-5.06030810107809
2634	-0.435231618021875	2.31512657944998	-1.66038560905319	0.125586069097933	0.393703003252985	-5.06148642193247
513	-0.397411444935478	1.0708380953563	-1.66011038779019	0.125642190572129	0.393703003252985	-5.06186954660748
1229	0.326747131271055	1.76105097931606	1.65976395517364	0.125712864773452	0.393703003252985	-5.06235174959652
1510	-0.768455482093953	2.10488585786103	-1.65932023302514	0.125803438268879	0.393703003252985	-5.06296928582914
2444	0.598805329361472	2.5332786116752	1.65894352727733	0.125880377813286	0.393703003252985	-5.06349347913884
3754	0.432508712938173	1.27132939787106	1.65820450107885	0.126031440470882	0.393703003252985	-5.06452164821916
3359	-0.43617214841444	1.21318723591276	-1.65817053819577	0.12603838662159	0.393703003252985	-5.06456889265489
201	-0.265630902933752	1.41269489771712	-1.65813977999147	0.126044677639499	0.393703003252985	-5.06461167870408
2153	-0.615694695674347	2.10545182974154	-1.65671555036799	0.126336283434648	0.394254451195404	-5.06659234284634
2647	0.244552652504773	1.6271356545008	1.65623506226322	0.126434796916402	0.394254451195404	-5.06726033110573
410	0.223212955950722	1.22464707478396	1.65529035205547	0.126628688153673	0.394525836846718	-5.0685733665319
3822	-0.238774507201997	1.60590561867025	-1.6537081154966	0.126954016921392	0.39520592788683	-5.07077151430039
541	0.435848296946289	2.38227530044906	1.65309424030775	0.127080437740144	0.39520909895727	-5.07162402164965
2217	0.482308064845758	1.86494483012267	1.6526639158809	0.127169125016586	0.39520909895727	-5.07222151676217
713	-0.34963495260886	0.966752801048184	-1.64811595453483	0.128109800627161	0.397797631552125	-5.07853071690127
3761	0.562656327528869	1.86561344942077	1.64694943525227	0.128352070983997	0.398214996699931	-5.08014734848315
1777	0.666671039590656	2.34757643628608	1.64598824196824	0.128552003537112	0.398500417345942	-5.08147892513398
791	0.302981088829338	2.12579907845606	1.64303857478055	0.129167274793911	0.400071794076443	-5.0855623722644
3322	-0.323012487175769	0.445545587905735	-1.64141574409721	0.129506894325949	0.400787471794973	-5.08780715188406
1835	-0.500626706427723	1.23235806503339	-1.63773835890005	0.130279415412464	0.402838505655759	-5.0928890800979
620	-0.51831392295382	0.813494454442782	-1.63699393665411	0.130436295110765	0.402838505655759	-5.0939170131383
1070	-0.412568286516851	1.10038542273152	-1.63670618550972	0.130496980705387	0.402838505655759	-5.09431427978385
3325	-0.560256409896669	1.85382398616276	-1.63569422396968	0.130710598244025	0.403082414070273	-5.09571105871608
2372	0.697902097638863	2.05584102023523	1.63529788058473	0.1307943477942	0.403082414070273	-5.09625798066435
1566	0.305810437506137	0.666094584595714	1.63451565229612	0.130959776494098	0.403255625367982	-5.09733716385759
3072	0.389730037838394	1.44162391697299	1.63337468527091	0.131201405054129	0.403662989549869	-5.09891072758619
1983	0.470370257283224	2.02672206623227	1.63238850059715	0.131410572637471	0.403969886908863	-5.1002703017893
1741	0.430345564811166	1.79429926580416	1.63156142016184	0.131586222210023	0.404173321463731	-5.10141015843571
294	0.230812418101886	1.61964305421783	1.62880560855709	0.132172983437355	0.405623535473072	-5.10520567190998
3427	-0.361669157459725	1.14849906815459	-1.62831306785859	0.132278097700319	0.405623535473072	-5.1058836371959
665	0.438980831814025	1.95393693079388	1.62732941809687	0.132488242112	0.405930779981332	-5.10723723434645
1758	-0.403997093613952	1.15587259985676	-1.62576187475366	0.132823738501843	0.40662126247828	-5.10939332529567
813	-0.208294218084289	1.0519252248857	-1.62510379582631	0.132964808897051	0.406715886038037	-5.1102981189217
1393	-0.911037214263112	2.72715843429797	-1.62177320863276	0.133680810937353	0.408283670211842	-5.11487401616185
2279	0.484648138069396	1.77789328585452	1.62157494881093	0.133723539664609	0.408283670211842	-5.11514622984755
1361	-1.33385586123129	4.0224893284993	-1.62084678601857	0.133880576063631	0.408283670211842	-5.11614583856957
3063	0.373632642118514	1.58832682888781	1.62023906462572	0.134011762679276	0.408283670211842	-5.11697990327533
3331	-0.320504124572289	0.466458683163262	-1.61999903134703	0.134063609077754	0.408283670211842	-5.11730928473554
3250	-0.27658010007132	1.2543585923886	-1.61893972618877	0.134292627252631	0.408283670211842	-5.11876255103358
2648	0.216567815521008	1.41374455769541	1.61797476792688	0.134501548688643	0.408283670211842	-5.12008589004282
1839	-0.750038014106425	3.04280817896829	-1.61705802991392	0.134700295903725	0.408283670211842	-5.12134266489443
716	-0.492510689256525	1.31708491171861	-1.6169983374801	0.134713246109173	0.408283670211842	-5.12142448375855
2227	-0.328307898618871	1.9559055465258	-1.6166769232525	0.134782995459347	0.408283670211842	-5.12186500693716
3736	0.782522895122836	2.4106161189979	1.61629671664074	0.134865544378047	0.408283670211842	-5.12238604227209
125	0.415396020606043	1.31708252066891	1.61625439706014	0.13487473539429	0.408283670211842	-5.12244403252971
444	0.444694812226169	1.65974726095463	1.61606915827424	0.134914972280186	0.408283670211842	-5.12269785343296
1209	0.278440313778449	1.10924941826776	1.61456530301355	0.135242026630283	0.408440703870284	-5.12475784828097
912	0.28704978814636	1.57142897501971	1.61451525977346	0.135252921919581	0.408440703870284	-5.12482637830454
1248	0.308208638321086	1.04954910334494	1.61430481058593	0.13529874887144	0.408440703870284	-5.12511455695648
2758	0.553032607366102	2.518080115839	1.61336128491885	0.135504377441118	0.408510915318117	-5.12640629842142
3552	-0.988293914443016	2.41067244249925	-1.61304985727679	0.135572309367461	0.408510915318117	-5.12683256196569
1884	0.576627755631588	2.50760450638639	1.61267576698479	0.135653949669559	0.408510915318117	-5.12734452941126
3288	-0.396732633437457	0.602489523689358	-1.61214967694286	0.135768835321956	0.408523667488721	-5.12806439856466
3977	0.478849437509512	1.3961532803946	1.61125359885267	0.135964715267278	0.408754287865588	-5.12929021327988
1392	-0.931569062536575	2.55958826085534	-1.61078656258936	0.136066906767824	0.408754287865588	-5.12992894682658
1420	-1.6995894861671	3.79141027803797	-1.60924262891361	0.13640521486823	0.408881162601455	-5.13203969056552
2852	0.306795643924386	1.69555342291756	1.60904104824179	0.136449440101901	0.408881162601455	-5.1323151862353
3723	0.20869210583453	0.819614628863299	1.60846971052607	0.136574855864387	0.408881162601455	-5.1330959080183
1487	-0.367812451486638	1.15212722713333	-1.60833614747848	0.136604189273632	0.408881162601455	-5.13327839534612
1117	-0.335702537021678	0.771339304535068	-1.60806898633044	0.136662880457799	0.408881162601455	-5.13364339064429
2770	-0.257997227025665	1.43222967983198	-1.60756093555421	0.13677455271359	0.408883926006942	-5.13433738883914
2743	0.364343681967273	0.763991336951117	1.60643534644994	0.137022249721952	0.409292998360393	-5.13587447695388
2654	0.648018293563902	2.27366028281488	1.60578863218386	0.137164744344218	0.409387418042727	-5.13675732835035
1348	-1.74445385307281	4.25592487645433	-1.60490005031793	0.137360744135605	0.40961387372823	-5.13797001326305
2109	-0.891869801197388	3.00216179808945	-1.60443912332404	0.137462510712155	0.40961387372823	-5.13859890084425
1467	0.471039834634012	1.9357587615513	1.60259508990155	0.137870313556985	0.410497740042248	-5.14111380899626
1844	0.531659058206234	1.8915091792569	1.60072843597482	0.138284203599055	0.4113982914486	-5.14365779479898
737	-0.277536249327413	0.93595845186378	-1.59968108889076	0.138516908845228	0.411646123591751	-5.14508439894494
3100	0.192654292058569	1.32080216116892	1.59867568546148	0.13874061899459	0.411646123591751	-5.1464533416234
3939	0.426693714344735	1.50376725187353	1.59804685596582	0.138880700053611	0.411646123591751	-5.14730928283821
1373	0.603093370267101	1.30818833470902	1.59767846859873	0.138962821576133	0.411646123591751	-5.14781062474284
3348	0.529499141844278	2.34582250608701	1.59735319490495	0.139035367640115	0.411646123591751	-5.14825323484052
3654	0.386207340998509	2.48288445348339	1.59734816979336	0.13903648865626	0.411646123591751	-5.14826007224045
3643	0.532804018910496	2.04937636447809	1.59458103151183	0.139654998649118	0.413146037670307	-5.15202319493958
3843	0.411439773166586	1.4321462283875	1.59267264912429	0.140082968213131	0.414080319169639	-5.15461616774182
2851	0.20244545327197	1.08337678602006	1.59071484303402	0.140523218940455	0.415049379462528	-5.15727433934253
1904	-0.313421840825528	1.06495853197783	-1.58973658909873	0.14074365349426	0.415145362013142	-5.15860180105138
2948	-0.274250290053512	0.314627996306698	-1.58943420560919	0.140811852419535	0.415145362013142	-5.15901202627637
3248	-0.498893427379617	0.976352363200923	-1.58885267980159	0.140943090102389	0.415145362013142	-5.15980081371246
3842	0.285762519312374	1.7625874243079	1.58857632928378	0.141005494031549	0.415145362013142	-5.1601755968994
339	0.275302945947566	1.69670039898906	1.58631895743323	0.141516150378398	0.416316834419955	-5.16323553360404
2440	0.841716008285825	3.04339565809976	1.58548185593395	0.141705929409745	0.416543225621638	-5.16436957783682
3182	-0.439522855654377	2.46720949126019	-1.5849634959708	0.14182355860349	0.41655734157843	-5.16507163160885
2007	0.600332416952045	2.06325969818204	1.58410642864873	0.142018237185148	0.416797560959909	-5.16623211557684
2154	-0.565977624804594	2.84622642487268	-1.58306113677559	0.142255987401539	0.417163705708089	-5.16764694130269
25	-0.354983592085978	1.88593598735399	-1.5816778837212	0.142571143159045	0.417385440091859	-5.16951832981122
2977	-0.333838662164411	1.96319473602279	-1.58129530543068	0.142658416560294	0.417385440091859	-5.17003573980625
698	-0.263184720041612	1.28706819400171	-1.58124123672431	0.142670754440933	0.417385440091859	-5.17010885773633
167	0.327729446545915	1.60325048359403	1.5766048735071	0.143732207133082	0.420157805807869	-5.17637299978623
3499	-0.409548917758074	1.38892700603478	-1.57477972462271	0.144151952720422	0.421051431521992	-5.17883585193817
3230	-0.609867204020561	2.42240350139394	-1.57391382622286	0.144351466266736	0.421052724108058	-5.1800036820644
2518	0.796758844573643	2.30946546772335	1.57378797307406	0.144380484485591	0.421052724108058	-5.18017338640521
223	0.297642912006803	2.04535706367091	1.57238309923788	0.144704756048133	0.421665319123684	-5.1820671973028
1422	0.758345578887849	1.92902286405323	1.57096484651509	0.145032762262981	0.422287821983379	-5.18397799019561
1227	0.272891016809345	1.74298535745226	1.56989410657648	0.145280828416341	0.422676767937849	-5.18541988196669
1621	-0.260637514898367	0.928506347677854	-1.56863516565399	0.14557297128311	0.42301271817823	-5.18711443783669
3145	-0.457585546552828	2.37462125926871	-1.56815806784052	0.145683818175505	0.42301271817823	-5.18775640106015
209	-0.415321879638452	1.32868600750591	-1.56763273594473	0.145805956967611	0.42301271817823	-5.18846312704243
3218	0.368269750775096	2.68108967520853	1.56742361607029	0.145854601907066	0.42301271817823	-5.18874441424149
563	-0.234534905140066	1.61373869225442	-1.5667184478349	0.146018741012151	0.4231563515046	-5.18969276585985
2183	0.795497333698137	2.85477243291844	1.5646118316286	0.146510051744539	0.424247145914383	-5.19252430032622
644	-0.334148817750979	0.925841649258866	-1.56283869754847	0.146924706239081	0.425114432158846	-5.19490577451635
3456	0.413728131247087	1.69622312228504	1.5609491561188	0.147367711315529	0.425884107305273	-5.19744175787415
858	0.277782612061337	1.58922793382328	1.56072040332004	0.147421421759518	0.425884107305273	-5.19774864190868
2723	-0.300381724772164	1.862813808139	-1.55898349237014	0.147829801052741	0.426451545520689	-5.20007789236036
3464	-0.3783095723	1.11916198728639	-1.55890254838505	0.147848856518549	0.426451545520689	-5.20018640155645
3062	0.465361257325291	1.67418688009559	1.55658492856468	0.148395370471237	0.427398731948076	-5.20329179834278
3256	0.326452547241357	2.55542822943779	1.55652820350435	0.148408768785871	0.427398731948076	-5.20336776878458
2065	-1.21931919678223	3.74997624792654	-1.55391114272932	0.149028060661993	0.428782202775215	-5.2068708639527
314	0.234465320445512	1.54849887959754	1.55351736436288	0.149121437801564	0.428782202775215	-5.20739764343037
1391	-0.966900643210368	2.53386643129005	-1.55194770395008	0.149494160505859	0.429248292975618	-5.20949664175645
3020	0.352514293999281	1.44220667757555	1.5518555711921	0.14951606304622	0.429248292975618	-5.20961980352639
3520	0.556162852161814	2.3573265301958	1.55088867346934	0.149746090537425	0.429574643561907	-5.21091206435213
2408	-0.280306927158959	1.1771229943267	-1.55006636568479	0.149941962371442	0.429802581580253	-5.21201068594132
3957	0.231814321439971	1.47220645772712	1.54864757445992	0.150280440182851	0.430438623083852	-5.21390536940103
3628	0.986015272875649	2.93885075956204	1.54687495819188	0.15070426449118	0.431220653418865	-5.21627103817175
2709	-0.269451870986815	0.764065540295364	-1.54616524917979	0.150874244239786	0.431220653418865	-5.21721771592067
1316	-0.385337188326467	0.755555023953167	-1.54604162962022	0.150903868964565	0.431220653418865	-5.21738258377773
778	-0.482330925355553	0.929341405389823	-1.54422705742982	0.151339304042777	0.431915281983332	-5.2198016790498
494	-0.261295284330628	2.15359079917837	-1.54405385029369	0.151380924942154	0.431915281983332	-5.22003249716722
2248	-0.473557561302279	2.24895908661263	-1.54183603298194	0.151914737598371	0.433103638002461	-5.22298655844136
117	-0.364090440575469	2.28877368647915	-1.54084189363778	0.152154550907445	0.433452624961642	-5.22430985728629
1646	0.70876770837663	1.71728393711219	1.53928886847279	0.152529841596296	0.434067530688544	-5.22637601869533
1105	0.319438361282206	1.30180769907595	1.5381606835602	0.152802973561015	0.434067530688544	-5.22787614871869
915	0.343163593444236	1.558717455697	1.53766017175354	0.152924282858829	0.434067530688544	-5.2285414505144
3608	0.47491145709391	2.29359306494355	1.53739653877866	0.152988213369836	0.434067530688544	-5.22889182814255
53	-0.339751147438551	2.37198231646539	-1.53736624546517	0.152995560930446	0.434067530688544	-5.22893208662088
974	-0.473472490051201	0.997747735168252	-1.53703542982855	0.153075819327325	0.434067530688544	-5.22937169360086
2724	-0.229026342267778	1.7280292152935	-1.53557227340996	0.153431231196515	0.434741447104782	-5.23131530788376
3485	-0.411797355813123	1.23216974497191	-1.53447640314133	0.153697895867853	0.434965173721389	-5.23277026786389
3936	0.242589221266224	1.08174123671278	1.53427964941492	0.153745815738465	0.434965173721389	-5.23303142377226
2673	0.20420404633559	1.53741379874438	1.53187511426827	0.154332495537327	0.436216546663456	-5.23622131754336
3361	0.61907708687172	2.40371103726212	1.53118571842239	0.154501058585466	0.436216546663456	-5.23713529951548
2915	0.234976089399463	1.38029224169391	1.53101596101761	0.154542590204713	0.436216546663456	-5.23736031940834
3542	-0.360947907167822	1.27444180129879	-1.53027775673762	0.154723306643094	0.436367390354436	-5.23833865431592
2720	-0.282388785649304	2.1062148988469	-1.52983241909899	0.154832416404201	0.436367390354436	-5.23892871202477
2091	0.377338309040479	2.19690424279107	1.52624908500201	0.155712782084843	0.438513799738551	-5.24367256482722
916	0.348879518833746	1.60239424481893	1.52450207875412	0.156143564436984	0.439391798705295	-5.24598281605959
3792	0.528893451860144	2.2773751417757	1.52331838378327	0.15643603050335	0.43987953131635	-5.24754718932575
3192	-0.395503391766297	0.5444039553261	-1.52201931663805	0.156757548892447	0.440448151073756	-5.2492631526003
1143	-0.411715618002062	0.67113582054786	-1.52105025583743	0.15699776358715	0.440787637386889	-5.25054259959149
1717	0.818787951700015	3.84071834117883	1.51450198294109	0.158629345816162	0.445030049204613	-5.25917468592273
2939	-0.327683562970618	2.16319102182833	-1.51302684782928	0.158998911878738	0.445728156914427	-5.26111597193364
3719	0.647642860933557	2.67539702601185	1.51143366113738	0.15939888948074	0.446510394509022	-5.26321125949173
543	-0.315166941561456	0.993855755648847	-1.50988352336266	0.15978889396582	0.446997135772912	-5.26524857864899
1332	-1.33599922178172	4.07149810860356	-1.50936164404617	0.159920380788441	0.446997135772912	-5.2659341751256
3687	-0.309778777438698	1.29739634456685	-1.50930020767542	0.159935865751901	0.446997135772912	-5.26601487454864
2223	-0.815525740559555	3.00548681079315	-1.50836194998368	0.160172513488733	0.44731990907746	-5.26724705714133
2881	0.205528810860801	0.951636457768042	1.50397096105497	0.161284034181549	0.450040995357283	-5.27300707806087
3543	-0.41259679685436	1.90353947183428	-1.50346432035579	0.161412710993588	0.450040995357283	-5.27367098791159
3937	0.36960703744176	1.46387215298455	1.50275092752628	0.161594048982291	0.450040995357283	-5.27460558571797
3493	0.349473133111105	1.7533646412911	1.50259211344321	0.161634441994517	0.450040995357283	-5.27481360528122
3231	-0.470846209732692	2.24650839481826	-1.50170992632516	0.161858977410645	0.450326559608214	-5.27596886416613
3213	-0.383030662530123	0.857420666910844	-1.4987677439848	0.162609771343714	0.45207475587424	-5.27981861705009
3958	0.329263136409722	1.56562792259226	1.4978517312849	0.162844133969099	0.452236769199449	-5.28101619972106
2536	0.6913984439272	2.14291334239377	1.49758266932377	0.162913028991134	0.452236769199449	-5.28136787818377
3818	-0.221944376688552	0.671446133461505	-1.49672605414606	0.163132538054546	0.45243926927859	-5.28248724943311
3444	0.74443467404487	3.56634188324604	1.49634186863547	0.163231068981333	0.45243926927859	-5.28298914510672
3395	-0.202986651430902	1.19571630125519	-1.49485584621498	0.163612667620388	0.453156765832313	-5.28492968657629
653	0.365013528601716	2.116632722768	1.49373890293364	0.163899995272835	0.453612280770095	-5.28638744288379
1979	0.429169080150212	2.09689742219321	1.49288297708156	0.164120471548861	0.453882232927637	-5.28750406166679
869	0.254619241383741	1.3771874543189	1.49238969271368	0.164247651653705	0.453893959510089	-5.28814740005901
3298	-0.254952863409519	1.47280493119418	-1.49102793357227	0.164599185051894	0.454525199111138	-5.28992268497585
3551	-0.45704768720224	1.15823313160104	-1.49004310041578	0.164853819590277	0.454888118032364	-5.29120593001792
2561	0.468754218352692	1.69091019454795	1.48895967263329	0.165134337796163	0.455321863437964	-5.29261701113875
2789	0.534060791989677	2.30035016077227	1.4868345992763	0.165685748630008	0.456306043499199	-5.29538282549653
1868	0.54030594426965	1.89158755845165	1.48663176393252	0.165738462711925	0.456306043499199	-5.2956466849215
3925	-0.253565221361953	1.83248931664669	-1.48527334652	0.16609186822605	0.456823071809092	-5.29741318790153
2345	-0.681915948054359	2.89791537422787	-1.48495906801845	0.166173723033481	0.456823071809092	-5.29782173042844
3275	-0.398187154164298	2.31415909899004	-1.48373423194755	0.166493066282714	0.457132361346409	-5.29941340587664
1410	-1.00747535365669	2.59734988536257	-1.48321923245421	0.166627496004637	0.457132361346409	-5.30008239353006
1068	0.332556524426373	1.19118909553215	1.4826636434944	0.166772625292579	0.457132361346409	-5.30080393804079
3576	0.943347691306197	2.84277991614998	1.48262969004009	0.166781498031856	0.457132361346409	-5.3008480277677
2048	0.331452528023289	1.3148548789871	1.48198671075631	0.166949598360939	0.457253647736339	-5.30168283462101
140	0.24897602153269	1.58405059992885	1.48112988041547	0.167173833983315	0.457528387743809	-5.30279492744748
2249	-0.323152449038402	2.04207770757593	-1.48006100108207	0.16745392607873	0.457955477839016	-5.30418165550116
595	0.449211551121996	2.24747968069214	1.4786828954885	0.167815643115807	0.458604999543716	-5.30596860184564
845	-0.196710244492317	1.17317112976956	-1.47744737329065	0.168140505558197	0.459152919024308	-5.30756974314206
924	0.23808083919249	1.57102098237835	1.47525499193856	0.168718288201103	0.46039018480301	-5.31040875217742
126	0.371478301321782	1.2851665375189	1.47395561012354	0.169061531685969	0.460515119961768	-5.31209007926738
2089	0.454931936226291	2.36960626701715	1.47326332281858	0.169244649965556	0.460515119961768	-5.31298546512451
3605	-0.342106548786756	1.63736141635493	-1.47313010315782	0.169279907659284	0.460515119961768	-5.31315773633876
989	-0.415712240021326	1.43620163478668	-1.47276020553065	0.169377837157856	0.460515119961768	-5.31363601111658
3766	0.409538842320941	2.09309672571985	1.47225925513374	0.169510539958098	0.460515119961768	-5.31428361097534
3451	0.318908578668007	1.44993049962569	1.47177353733047	0.16963929267326	0.460515119961768	-5.31491138149007
2081	-0.417731242571453	2.13531313748826	-1.47177231694491	0.169639616275153	0.460515119961768	-5.31491295861822
1349	-1.339805818599	4.39383997553762	-1.47131114998602	0.169761938859146	0.460515119961768	-5.31550887248357
172	0.305758926951295	0.513402466608282	1.47062743704149	0.169943429884107	0.460668974399502	-5.31639213252147
3169	0.388148492349905	2.55671473273828	1.46957151868956	0.17022404906268	0.460781410659248	-5.31775570119622
169	0.340663479845464	1.27325292025673	1.4695321511077	0.17023451899762	0.460781410659248	-5.31780652644259
3802	-0.241813549573182	1.53780768927003	-1.46861021288864	0.170479869155702	0.461107455621137	-5.31899653348567
1378	-1.40895069524445	4.35647077990868	-1.46749162077808	0.170777960152526	0.461195504270911	-5.32043971776562
835	-0.26760566318936	0.839307936695671	-1.46747041470175	0.170783615617046	0.461195504270911	-5.3204670704427
2064	-0.953764533410959	3.13862979869294	-1.4670822085921	0.170887174930283	0.461195504270911	-5.32096775265415
2625	0.472967064501366	0.732672115184204	1.46518711713706	0.171393488490863	0.462224075608669	-5.32341066693903
3294	-0.389238897322042	1.65145174942691	-1.46360799059402	0.171816365142616	0.462744778019847	-5.32544469534514
2504	0.407124760060718	1.25271549375301	1.46241060744469	0.172137608693335	0.462744778019847	-5.3269860500066
2253	0.382797117866081	1.06086143055662	1.46220571351125	0.172192630706594	0.462744778019847	-5.32724972058552
885	0.299249235731993	1.0838420845256	1.46172488397201	0.17232181124052	0.462744778019847	-5.3278683872766
1921	0.636879962924967	2.11129498157906	1.4616287305116	0.17234765394088	0.462744778019847	-5.32799208853988
1885	0.390752483768241	2.70393644666984	1.46072165090216	0.172591608416631	0.462744778019847	-5.32915878138888
4008	0.391167956228248	1.08094942859221	1.46040640260831	0.172676461932055	0.462744778019847	-5.32956414456796
947	0.323002922643926	2.75350385821656	1.46016374985486	0.172741799615609	0.462744778019847	-5.32987612127103
99	-0.342853017521242	2.29449099543978	-1.45982150715102	0.172833989211771	0.462744778019847	-5.33031608194905
4011	0.35388472487159	1.50418053936266	1.45962604803841	0.172886658708215	0.462744778019847	-5.33056731855305
3363	0.468463482472875	2.5755612743889	1.45894189969734	0.173071121134599	0.462744778019847	-5.33144652539987
2455	0.576857339326736	1.86288275837516	1.45779814862569	0.173379878724504	0.462744778019847	-5.3329157662467
1233	0.241019891739715	1.21753103287536	1.4575750562518	0.173440157699046	0.462744778019847	-5.3332022579192
3101	0.17182418822002	1.36176583151099	1.4571248957073	0.17356184439278	0.462744778019847	-5.3337802588722
884	0.394681434309669	0.828337548476143	1.45707974670008	0.17357405302358	0.462744778019847	-5.33383822317934
324	-0.232001751343988	1.03107015518877	-1.45701352818108	0.173591960335181	0.462744778019847	-5.33392323532129
3103	0.257593740086686	1.29935100646105	1.45538797031792	0.174032050878745	0.463508216246307	-5.33600934671827
342	0.248242732730096	1.56066761279584	1.45442723091011	0.174292601301384	0.463508216246307	-5.33724156010915
168	0.304738354393317	1.49093753684984	1.45416021775274	0.174365073776129	0.463508216246307	-5.33758392711381
3573	0.226801855642919	1.40677745388141	1.45410328842271	0.174380528809892	0.463508216246307	-5.33765691711159
193	-0.272759390369229	1.9652721498964	-1.4530375166808	0.174670077733749	0.463904092437516	-5.33902301129174
2553	0.418867522056862	0.924207237133615	1.45216977119845	0.174906129707872	0.463904092437516	-5.34013478844638
79	0.451732032488336	1.69223463299792	1.45216871061491	0.174906418383809	0.463904092437516	-5.34013614702366
747	-0.272255675220732	0.862705051224847	-1.45017844193957	0.175448857889425	0.464471871800907	-5.34268446732898
1644	0.501753681610899	2.11548657709355	1.4499637640753	0.175507453064818	0.464471871800907	-5.34295920045712
704	-0.27915834371361	1.15218200890409	-1.4499077085395	0.175522755870166	0.464471871800907	-5.34303093286598
2585	0.489832161565009	2.44815230404417	1.44921556604393	0.175711800123195	0.464471871800907	-5.34391649322795
3710	0.258700606127605	1.3156958727294	1.44907756199613	0.175749513788155	0.464471871800907	-5.34409302873092
3963	0.37549015774972	1.42829739663481	1.44789463652651	0.176073066065046	0.464994105802682	-5.34560577595659
700	-0.207340276528073	1.28531729122647	-1.44638094207963	0.176487829994992	0.465404359849854	-5.34754032134217
3847	-0.290996753353875	1.68843161261135	-1.4460508797338	0.176578380059836	0.465404359849854	-5.34796197222167
728	-0.391398893267763	1.13951765949368	-1.44496422140248	0.176876776034776	0.465404359849854	-5.34934971425014
2778	-0.431213445545173	0.715240710977812	-1.44370106720674	0.177224177241136	0.465404359849854	-5.35096198307437
1535	0.607431776032373	2.76939469964719	1.44300795843961	0.177415047379495	0.465404359849854	-5.35184625711911
3284	-0.303190512231582	1.33305470950582	-1.44288729431223	0.177448294063131	0.465404359849854	-5.35200017257133
925	0.302717118142518	1.0624633826939	1.44272180474273	0.177493900159599	0.465404359849854	-5.35221125205535
3656	0.247933853886822	1.66062500310071	1.44226713771612	0.177619249973326	0.465404359849854	-5.35279109015803
2117	-0.498893046809	2.54214455251336	-1.44155499286519	0.177815736748875	0.465404359849854	-5.35369904596578
3320	0.394476277748391	2.57037063012439	1.44143760154678	0.177848143753253	0.465404359849854	-5.35384868647648
2074	-0.503792840729186	2.67718642885123	-1.44125664672986	0.17789810791639	0.465404359849854	-5.35407933645843
3316	-0.273883614851467	1.46594210635606	-1.44123386884243	0.177904398056733	0.465404359849854	-5.35410836841337
375	-0.42200699955338	1.72563071367947	-1.44120222785048	0.177913136067756	0.465404359849854	-5.35414869648624
293	0.204087372086821	1.50102382391605	1.44091231139686	0.177993216713975	0.465404359849854	-5.35451818247775
1787	0.50321711439193	2.30380638704923	1.43890493712805	0.178548534620376	0.466416668989626	-5.35707513544169
44	-0.549222533172409	3.17067440875701	-1.43859994438925	0.178633036281509	0.466416668989626	-5.3574634211049
394	0.342660037019006	1.11113175902218	1.43749619842519	0.178939125709439	0.466793246295286	-5.35886813904346
1407	-0.460101591545344	2.22922049989378	-1.43706741040921	0.179058156837961	0.466793246295286	-5.35941365591612
3924	0.407478853908986	2.36884539881914	1.43671310355909	0.179156562838684	0.466793246295286	-5.35986433366303
3823	-0.231362470743575	1.61927125039389	-1.43618128072175	0.179304358804497	0.466848866506491	-5.36054067218392
4002	-0.347829135954529	1.06032048135907	-1.43507248219776	0.179612832097291	0.467322463779562	-5.36195023383624
1421	-1.41597234965667	4.29644819390058	-1.43303885443635	0.180179769174125	0.468467399852726	-5.36453359435283
1956	0.360975781421931	1.91962459132253	1.43088224829478	0.180782649594752	0.469704111403113	-5.3672704982285
141	-0.281917984697158	2.07086651851066	-1.42962179601444	0.181135801769392	0.470290703328127	-5.36886883333135
3400	-0.373150926303397	1.73585678039937	-1.42744328098184	0.181747555670652	0.47154741780467	-5.37162910402661
1379	-1.47328501781623	4.42727909356146	-1.42666658023258	0.181966086084232	0.47178285802176	-5.3726125335234
1376	-1.25754481331142	4.12971559997178	-1.42492105476723	0.182458015297143	0.472424305670717	-5.37482134060061
664	0.365081788621609	0.656697390363006	1.42488067168813	0.18246940950337	0.472424305670717	-5.37487242028304
1931	-0.340862084591627	1.16360605641445	-1.42427495880092	0.182640385560109	0.47253560160331	-5.3756384566101
3380	0.566874700616016	2.32896455431143	1.42364429502461	0.182818548786741	0.4726653236139	-5.3764358151889
2769	0.235166365021058	1.40498903985635	1.42227215584102	0.1832066883143	0.473184589654025	-5.37816981233261
3203	0.374759209886726	2.94237586508413	1.42202837027857	0.183275721344869	0.473184589654025	-5.3784777708068
2278	0.600747051336817	1.88699869872369	1.4205249381524	0.18370193683484	0.473953564496316	-5.38037617312961
3352	-0.360592142394597	2.8565587102988	-1.41828508786924	0.184338479104958	0.474933748645893	-5.38320194867354
3241	-0.39904817237304	2.58735830455824	-1.41828280671987	0.184339128334118	0.474933748645893	-5.38320482501831
903	0.177394851777717	0.969660346493701	1.41756226773773	0.184544294993802	0.474990814226168	-5.38411321010243
892	0.225064292341249	1.60217514928018	1.41730152816069	0.184618585702749	0.474990814226168	-5.38444184827555
1485	0.347176671973658	1.07049742831388	1.41669152396501	0.184792488763056	0.475107150775211	-5.38521054279055
1912	0.491905950686268	2.21639410053096	1.41594444229111	0.185005659266608	0.475123488595934	-5.38615167044465
1369	-0.388205918465612	1.44832075326301	-1.41576734119576	0.185056223348037	0.475123488595934	-5.38637472235474
2960	0.484607021930818	1.66065570876541	1.41221259789307	0.186073610251722	0.476866260810784	-5.39084779155777
599	-0.201855986165482	1.42634892550518	-1.41220964953502	0.186074456045429	0.476866260810784	-5.3908514984303
51	-0.343596114184339	2.39874895637982	-1.41196995865719	0.186143226888957	0.476866260810784	-5.39115283626795
1186	0.327833060773195	2.61517788853726	1.41074555896068	0.186494860225386	0.476866260810784	-5.39269160310418
2768	-0.276707359680745	1.61684976272787	-1.40961448692442	0.186820189213372	0.476866260810784	-5.39411227617599
2850	0.205881987868013	1.34285386277871	1.40939066664224	0.186884623146347	0.476866260810784	-5.39439331208861
3282	-0.414000214154618	0.768753430964465	-1.40889302610101	0.187027952355802	0.476866260810784	-5.39501805700586
2033	0.565366951000307	2.35999630381198	1.40887429598596	0.187033348769014	0.476866260810784	-5.39504156813221
3005	-0.230063378384461	0.543856608859775	-1.40880306992755	0.187053871212199	0.476866260810784	-5.39513097327368
992	-0.34099405666517	1.13390588046546	-1.40817490873394	0.187234946302168	0.476866260810784	-5.39591932772932
697	-0.23368067791278	1.17668530838356	-1.4081487908549	0.187242478300038	0.476866260810784	-5.39595210100598
1869	0.310306525781469	1.94469187596677	1.40800149284695	0.187284961586034	0.476866260810784	-5.39613692599064
3532	-0.404469633398982	1.80400507227212	-1.40650693704061	0.187716477385528	0.477635585463384	-5.39801150593073
3787	0.282061779607751	1.0447021905297	1.40511526860003	0.188119040812575	0.478330233250708	-5.39975582078996
3550	-0.305477628478559	1.27864200219478	-1.404137707482	0.188402251854795	0.478720656467931	-5.40098039217285
192	-0.287580154108706	2.19645391243593	-1.40291181806582	0.188757914488346	0.47921609140806	-5.40251521989461
1075	-0.512594202170203	1.29751364718391	-1.40257122763449	0.188856829089579	0.47921609140806	-5.40294148106168
130	-0.540575164613395	2.58961451531349	-1.40175795932988	0.189093195946443	0.479486318292766	-5.40395903047975
1228	0.273104255138696	2.02123083339156	1.39857872238978	0.190019596506904	0.481504701649615	-5.40793298450767
3078	0.296174602546413	1.38506876372913	1.39782778912764	0.190238968642421	0.481729953517022	-5.40887073051823
1764	0.480270350345966	3.31829356551425	1.39597994146138	0.190779693099559	0.482768078768726	-5.41117681012204
2116	-0.51563858863556	2.64741601988913	-1.39525206322137	0.190993042420751	0.482976926450283	-5.41208461631971
3622	-0.226799607242897	0.730323881880654	-1.39222675297412	0.19188194650887	0.484892639637747	-5.41585429709895
326	0.43747703149162	1.03764409612706	1.3915753284864	0.192073804021869	0.485045474999138	-5.41666526995287
3915	-0.270313364710783	1.09941562204824	-1.39087769598858	0.192279449463837	0.485232896391309	-5.41753347978465
287	-0.415187655876241	2.20272151660283	-1.38797467265009	0.193137179062375	0.487064525340361	-5.42114311136294
719	0.438298798180069	1.14486946137379	1.38726497706921	0.193347354338311	0.487261728475799	-5.42202476241316
2517	0.798106706668606	2.18963210383328	1.38614175833235	0.193680386250704	0.487768066874214	-5.42341949799194
1506	-1.03011643939929	3.18475100367739	-1.38366481354835	0.194416496461944	0.489103055397975	-5.42649245193799
3201	-0.877734999572998	4.68411283571802	-1.38346684983734	0.194475429394428	0.489103055397975	-5.42673788702952
2244	0.614664259704979	2.66874881421968	1.3823823736632	0.194798539103395	0.489301224510539	-5.4280819898425
2454	0.697270352970002	1.9668772840848	1.3820372012839	0.194901474423195	0.489301224510539	-5.42850964517202
2532	0.364978482035523	0.77898012737246	1.3817021341049	0.195001439841257	0.489301224510539	-5.42892471017611
2973	0.284630978275791	1.18250717001028	1.38142435856714	0.195084345200302	0.489301224510539	-5.42926875249696
1231	-0.414676079362997	1.19394226609971	-1.38090022414025	0.195240859720432	0.489361340181828	-5.42991779582317
3706	0.571796113226363	2.09566456062024	1.38020065091037	0.195449926897743	0.489448113106974	-5.43078382303161
2703	0.30727059940604	2.11000993419384	1.37989737383775	0.195540619402163	0.489448113106974	-5.43115916675095
1581	0.342768356821436	0.683851558783189	1.37727156907711	0.196327319653219	0.491084325311439	-5.43440655209338
768	0.257630708869865	2.12137528914932	1.37503317236237	0.197000041987668	0.492433415720021	-5.43717144834517
3725	0.176238657475121	0.956506523460138	1.37255251609503	0.197747824694069	0.493418858647082	-5.44023195238678
3050	0.350092324583078	1.18094614177171	1.37245536026806	0.197777160127601	0.493418858647082	-5.440351740317
3163	-0.812688169441149	5.40399795687203	-1.37239559106045	0.197795208775103	0.493418858647082	-5.44042542963077
2399	-0.535007065340732	2.87551926274734	-1.37190414913809	0.197943662868748	0.493455775362198	-5.44103124293095
3920	-0.424520748283833	1.14531825528819	-1.37078805158172	0.198281158125169	0.493539937638923	-5.44240652712959
2104	-0.671879427078865	2.11256146517631	-1.36992759439732	0.198541678870794	0.493539937638923	-5.44346627498342
939	0.295296169415127	1.06696438677108	1.36990577791126	0.198548287968174	0.493539937638923	-5.44349313839261
772	-0.352485572118246	0.816439274424739	-1.36941135126629	0.198698119131614	0.493539937638923	-5.4441018638052
1465	0.31945286802376	1.17470281987682	1.36934213778922	0.198719101136276	0.493539937638923	-5.44418706550182
831	-0.299015076762721	0.931898589895076	-1.36914250851344	0.198779628946025	0.493539937638923	-5.44443279213494
2959	-0.300016460197672	2.44350806689166	-1.36832160758064	0.199028688910664	0.493539937638923	-5.4454429899492
482	-0.2310733968523	1.86766344332411	-1.36826178498419	0.199046849172361	0.493539937638923	-5.44551659098862
2522	0.489065406745883	1.91427083486577	1.36602966164775	0.199725441595908	0.494890154612143	-5.44826122335439
4006	0.19184708941903	1.27657090444402	1.36541320158877	0.199913192915318	0.494939362653172	-5.44901867763883
216	-0.57625507482351	1.74522342453779	-1.36508433081019	0.200013415243373	0.494939362653172	-5.44942266916922
911	0.236844939395725	1.72494528729719	1.36443105176625	0.20021262434979	0.495100474949379	-5.45022496964513
2152	-0.419893629008433	1.7983887863175	-1.36302258112631	0.200642682799642	0.495632674388553	-5.45195382161688
74	0.544605884617469	3.72794769038345	1.36264591030521	0.200757824920026	0.495632674388553	-5.45241596217845
1845	0.455576519279435	1.83344278731073	1.3618799628422	0.200992132536776	0.495632674388553	-5.45335543514733
2514	0.252224544498272	1.58091695863253	1.36168517808594	0.201051754642682	0.495632674388553	-5.45359428973674
2073	-0.43708527051693	2.53208566463081	-1.3614621475734	0.201120040666241	0.495632674388553	-5.45386775142373
237	-0.247079993618096	1.82681471720622	-1.36109233668052	0.2012333095635	0.495632674388553	-5.45432111436899
756	-0.236463118488212	0.928771851326391	-1.36035079323332	0.201460596191	0.495701093240769	-5.45522993744421
919	0.361506011911826	1.08823349011826	1.36012574899338	0.201529615643119	0.495701093240769	-5.45550567955729
338	-0.376823184448672	0.501751408129039	-1.35930873054969	0.201780355012826	0.495987397275202	-5.45650648816448
1648	0.281816101795002	1.04136067878303	1.35820106163806	0.202120708830781	0.496493451099962	-5.45786265973838
2429	0.581452539718596	2.25012979957422	1.35682029834669	0.202545646003414	0.496788431772573	-5.45955211299987
819	0.222413653918804	1.69235487079385	1.35673151018803	0.202572996468912	0.496788431772573	-5.45966070999222
1709	0.275185765841925	0.856684252288898	1.35624668358951	0.202722397588105	0.496788431772573	-5.46025361489827
1782	0.405277744702971	1.95262630099467	1.35591180225172	0.202825646081674	0.496788431772573	-5.46066306204932
3071	0.393915086297301	1.25509558796436	1.35562668928469	0.202913584808516	0.496788431772573	-5.46101160354291
3	0.942763281180478	3.29202239790826	1.35515829446042	0.203058122922737	0.496812849457086	-5.46158409002365
2516	0.27572610097036	1.5371169688764	1.3544233327349	0.203285091463205	0.496898712170959	-5.46248210389498
3243	0.225749268934121	1.46237767495406	1.35417317422678	0.203362392765525	0.496898712170959	-5.46278768264774
1151	-0.165840681023906	1.02813630630953	-1.35250081116237	0.203879797066425	0.49783347273098	-5.4648295271855
607	-0.389652826916674	0.981840494131665	-1.3513222185135	0.20424509355757	0.498395826447156	-5.46626744945829
2818	0.217790909928332	1.26997453691717	1.35032201636888	0.20455552595193	0.498823647169436	-5.46748704038894
3998	0.440580661511724	1.07852187400334	1.34929238809171	0.204875500949411	0.499274158089258	-5.46874185060437
3138	-0.387017750713774	2.68477231786571	-1.34873184383804	0.205049874695071	0.499369483756069	-5.46942470487241
693	-0.31001341451066	1.21252695219317	-1.34792534139604	0.20530097730976	0.499518483673232	-5.47040683577612
1125	-0.433359038353572	1.41449413668169	-1.34664499332649	0.205700135290227	0.499518483673232	-5.47196515248539
3747	0.512164163544679	2.17505826758861	1.34640151272487	0.205776115064742	0.499518483673232	-5.47226137599363
71	0.803196696637214	4.03676985673276	1.34637911810423	0.205783104628407	0.499518483673232	-5.4722886198602
3127	-0.718462162702243	4.55598736665711	-1.34636489359057	0.20578754433017	0.499518483673232	-5.4723059243306
979	-0.260181905298113	1.37366555650444	-1.34507473714474	0.206190554003496	0.5001678878981	-5.47387489708177
2478	0.379574645120346	1.42623590915403	1.34337894621129	0.20672126916562	0.501126018226833	-5.47593555739266
984	-0.544214635612599	1.58371180126265	-1.34188921645443	0.207188430157953	0.501718401423457	-5.47774431056968
1923	0.379665016365061	1.84577128719132	1.34151986387842	0.207304389973766	0.501718401423457	-5.47819254084379
2052	0.663739599435902	2.32169021730262	1.34106437254342	0.207447467533054	0.501718401423457	-5.47874518569803
3517	0.768704642077336	2.50704712095897	1.34077914899156	0.207537102778147	0.501718401423457	-5.4790911783716
2610	0.311123592849735	1.67703812228489	1.34043562537018	0.207645102214259	0.501718401423457	-5.47950782356073
2225	-0.683411135310842	3.23902657016966	-1.33966787339648	0.207886642068308	0.501973500664613	-5.4804387252426
90	0.76494027920264	3.61518056049804	1.33606963035971	0.209021778303944	0.504384578756968	-5.48479659127243
1564	0.7148943847223	2.26241095971197	1.33524546382443	0.209282499090953	0.504597679695894	-5.48579358209498
1181	0.316023579750198	2.79279933873957	1.3349266199725	0.209383435886812	0.504597679695894	-5.48617916954358
874	0.356161547024981	0.888067061588965	1.33371977502976	0.209765853303589	0.50488882519009	-5.48763805378859
3479	-0.232797746580649	1.30813412355902	-1.33368225614011	0.209777751311376	0.50488882519009	-5.48768339322352
1719	-0.785459487327142	3.38901966633021	-1.33203191683343	0.210301660465299	0.50582001982924	-5.48967684103371
850	0.235591755874262	1.79067992534103	1.33123800176383	0.210554078425713	0.506097433299305	-5.4906351900011
796	-0.314562121605275	1.18030823525964	-1.33002053122148	0.210941648602219	0.506329374934141	-5.49210403406199
45	-0.510524466549861	3.27651603987506	-1.32980320871908	0.211010893156818	0.506329374934141	-5.49236612739625
68	0.519044931592482	2.6615553004408	1.3293804617095	0.211145645085523	0.506329374934141	-5.49287587798512
1801	0.225681713039454	1.45706872422799	1.32921268737513	0.211199143390731	0.506329374934141	-5.49307814931963
2436	0.311126901527893	1.84865324053997	1.3265706698396	0.212043083306888	0.507578396638916	-5.49626101823485
3635	0.429153282264637	2.0595505446115	1.32626372285111	0.212141311782353	0.507578396638916	-5.49663050935868
1769	0.43722315198686	2.93155991133562	1.32593155635977	0.212247653280482	0.507578396638916	-5.49703029035306
1124	-0.305273896412896	0.809786747176788	-1.32586159911384	0.212270055365787	0.507578396638916	-5.49711447875383
3718	0.426062020689544	2.22281446760568	1.32192276636091	0.213534522084855	0.510271492257141	-5.50184947973222
2459	0.279210144608607	1.0830003655832	1.32112197482697	0.2137923554107	0.510557164408993	-5.50281091162961
3046	0.385052212086535	1.76025827465832	1.31981481072903	0.214213778604094	0.511232883391283	-5.50437940398131
119	-0.280181740714246	1.85510700854688	-1.31810805106292	0.21476505995673	0.512217442739177	-5.50642571325735
3660	0.342035746134178	1.44353166939162	1.3172992759285	0.215026701313183	0.512510381696753	-5.50739472990093
215	-0.419507537944637	2.0051481163735	-1.31628963030727	0.215353693352208	0.512958603778291	-5.50860381960041
2398	-0.745132533400249	2.79419885990787	-1.31416076478882	0.216044507078079	0.514222550853196	-5.51115104869689
1824	-0.440436948922823	1.88430926913043	-1.31373208933633	0.216183832024133	0.514222550853196	-5.51166361088792
2229	0.393331141323392	2.30799728424823	1.31336815699846	0.216302172663872	0.514222550853196	-5.51209866667529
2324	0.597387278295701	2.43975998953981	1.31227064813209	0.216659374703807	0.514740290480345	-5.51341014021241
3286	-0.323495672053999	2.33444914148888	-1.31090283203338	0.217105231669783	0.515467855514366	-5.51504352058227
2195	0.567219310036726	2.42724470135963	1.31044792951264	0.217253679985792	0.515488808809476	-5.51558647314553
1256	-0.404917828718894	1.42221763189391	-1.3085265309062	0.217881610730334	0.516440889863432	-5.51787828463036
1412	-1.2074188232577	3.38031076971139	-1.30836429730971	0.217934698376822	0.516440889863432	-5.51807168376766
875	0.213115474153295	1.47678804051738	1.30498064103854	0.219044355273034	0.518737498183477	-5.52210142887789
4005	0.160415523498011	1.02250728954816	1.30383353230794	0.219421596316313	0.519297777948608	-5.52346587056433
2690	-0.274955560476665	2.3165026558178	-1.30271174194292	0.21979102655128	0.519734874968534	-5.52479936306391
2123	-0.525509887941721	2.45437234599474	-1.30241804480307	0.219887831717457	0.519734874968534	-5.52514834986548
2966	0.427654598083451	1.61362835526579	1.30086655297984	0.220399797581626	0.520587330675089	-5.52699097693852
1637	0.301542795424588	0.899363227368475	1.30047095523432	0.220530494359653	0.520587330675089	-5.52746055517686
1886	0.45063047363891	2.3668688457082	1.29966164957674	0.220798069062229	0.520703041421659	-5.52842088825341
1192	-0.385060141137123	0.932172988882666	-1.2994696648561	0.220861582574842	0.520703041421659	-5.52864863675724
2566	0.358814198556085	0.987685202541903	1.29860948159037	0.221146337308103	0.52071771461379	-5.5296687613028
2213	0.548623416009423	2.34488052816686	1.29859876960105	0.221149885296431	0.52071771461379	-5.52968146199663
532	-0.344253023315189	0.999061866225081	-1.29681152720299	0.221742502896058	0.52174063500271	-5.53179945247728
1609	0.626655136865102	2.22084529796565	1.29643669691717	0.221866954754673	0.52174063500271	-5.53224338224446
1502	0.221464144292202	1.28749889509634	1.29483842801768	0.222398256994071	0.522657138651885	-5.53413525072414
1944	0.732850283050476	4.0193191255417	1.29388180413177	0.222716759187439	0.522791465969973	-5.53526679896144
840	0.329707804030013	0.627970373437781	1.2938161934435	0.222738617543545	0.522791465969973	-5.53534438482076
82	0.25940469520721	1.49168686880971	1.29295946740091	0.223024198979086	0.523129188456661	-5.53635721842592
516	-0.181139488284221	1.16542239766061	-1.28998541104066	0.224017897338768	0.525030039675868	-5.53986942489116
868	0.378354539819035	0.99712844476789	1.28937082709148	0.224223694047513	0.525030039675868	-5.54059448707136
2452	0.578517872271928	2.37696373099593	1.2889737665684	0.224356734006127	0.525030039675868	-5.54106279058275
2609	0.375741914259267	1.62319850060509	1.28857614806598	0.224490025546857	0.525030039675868	-5.54153164752158
622	0.258381825694971	0.557835045808898	1.28815369121318	0.224631714390279	0.525030039675868	-5.54202967812454
3130	0.334058262780525	3.25773254396331	1.28765430397069	0.224799299310961	0.525030039675868	-5.54261824868839
1807	-0.702221764464544	3.76800008194322	-1.28756274468885	0.22483003595004	0.525030039675868	-5.54272614119228
3973	0.340103983122375	1.33093656968388	1.28479324080911	0.225761387090468	0.526705510679016	-5.54598706657643
3625	0.577623825313726	2.4324409302594	1.28440759636564	0.225891324121357	0.526705510679016	-5.54644073582509
279	0.246547261077586	1.64292187885381	1.28392754158443	0.22605315652912	0.526705510679016	-5.54700533056847
673	-0.344622661358731	1.33130002235422	-1.28373480604539	0.226118156670163	0.526705510679016	-5.54723196465719
1077	0.338603459410069	1.18483786419461	1.28235563085784	0.226583729088579	0.526982362018872	-5.54885298969566
1419	-0.188571905731313	1.33225222872137	-1.28203316309872	0.226692698205654	0.526982362018872	-5.54923182226621
581	-0.326849212768522	1.08600736435227	-1.28162863419686	0.226829458050191	0.526982362018872	-5.54970696170547
2292	-0.466106936844565	1.90623867568559	-1.28151960794209	0.226866328265733	0.526982362018872	-5.54983499985284
3932	-0.218228184072169	1.25736714640049	-1.28070026176273	0.227143568973418	0.526982362018872	-5.55079696944491
76	-0.255592907400464	1.84347388049265	-1.28040991451302	0.227241879496782	0.526982362018872	-5.55113775002072
404	0.199604121743382	1.53127142856534	1.2801964232477	0.227314188984133	0.526982362018872	-5.55138828887278
3686	0.181344464641713	1.7241710420962	1.28000541001257	0.227378901055272	0.526982362018872	-5.55161242327719
1337	-1.06321123565962	3.26487996136958	-1.27824133412855	0.227977250001873	0.528037645550136	-5.55368123470878
957	-0.338526079236608	0.891784180812282	-1.27624706135147	0.228655222023296	0.529275912043892	-5.55601750610688
353	-0.213869947002156	1.93256357588654	-1.27514571572564	0.229030337833192	0.529812034636682	-5.557306582357
3131	0.323682127899506	2.91694435778768	1.27387134333424	0.229465010905743	0.530423268674309	-5.55879716575084
1820	0.410304684763988	1.89205352188803	1.27342957897986	0.22961584793982	0.530423268674309	-5.55931362634487
699	-0.211343958954594	1.36940857195868	-1.27310837674842	0.229725570587817	0.530423268674309	-5.55968905733428
2575	0.277980756447095	0.997897275449624	1.2721934428555	0.230038345609143	0.530813482493097	-5.56075808102333
1599	0.338166247753117	1.91103063915148	1.27073688502727	0.230536991821299	0.531122608286769	-5.56245878861441
1649	0.380260023304473	1.66754115468871	1.27044592239402	0.230636706792497	0.531122608286769	-5.56279835209426
3555	0.70650115861452	2.25789186229397	1.27015956293726	0.230734878436359	0.531122608286769	-5.56313248800596
3509	0.483770503287368	2.58926690846781	1.27012204802478	0.230747742061749	0.531122608286769	-5.56317625785868
2446	0.703000221391291	2.12145890228404	1.26871914741262	0.231229206187526	0.531899208251929	-5.56481238825211
2346	-0.450556735570457	2.56919037453926	-1.26765552794206	0.231594775254646	0.532408412353769	-5.56605195084634
807	-0.235763297637311	0.845301369691371	-1.26689965238606	0.231854856959281	0.532674630923251	-5.56693240015218
3741	0.383708794600247	2.17265315132027	1.26619484570339	0.232097580411694	0.532900663482571	-5.56775301756742
3773	0.286455577348409	1.64527117173909	1.26401358631153	0.232850075787353	0.534296134124864	-5.57029057126798
1537	-0.261076839536284	0.884246007570465	-1.26336261654883	0.233075031650019	0.534480134690603	-5.57104725104463
2090	0.522921953230336	2.19810780880127	1.26192076181468	0.233573921273741	0.535037063651611	-5.57272222803823
3235	0.363879935921632	2.67629659635035	1.26142506978348	0.233745633205812	0.535037063651611	-5.5732977403187
3018	0.330307132861124	1.31177686508334	1.26140482032376	0.233752649964802	0.535037063651611	-5.57332124697674
878	0.213346815362635	1.46308341183325	1.2606013982582	0.234031186198408	0.535342713410484	-5.57425367871972
474	-0.375988158247941	1.24317880881242	-1.2595461448362	0.234397437581906	0.535848507462784	-5.5754777165324
1962	0.279629178243574	1.33947033557317	1.25700207790383	0.235282326370365	0.537481818663939	-5.57842559949444
2873	0.224576563279073	1.35031086353114	1.25665556523762	0.235403060882879	0.537481818663939	-5.57882677427896
1108	-0.312857738949278	1.24856877278562	-1.25558098004063	0.235777794603997	0.537752032968892	-5.5800703566645
3279	0.27922679565445	1.07276210754704	1.25548091467669	0.235812714349035	0.537752032968892	-5.58018611917235
1721	-0.704489499395209	3.28247491726731	-1.25412379547256	0.236286720509542	0.538500353161252	-5.5817554569402
95	0.228973459023632	1.49172273766681	1.25364434905213	0.236454362607739	0.538549973317565	-5.582309577446
3618	-0.192788931186223	1.34069832361659	-1.25277485894809	0.236758631722495	0.538598055971274	-5.58331409264353
3537	-0.243628618907561	1.31760788091948	-1.25275027682398	0.236767238581088	0.538598055971274	-5.58334248471097
2191	-0.817337944092604	3.370131050201	-1.25111171536559	0.23734151305259	0.539571961939755	-5.58523407728102
2525	0.549740298267745	1.90457201209049	1.24856032464852	0.238237950258312	0.540472517187975	-5.58817582121578
2272	0.699955369823747	2.36966872932528	1.24846667521494	0.238270906136948	0.540472517187975	-5.58828371424524
3484	-0.309940801329119	1.20378680089212	-1.24827876922423	0.238337042642142	0.540472517187975	-5.5885001817261
3247	-0.300539761840775	0.982992799431641	-1.24756416393368	0.238588694653895	0.540472517187975	-5.58932318619413
1225	-0.327952400385036	0.968441809297306	-1.24752132089082	0.238603788866044	0.540472517187975	-5.58937251706857
509	0.332863690491724	3.03794339966402	1.24748671573706	0.238615981315385	0.540472517187975	-5.58941236165474
3524	-0.676788217768909	2.66620262165953	-1.24524081467006	0.239408356008623	0.541934794839876	-5.59199655720361
994	0.252094692289762	1.58295582239389	1.24460146242058	0.239634312933941	0.542113899112813	-5.59273158323351
1400	-0.281623788130042	1.08976141826897	-1.24372486938985	0.239944393775928	0.542186565875415	-5.593738896747
1444	-0.977975512893152	3.27979617957111	-1.2432888013585	0.240098766292114	0.542186565875415	-5.59423979686979
3646	0.415229788027277	2.4477093764151	1.24301139757507	0.240197011689861	0.542186565875415	-5.59455837571825
635	0.296017733770368	2.26243243850306	1.24279031235944	0.240275334478525	0.542186565875415	-5.59481223890304
355	0.199858877812112	1.36749204355494	1.24243654004192	0.240400706483763	0.542186565875415	-5.59521839167361
762	0.186106330326616	1.11865780085745	1.2415315535198	0.240721660970822	0.542464557371141	-5.59625698269405
3044	0.290652103348594	1.22717850499598	1.24092942423953	0.240935397902589	0.542464557371141	-5.59694769425808
3746	0.296930032816404	1.35947545272428	1.24084675549594	0.240964754628567	0.542464557371141	-5.59704250541325
2098	0.383455572459672	1.92496068487697	1.2385431537748	0.241783951646312	0.54281413400127	-5.59968257529752
926	0.277696432710299	1.49775175304748	1.23852256459629	0.241791283573197	0.54281413400127	-5.59970615534414
2792	-0.323792898031642	0.853756958555219	-1.23782924725991	0.242038282367949	0.54281413400127	-5.60050001678829
2797	0.402016154869531	2.49146493793874	1.236385408123	0.242553310767788	0.54281413400127	-5.60215217952874
1230	0.271447066773487	2.03420514290827	1.23620775405049	0.242616742159854	0.54281413400127	-5.60235536728889
964	-0.184407090943017	1.61489737192798	-1.23612358361796	0.242646799870855	0.54281413400127	-5.60245162770558
1538	-0.339666683704614	0.923713114927244	-1.2360893884244	0.242659012012193	0.54281413400127	-5.60249073320018
2300	-0.629228031924529	2.6467744618709	-1.23579051178668	0.242765770961636	0.54281413400127	-5.6028324931526
1559	0.304871992609041	0.845487846285092	1.23497521443649	0.243057187723302	0.54281413400127	-5.60376445814149
1131	-0.384933902327055	0.979474551058459	-1.23448395790066	0.243232916258249	0.54281413400127	-5.60432579169259
470	0.31214162107603	0.973876803549566	1.23444240547538	0.243247784755621	0.54281413400127	-5.60437326388618
945	-0.334158929862942	1.0681130541603	-1.23430609084561	0.243296566667925	0.54281413400127	-5.60452899023637
335	-0.239986219832888	3.05701186582707	-1.23415474191436	0.243350738002425	0.54281413400127	-5.60470187683455
1871	0.462320815137962	2.461753921498	1.23386578653011	0.243454188825603	0.54281413400127	-5.60503190810781
2689	-0.271672909224573	2.31402464958895	-1.23379300840789	0.243480250169945	0.54281413400127	-5.60511502279253
1336	-1.26514501493032	3.30216192893544	-1.23337980815259	0.243628256818021	0.54281413400127	-5.60558684004077
897	0.260438411813108	1.58117764653084	1.23274207714278	0.243856831287083	0.54281413400127	-5.60631480920419
3708	0.181602838717932	1.50768910964565	1.23246152119706	0.243957442203793	0.54281413400127	-5.60663497464985
1326	0.40782279194784	1.28561624175017	1.23242560211077	0.243970325649676	0.54281413400127	-5.60667596095109
662	-0.314766927149366	0.90199748433444	-1.23217416556814	0.244060526121915	0.54281413400127	-5.60696284349446
727	-0.284839852503366	1.04876193502431	-1.23079190792214	0.244556876179493	0.54352653837054	-5.60853918433687
608	-0.275502892354103	1.20262004861861	-1.23006920569581	0.244816711115943	0.54352653837054	-5.6093628362443
2146	0.593028083003963	2.12584650137134	1.23001382389711	0.24483663180636	0.54352653837054	-5.60942593909155
2983	0.384112195953938	1.52706744710021	1.22960183532485	0.244984863858792	0.54352653837054	-5.60989529849252
1748	-0.356025620560517	2.16573681976431	-1.22912028793667	0.245158214172602	0.54352653837054	-5.61044375433109
3098	0.387248561646928	1.29808380150126	1.22882616644161	0.245264142179123	0.54352653837054	-5.61077866358903
687	0.418615623267626	2.97878801563587	1.22794564016261	0.245581483612563	0.543535341065327	-5.61178094060009
2527	0.357866141441789	1.62315395525224	1.22737433904976	0.245787556413975	0.543535341065327	-5.61243094883946
3156	-1.35423273651738	7.80436021756712	-1.2271214105655	0.245878833965149	0.543535341065327	-5.61271865068382
317	-0.34310143485421	0.621201501510837	-1.22659098811756	0.246070342563409	0.543535341065327	-5.61332185335454
1360	-1.15545923505463	4.07236986371997	-1.22640498322577	0.246137527783603	0.543535341065327	-5.61353333417423
360	-0.255262329447849	0.85685234127003	-1.2263664914571	0.24615143289849	0.543535341065327	-5.61357709492751
1726	0.781697396926455	3.15786057264057	1.22543411958297	0.246488443682997	0.543544954493319	-5.61463678191031
1861	-0.544912066919904	3.06243438176362	-1.2253911359557	0.246503989253623	0.543544954493319	-5.61468562041375
3521	-0.278079480812457	1.91375870334657	-1.22513275199153	0.246597453623052	0.543544954493319	-5.6149791723293
3318	0.241500229353217	2.50250953494523	1.22408822919251	0.246975574719926	0.543940673361265	-5.61616539053585
1548	-0.212246660791082	0.368453611885918	-1.22334708619087	0.24724415270059	0.543940673361265	-5.61700661474141
2087	0.512209905692436	2.45382125488419	1.22302935758923	0.247359363882662	0.543940673361265	-5.61736713148959
3724	0.16396310331307	0.988007962726287	1.22301022479862	0.247366302972255	0.543940673361265	-5.6173888386341
2222	-0.641096194159659	2.99312085127217	-1.22173719550225	0.247828356026943	0.544632315744924	-5.61883258530683
3125	-0.644958880543833	4.93242939084481	-1.2209444053621	0.24811645239822	0.544941072132201	-5.61973112224215
3134	-0.387812478848199	2.23805818844947	-1.21940890198149	0.24867520929792	0.545843562858454	-5.62147019668359
1158	-0.38491489825226	1.51415937611142	-1.21799248400021	0.249191523655378	0.546651874828078	-5.62307294289233
3039	0.405562412051238	1.41790950261498	1.21737884199858	0.249415474992371	0.546796461190988	-5.62376687498139
674	0.250419178804904	2.11647527127901	1.21700048128894	0.249553639519722	0.546796461190988	-5.62419461033862
3891	0.175896717929347	1.67524334886789	1.2158375089745	0.249978700483161	0.547245755713957	-5.62550872123398
2371	0.476977432853468	2.09050075820531	1.21543748565117	0.25012504072265	0.547245755713957	-5.6259605130694
2449	0.658938898231923	3.01851650584542	1.21474444808632	0.25037873605676	0.547245755713957	-5.62674297486244
3781	0.440950039745612	1.1660395189438	1.21466398896549	0.250408202459517	0.547245755713957	-5.62683379408484
3058	0.284608989955543	0.991712519828686	1.2144138782232	0.250499817756389	0.547245755713957	-5.62711608079543
2559	0.311666357538615	1.98334578466808	1.21279896709328	0.251092002183639	0.548215063312831	-5.62893769319463
3466	-0.21806492538727	1.22141376813894	-1.21136550487149	0.25161858489524	0.548311705144093	-5.63055310458109
200	-0.231315628483737	2.0664453073821	-1.21079821482165	0.251827222110786	0.548311705144093	-5.6311920036022
3463	-0.162041413506136	0.93898069723805	-1.21065419264239	0.251880212353196	0.548311705144093	-5.63135416983062
2984	0.327475174904703	1.54606033558936	1.21043004118392	0.251962702334977	0.548311705144093	-5.63160653120806
2906	0.180845724504741	1.42910623983466	1.21033757140411	0.2519967384142	0.548311705144093	-5.63171062824755
1328	0.573854594539407	1.76111893475769	1.20938677902041	0.252346916658026	0.548311705144093	-5.63278062699044
131	-0.225159291643084	1.93865530647392	-1.20923852518902	0.252401553695798	0.548311705144093	-5.63294741118398
712	-0.264898749957985	1.03221048917626	-1.20889362221897	0.252528699712736	0.548311705144093	-5.63333536423882
3366	0.312160712963799	2.38386136609883	1.2084765186642	0.252682530128492	0.548311705144093	-5.6338044184027
3314	0.408943100327054	2.58553823471524	1.20827169675395	0.25275809706369	0.548311705144093	-5.63403470639985
234	0.261774617959037	0.544596861800407	1.20823967195767	0.252769913909872	0.548311705144093	-5.63407071026995
3057	-0.212694015745824	1.37972308609185	-1.20471611559152	0.254072762411311	0.550490088839926	-5.63802767103508
2500	0.372808978243413	1.67826078810349	1.20447758224703	0.254161153813899	0.550490088839926	-5.63829522925194
2476	0.293055834569074	1.52767689909784	1.2043148987168	0.254221452186369	0.550490088839926	-5.63847768525962
3626	0.384949837070127	2.35036277910572	1.20223329053749	0.254994001446133	0.551839304419182	-5.64081064778415
1425	0.220348057078244	1.4418167650623	1.20172721329161	0.255182104167653	0.551922863847085	-5.64137737296202
1429	-0.193195913118614	1.84464066648028	-1.20096567075012	0.255465368051793	0.552212025086194	-5.64222983817806
540	0.169141793674104	1.63848668116204	1.20024103286509	0.255735136798842	0.552269304834433	-5.64304061307469
2070	-0.610894614127374	2.54620708378271	-1.19996917422289	0.255836402906088	0.552269304834433	-5.64334469178833
534	0.267788067815852	2.03996291952058	1.19914562673078	0.256143365012204	0.552269304834433	-5.64426552610358
1528	0.458470390878078	1.67330372665069	1.19911600849673	0.256154410108261	0.552269304834433	-5.64429863426692
2303	-0.36653846979361	2.4090290495522	-1.19861317101965	0.256341983679208	0.552269304834433	-5.6448606268208
1381	-0.927975928604491	3.61077666926774	-1.19848616146381	0.256389379329962	0.552269304834433	-5.64500254986954
1985	0.52388677210903	1.943259939182	1.19781752862602	0.256639005122283	0.552484668753042	-5.64574950592417
2537	0.629212266195025	2.06672906219393	1.19598862361872	0.257322789746929	0.55258540533413	-5.64779103413208
3579	0.321319194397604	1.98827719815507	1.19568015426381	0.257438261521696	0.55258540533413	-5.64813513219319
2501	0.248479600764522	1.57483525577422	1.19561070227916	0.257464265700983	0.55258540533413	-5.64821259671139
2521	0.515307803259473	1.92416979195625	1.19555726564713	0.257484274837733	0.55258540533413	-5.64827219589594
2793	0.428931133271586	2.5195198607967	1.19536025203173	0.2575580564684	0.55258540533413	-5.64849191255419
3704	0.633230859034545	2.32793752788337	1.19519871049347	0.257618566311397	0.55258540533413	-5.64867204898921
579	-0.171722981288364	1.48786181908983	-1.19489196801824	0.257733496204055	0.55258540533413	-5.64901404948704
853	0.251557562745064	1.93694678547315	1.19304211731934	0.258427458119296	0.553751697838908	-5.65107511617088
1308	-0.34395924685496	1.21337370190644	-1.19254231483014	0.258615210339707	0.553832573418908	-5.6516315701732
1406	-0.188661352787466	1.46781722660458	-1.19126360782216	0.259096052243529	0.554476738544484	-5.65305440966333
2803	-0.184312783152561	1.4774037810152	-1.1908943347869	0.259235044487943	0.554476738544484	-5.65346509035977
2763	-0.236966072788162	1.72772550770335	-1.19034420363815	0.259442220187763	0.554476738544484	-5.65407672985087
946	-0.335350221890962	0.720710914274783	-1.18994507982776	0.259592609579627	0.554476738544484	-5.6545203439022
537	0.158553166726305	1.43219617249281	1.18959785932078	0.259723497995666	0.554476738544484	-5.65490617699626
792	-0.330384388955037	0.632374468007778	-1.1893496194815	0.259817106631083	0.554476738544484	-5.65518196980626
603	-0.168157116974225	1.1611284199814	-1.1872590422268	0.26060650102837	0.555780836480042	-5.65750284989157
1916	0.161030065225651	1.13216477031088	1.18693439986015	0.260729254816748	0.555780836480042	-5.65786297684555
165	-0.311845982173251	2.03184773859412	-1.18479431713871	0.261539607551171	0.557186515336943	-5.66023510111909
3252	-0.327892554413348	1.82853051441511	-1.18373408766431	0.261941805281928	0.557386478522772	-5.66140907897587
2155	-0.601560032785406	3.3095258644379	-1.18337721410115	0.262077295025173	0.557386478522772	-5.66180406000893
3160	-0.561874033834816	4.62511343978821	-1.18335328153744	0.262086383184056	0.557386478522772	-5.66183054487638
3585	0.49013728054824	2.04942593887701	1.1822628617517	0.262500723618221	0.557946270350301	-5.66303681976811
3751	0.342835456638442	2.07613801744308	1.18172449044057	0.262705485934992	0.558060215231296	-5.6636320791518
981	-0.270026023792096	0.941875401600636	-1.18101437594983	0.262975761287651	0.558222307729523	-5.66441691278892
718	-0.350351472291197	1.09263926140586	-1.18072966502134	0.263084186199721	0.558222307729523	-5.66473148021003
3850	-0.262716527094774	1.12319383624551	-1.17564338606286	0.265027114899479	0.561207805252316	-5.67034136751325
3303	-0.269359355812941	1.32644586749812	-1.17560235317574	0.265042835075339	0.561207805252316	-5.67038654921452
562	-0.166806841367757	0.360009394440955	-1.17498020246667	0.265281278250408	0.561207805252316	-5.67107145734727
1509	0.280419977592549	1.67859405412289	1.17494813618035	0.265293572433407	0.561207805252316	-5.67110675069386
3733	0.147785330411955	1.31257215222199	1.17469751837019	0.265389674517142	0.561207805252316	-5.67138256456402
1857	0.249041691369826	1.46270748970568	1.17454987038014	0.265446304552529	0.561207805252316	-5.67154503537154
1880	0.462948018387126	2.50897373497739	1.17426585614166	0.265555264294636	0.561207805252316	-5.67185751866037
1627	-0.189942093648135	0.608293831086653	-1.17369122956306	0.265775822785722	0.561352595952451	-5.67248956769455
3611	-0.17068010439055	1.26137738545112	-1.17301917761516	0.266033958910781	0.561576544481764	-5.67322847711098
2748	0.183674280795988	1.54725001309188	1.17176112660601	0.266517708484984	0.561988193080026	-5.6746108103135
1852	0.34812619086412	2.17868062219546	1.17138196685221	0.266663639776384	0.561988193080026	-5.67502720402235
133	0.228467389091061	1.70396547198587	1.17115362634519	0.266751553961296	0.561988193080026	-5.67527791798801
3563	-0.341443284602884	1.54952815245824	-1.17092957416567	0.266837839238702	0.561988193080026	-5.67552388700406
3332	-0.179164867384173	0.496292970517342	-1.17018873383193	0.267123302340993	0.562268661484007	-5.67633693945807
3347	0.54973309909201	2.78989584194256	1.16915945575326	0.267520305717012	0.562783457952825	-5.67746588916226
3137	-0.382783015158562	2.72726472527509	-1.16868778121537	0.267702390433706	0.562845800387951	-5.67798298416228
72	-0.548802845549444	3.75003602057925	-1.16810986546627	0.267925621140466	0.562994532299716	-5.67861633256923
403	0.185389973792354	1.51203067392109	1.16659880175962	0.268509988704126	0.563901523490122	-5.68027119750841
3015	0.275985865895192	1.26933478074993	1.16538845246823	0.268978783726326	0.564066145061801	-5.68159554272321
1300	0.322384550833338	1.02473462676239	1.16499815750611	0.269130090502061	0.564066145061801	-5.68202237194303
3270	-0.340810409880751	2.18371384852145	-1.16495135206091	0.269148240189095	0.564066145061801	-5.68207355131121
2242	0.405172142690777	2.3998610632166	1.16481917819096	0.269199498266222	0.564066145061801	-5.68221806816012
2301	-0.40495110777791	2.57659814008165	-1.16373823283936	0.269618985004767	0.564624669675326	-5.68339948345794
3580	0.328238279079208	2.01714978382044	1.16296055916231	0.269921096944784	0.564936899047701	-5.68424891693814
3321	0.225695485958501	1.85726949117102	1.16248051537797	0.270107717616851	0.565007191751509	-5.68477303852462
3249	-0.274856095061118	1.0872989636842	-1.16006704965342	0.271047503951634	0.566651973153699	-5.68740558356024
2860	0.168991365786104	1.25106010094977	1.15917114241368	0.271397015147775	0.567061561927327	-5.68838174230435
1526	0.609415878144457	2.31408117049511	1.15711061018006	0.272202208978024	0.568157594768782	-5.69062464017706
1917	-0.336162351021494	1.28453645253067	-1.15704122081352	0.272229356756765	0.568157594768782	-5.69070011718776
2336	0.310852858969384	2.3851255300381	1.15641548789585	0.27247426315904	0.56834744609219	-5.69138058884423
2698	0.146312676987575	1.42323847586529	1.15331548718478	0.273690119293054	0.570444905730295	-5.69474758087406
520	0.31935514154459	2.88097467561357	1.15292139973406	0.273844988304622	0.570444905730295	-5.69517510901878
2365	-0.290187989923947	0.6270302741191	-1.15267121495623	0.273943341782181	0.570444905730295	-5.69544646483882
1784	0.483897514819435	1.94611785805914	1.15153420459702	0.274390674864651	0.571054324464651	-5.69667911680155
1488	-0.323760142809645	0.923173122853664	-1.15044022410298	0.274821617070454	0.571628963506544	-5.6978642305838
3226	-0.2053295752516	1.6849111536462	-1.14997792501901	0.275003885274758	0.571686004749103	-5.69836477902153
585	0.320683863084951	2.78319583575062	1.14813313510772	0.275732160388655	0.572463995602815	-5.70036064984039
1382	-0.967502303191933	3.81046463689857	-1.14796874409839	0.275797130629784	0.572463995602815	-5.70053838331421
1210	0.240831524032593	1.10353425820837	1.14773685228462	0.275888798686494	0.572463995602815	-5.70078906261662
628	0.292559441256378	1.02792851584722	1.14724148545935	0.276084699402078	0.572463995602815	-5.70132443171381
1842	0.486334378581038	2.0328266564532	1.14706781374218	0.276153406329527	0.572463995602815	-5.7015120854853
517	0.310817772740682	3.10624759921728	1.14617479866828	0.27650690595375	0.572709205585339	-5.70247664794067
2640	0.166915499713792	1.55569388001666	1.14540038209812	0.276813743893609	0.572709205585339	-5.70331263805096
602	-0.179668040880904	1.25254043105593	-1.14529520221109	0.276855438538067	0.572709205585339	-5.70342614692722
3586	0.445353129341606	2.31946155855708	1.14512755176866	0.276921907421393	0.572709205585339	-5.70360705655534
651	-0.159483948626143	1.40132104716348	-1.14481136046433	0.277047302593558	0.572709205585339	-5.70394819894191
3159	-0.549645372701816	4.93449287317182	-1.14421844507027	0.277282560272639	0.572874769181075	-5.70458770492968
857	-0.26497167001853	1.14787327548093	-1.14306734879994	0.277739737874671	0.573478746065678	-5.70582851836756
3670	0.290783954726022	1.23417788223826	1.14270051094554	0.277885557072453	0.573478746065678	-5.70622374393731
820	0.174835242179478	1.52339638829801	1.14220346790154	0.278083228316842	0.573566077623342	-5.70675909334734
3139	-0.293661264469633	2.63253360908944	-1.13986018445927	0.279016613448306	0.575037110787869	-5.70928053076155
1865	0.517125792917257	2.272707653905	1.13963124295761	0.279107936763776	0.575037110787869	-5.70952666213532
2938	-0.234659297762763	2.02442653381585	-1.13908681833024	0.279325197651984	0.575163764490309	-5.7101118098881
187	-0.215111001500496	2.1218517429549	-1.13763123094573	0.279906717491447	0.575737283788522	-5.71167520673213
3619	-0.173485994294209	1.24886384457485	-1.13742744198827	0.279988207977964	0.575737283788522	-5.71189396528886
1375	-0.774318489302917	2.48249793324897	-1.13721907104726	0.280071549751946	0.575737283788522	-5.71211761084392
2779	-0.220011210137929	1.58213382791804	-1.13469108832599	0.28108419843616	0.576747020576279	-5.71482836340079
573	0.153610728166732	1.27302465114851	1.13442679907596	0.281190230211563	0.576747020576279	-5.71511148887377
1993	0.460568212730509	2.00939352388723	1.13424527103142	0.281263076508155	0.576747020576279	-5.71530592485002
3104	0.224401817355064	1.31658225734355	1.13291574727902	0.281797054220458	0.576747020576279	-5.71672924719691
615	-0.146967560149365	1.4220866965853	-1.13252685699813	0.281953393099169	0.576747020576279	-5.71714532764195
3692	0.434872822691084	1.97233721273534	1.1323800917068	0.282012412108587	0.576747020576279	-5.71730232538825
3522	-0.350614934964146	1.51930963363141	-1.13202903333675	0.282153622752274	0.576747020576279	-5.71767779506146
2809	0.20069581780171	1.65268451579594	1.13196856661312	0.282177950580612	0.576747020576279	-5.71774245724219
1987	-0.273646958609139	1.31884160529851	-1.13192256673989	0.282196458990134	0.576747020576279	-5.71779164699036
3590	0.311103135509291	1.92319663354093	1.13180441788692	0.282244001420764	0.576747020576279	-5.71791798175839
873	0.187887626077507	1.5020367045203	1.1317122037489	0.282281112183461	0.576747020576279	-5.71801657777647
2574	0.340619461674753	1.59762602896063	1.13131945053738	0.282439214603128	0.576750874067893	-5.71843644206996
2639	0.200721785047848	1.39970673160682	1.12875723952727	0.28347231502836	0.578540512484636	-5.72117272354708
2164	-0.422334808742724	2.38962448961805	-1.12813125999889	0.28372515846082	0.578736621567596	-5.72184049342556
42	-0.527032728618349	3.31411748811006	-1.12771572636953	0.283893095736595	0.578759419911381	-5.7222836080652
3157	-1.03414793417661	6.8842041949284	-1.1270112073474	0.284178001830647	0.578910668884709	-5.72303459766698
188	0.150406897219045	1.15498928029015	1.12675692080814	0.284280889135422	0.578910668884709	-5.72330556693979
3506	-0.411913884823095	2.08262060099669	-1.12631674203033	0.284459058746961	0.578954159257873	-5.72377451099364
1305	0.22697077683647	0.362716397790499	1.12577160726915	0.284679830762438	0.579071147727344	-5.72435507100562
784	0.312866477491105	2.39766032726951	1.12540042892712	0.284830228676288	0.579071147727344	-5.72475024422688
359	-0.35122087065408	0.857284812231537	-1.12427346035091	0.285287242116821	0.579681066535664	-5.72594944050825
726	-0.383866861229889	1.42692841799166	-1.12302761084941	0.285793124242755	0.580262210785499	-5.72727404126295
3168	0.308861372928733	3.17272076038327	1.12279517027314	0.285887584349627	0.580262210785499	-5.72752104720038
895	0.185193473671632	1.37984309755933	1.12151322090194	0.286408981373286	0.580636939353635	-5.72888260672916
2565	0.294188071369071	0.825914442327126	1.12130401976548	0.286494137743767	0.580636939353635	-5.7291046836536
1315	-0.309682181536645	0.446308152497115	-1.12118151000338	0.286544015033132	0.580636939353635	-5.72923471848604
155	0.138815050260022	1.0925223381192	1.12059491703441	0.286782927022212	0.580802285554584	-5.7298571880219
1587	0.364719905336854	1.63050136422352	1.11935417206247	0.287288773566077	0.581507758775195	-5.73117297579648
2637	0.259707912949364	1.2627779917188	1.11853886540477	0.287621545383158	0.581862326331299	-5.73203697076501
2027	0.156625935588788	1.16776042536917	1.1160958014888	0.288620475500874	0.583563414868142	-5.73462296725605
1386	-1.12807129964152	4.38507769367116	-1.11503850597226	0.289053615066387	0.583962285131059	-5.73574074209645
2844	0.161362074495908	1.34688263204918	1.11484220282751	0.289134089171066	0.583962285131059	-5.73594818244186
3607	0.377106142414119	2.66983332108532	1.11441513162187	0.289309225824219	0.583996534577921	-5.73639938415032
824	0.281986752356773	2.08665098064387	1.11349083536452	0.289688548120646	0.584442688339577	-5.73737543943374
1753	-0.289889212700381	1.73041898186547	-1.11185989019968	0.290358806094826	0.585285195938738	-5.73909615956108
1127	-0.38467210163395	1.35800128793894	-1.11167963264738	0.290432958440375	0.585285195938738	-5.73928621743834
3158	-0.775602556865446	5.65379834315875	-1.11131049783329	0.29058485447901	0.585285195938738	-5.73967534578417
3369	-0.304733465386302	3.28293475667307	-1.11093298172895	0.290740262554617	0.585285195938738	-5.7400732040604
2672	0.150649632086056	1.63376351343822	1.11043259639946	0.29094634942369	0.585380883963086	-5.74060038810118
2737	0.196634270319718	1.69345773525813	1.10756662390214	0.29212888299327	0.587439997827426	-5.74361624249867
2604	-0.298811824174317	1.67237816267157	-1.10673835471037	0.292471323359518	0.587808451738346	-5.74448668227084
1170	-0.470812411460236	1.07036023313055	-1.1061099551551	0.292731335032978	0.588010929783327	-5.74514673324431
3447	0.397200247888218	1.78926193854015	1.10527398393855	0.293077508257449	0.588386166659326	-5.74602435200772
128	-0.419946721838299	2.33952972597502	-1.1044850229894	0.293404502765426	0.588722513157584	-5.74685213767299
240	0.428511230135179	2.05853619599175	1.10295590657055	0.294039060614726	0.589675291574996	-5.74845517155286
1346	-0.380296923846615	1.72408936321454	-1.10174255765956	0.294543328592565	0.590365889882601	-5.74972592401037
2699	0.139564980772707	1.30194719872358	1.09801815888117	0.296095328473153	0.592827513449649	-5.75361960816154
1053	0.214426662847928	2.3062931422832	1.09770977993511	0.296224113619729	0.592827513449649	-5.75394153568224
1725	0.64909202384118	3.17699359241441	1.09764017991494	0.296253185892363	0.592827513449649	-5.75401418365451
943	0.222497036652472	0.694400039109372	1.09695165544992	0.296540903599008	0.592914449435576	-5.75473266353356
2379	0.214093885265093	1.59626045557159	1.09651249235859	0.296724530844127	0.592914449435576	-5.75519074646166
3902	0.352814360093947	1.25091933212209	1.09638366605147	0.296778413476962	0.592914449435576	-5.75532509521773
1882	0.408223950085945	2.08220172845392	1.09503308577709	0.297343754975395	0.593722630269961	-5.75673281765109
2347	-0.326231040245212	2.22370870935234	-1.09453008339219	0.297554517792827	0.59382231334655	-5.75725674988735
1731	0.514592127611582	2.69144801407545	1.09361471048519	0.297938360706797	0.594267113846297	-5.75820972107913
3188	-0.377786498942739	2.52971971186355	-1.09064257881183	0.2991872712188	0.596417301851943	-5.76129956425088
3541	0.379393838956857	3.13410172480621	1.08995031754866	0.299478737095736	0.596417301851943	-5.76201828296805
849	0.189770813839422	1.89886900635616	1.0898974712451	0.299500996108749	0.596417301851943	-5.7620731340916
3696	0.180604408459255	1.24126798956443	1.08668214733251	0.300857674733112	0.598149988302001	-5.76540645574396
2252	0.315047971066506	1.12298646811849	1.08646160619305	0.300950901527486	0.598149988302001	-5.76563480312138
2726	-0.156480934077392	1.59564112335388	-1.08599160553055	0.301149652864895	0.598149988302001	-5.76612131669578
2616	0.230485817829577	1.25534210188019	1.08578828894043	0.301235661254409	0.598149988302001	-5.76633172461572
2540	0.265262671333446	2.0113655433928	1.08562815608987	0.301303414927605	0.598149988302001	-5.76649742053
3381	0.469310857697979	2.69595671921711	1.08498467878922	0.301575793064279	0.598149988302001	-5.76716305609877
3927	-0.182797909354971	1.4029170241515	-1.08492834325338	0.301599648309948	0.598149988302001	-5.76722131658915
3810	-0.358868463615652	1.08484963246189	-1.08466160279085	0.301712618887296	0.598149988302001	-5.76749713869677
166	-0.288738454452479	1.62445854101548	-1.08431200785064	0.301860728965081	0.598149988302001	-5.76785855435959
3624	-0.287894659419044	0.633396090958612	-1.08382101851773	0.302068835892649	0.598149988302001	-5.76836598851952
3956	0.162957216350952	1.4305121921495	1.08362197784862	0.30215323081886	0.598149988302001	-5.76857164351234
1897	0.392479010193476	3.23755924439406	1.08274817903667	0.302523941164827	0.598505823234513	-5.76947412317742
448	-0.202097536822435	2.20702854922509	-1.08240973315506	0.302667620207552	0.598505823234513	-5.76982352191591
3140	-0.24317588365928	2.57143250484505	-1.0819206935922	0.302875321828415	0.598505823234513	-5.77032823394632
100	-0.198189873447637	1.80701164222138	-1.08167099284722	0.302981414849758	0.598505823234513	-5.77058586677798
909	0.276867514478497	0.98144227696635	1.08001988186808	0.30368365113487	0.599269468477306	-5.77228823288298
2304	-0.392455521898772	2.423839605441	-1.07999879857562	0.303692626089122	0.599269468477306	-5.77230995723459
3112	-0.246008844919576	0.962476726204905	-1.07882094903549	0.304194345420655	0.599800161976086	-5.77352308242526
3210	0.318280192393721	2.58188919605726	1.07860479963107	0.304286485206178	0.599800161976086	-5.77374559048987
752	0.272937996657328	2.08871292418748	1.07821675479384	0.30445195344226	0.599806089705882	-5.77414496139708
3056	0.287902475263879	1.42281156933309	1.07750087895372	0.304757393060159	0.599952448340681	-5.7748814304927
3836	0.292038073054877	1.15045911606491	1.07704627802033	0.304951476361351	0.599952448340681	-5.77534890571704
1126	-0.229070814926547	1.6225628707494	-1.07678926277152	0.30506124567429	0.599952448340681	-5.77561312983868
553	-0.179597049943663	1.42160405672538	-1.0765200762437	0.305176245391061	0.599952448340681	-5.7758898125603
927	0.260718484332775	0.625059579383027	1.07566732625852	0.305540767543669	0.600349395301345	-5.77676594429876
3556	0.624140312942655	2.14822453213903	1.07489196989901	0.305872493041319	0.600681512930079	-5.77756207819355
1619	-0.241175471349569	1.24773347802932	-1.07436587339599	0.306097731604454	0.600804266392155	-5.77810201109267
766	-0.283905248368737	0.896403450252544	-1.07365911399378	0.306400515536552	0.601077907742574	-5.77882702527015
1060	-0.366661736414475	0.768746348785905	-1.07324231182677	0.306579184784538	0.601077907742574	-5.77925441388065
3167	0.348873745994217	3.4292630823997	1.07248447913988	0.306904244708266	0.601077907742574	-5.78003115439379
1069	-0.256966740359922	0.880045741572981	-1.07244461285738	0.306921351922476	0.601077907742574	-5.78007200316682
1552	-0.196589153474249	0.990667229176088	-1.07214213337949	0.307051173890166	0.601077907742574	-5.78038189751449
3572	0.171439093617535	1.41883647246115	1.07098250610496	0.307549262696814	0.601733904545117	-5.78156930237977
2898	0.263324633335628	1.2869997054393	1.0700425195886	0.307953458943565	0.602205598739217	-5.78253104931893
2326	0.581198301059335	2.06936465260508	1.06899838330259	0.308402910881113	0.602765244559591	-5.78359856307874
514	0.194692052322297	1.20545182969567	1.06676747282972	0.309364875735761	0.604325460961074	-5.78587661949783
3084	0.397713623351478	1.30609621472846	1.06535840264646	0.309973631703197	0.605093965210972	-5.78731349840552
1198	0.480568725762642	1.73548104886888	1.06481091130532	0.310210406477635	0.605093965210972	-5.78787138314637
3443	0.34488436841401	2.21931110398773	1.06468842500972	0.310263397080657	0.605093965210972	-5.78799616313544
1995	0.288741163124286	1.74688472155265	1.06404295431349	0.310542756574418	0.605093965210972	-5.78865353038891
2192	-0.312847653833812	2.48538603873053	-1.06383145943773	0.310634332765913	0.605093965210972	-5.78886885358318
584	0.288789800163876	1.80175208358752	1.0635799173701	0.310743275717515	0.605093965210972	-5.78912490406735
913	0.274636534376338	0.933502586755213	1.06269035036003	0.311128778746221	0.605093965210972	-5.79003002428859
847	-0.1448571526242	1.30201012756299	-1.06233357140999	0.311283493902748	0.605093965210972	-5.79039287001463
3753	0.138131216835505	1.21806606956195	1.06200799705983	0.311424727990947	0.605093965210972	-5.79072389499227
865	0.484524682122071	0.995433305998193	1.06172447626644	0.311547758613696	0.605093965210972	-5.79101209586691
2691	-0.200781243269414	2.06713833281759	-1.06169370734843	0.311561112639777	0.605093965210972	-5.79104336896329
1943	-0.26830804783188	1.37984338722863	-1.06112082957113	0.31180982630096	0.605258611305544	-5.79162550068063
1507	-0.904311526843546	3.56466395778744	-1.0597108047471	0.312422623016543	0.606129439924896	-5.7930572247592
3793	-0.172919212226935	1.60759846934463	-1.05917030121974	0.312657766244736	0.606267055134225	-5.79360563975128
1554	-0.156031050692622	1.0058629282402	-1.05872390460866	0.312852069240808	0.606325375137567	-5.79405840042193
81	-0.200694517648127	1.39815281800139	-1.05802942564665	0.313154535764887	0.60659315112485	-5.79476247449452
3441	0.459080181710411	2.48938107113218	1.05568734480267	0.314176205572346	0.608047735965518	-5.79713416793142
1800	0.244497110345333	1.67483514306397	1.05545587478057	0.314277314132428	0.608047735965518	-5.79736833441566
4039	-0.380778466668759	1.25554037820227	-1.05517611891488	0.314399547117599	0.608047735965518	-5.79765129394591
1062	-0.4080993141219	0.76173169534779	-1.05396984072467	0.314927012410935	0.608748968492761	-5.79887069272782
549	-0.14273222189551	1.2945623901732	-1.05321140012402	0.315258993610983	0.609071797180402	-5.79963680626486
1762	0.580267001436592	4.28462292198952	1.05212626022083	0.315734433249016	0.609671301022681	-5.80073214970948
2302	-0.383268941365404	2.52295021417265	-1.04906634088882	0.317077995532917	0.611491062428926	-5.8038159260979
2005	0.63504533148776	2.73546058304057	1.04900328933033	0.317105725504133	0.611491062428926	-5.80387939287423
703	-0.302752393279347	0.728761341365988	-1.04884869667876	0.317173722792902	0.611491062428926	-5.80403499051734
2114	-0.6736700938223	3.35233970116034	-1.04827519509856	0.317426071909235	0.611658171967064	-5.80461205829058
416	-0.199576363930232	0.740429948687779	-1.04758298597509	0.317730854530675	0.611926090207225	-5.80530823158168
3469	0.241333228105958	2.27466467426311	1.04613265106925	0.31837015424103	0.612560968763559	-5.80676566514157
1065	-0.369651985516992	0.960930412724881	-1.04582462255931	0.318506055496024	0.612560968763559	-5.80707499078071
3571	0.179482743159632	1.4257725880533	1.04570634605445	0.318558250277907	0.612560968763559	-5.80719374575131
259	0.204765608436178	0.762596660473499	1.0445265196497	0.319079251936769	0.612934968073317	-5.80837774925435
2096	0.306525978554095	2.24476296987031	1.04451400835531	0.319084780237518	0.612934968073317	-5.80839029904062
2103	-0.36775997630739	1.96033486868007	-1.0437739745837	0.319411902661525	0.61297978783395	-5.80913239283776
1926	0.230008652045672	1.93792911914737	1.0433157764915	0.319614568991622	0.61297978783395	-5.80959165268776
3432	0.369928170134767	2.3705705767988	1.04314498919683	0.31969013479951	0.61297978783395	-5.80976279391011
2542	0.304998250313709	1.90266614912684	1.04281303865859	0.31983704642963	0.61297978783395	-5.81009536736553
2216	0.574586055500298	2.22203050308274	1.04258441329914	0.319938258709649	0.61297978783395	-5.81032437182817
3099	0.299552616456928	1.49387249605304	1.04189993372957	0.320241420517523	0.613242388252435	-5.81100974288667
407	0.154758601822597	1.60011853511952	1.04100506589415	0.320638088940832	0.613683682928745	-5.81190522539816
3124	-0.505856730970945	4.68123802536587	-1.0386211691992	0.321696591507203	0.615235494399728	-5.81428771086348
2534	0.373864476088308	2.00348357023141	1.03842870994364	0.321782161345036	0.615235494399728	-5.8144798626521
1212	0.286601461413537	1.679187799778	1.03685402325644	0.322482925394285	0.61625619076382	-5.81605094666342
3170	0.255964433882617	2.49332236723961	1.03548371388362	0.323093663728661	0.617103883334825	-5.81741654357588
2394	-0.366869738831867	2.06367997417325	-1.03363347014684	0.323919673477456	0.618361651747037	-5.81925809307913
636	0.182805879892979	0.923040130872664	1.03305984309485	0.324176078707287	0.618531308830647	-5.81982848030336
1048	-0.246896770033862	1.35963798444814	-1.03267993536381	0.324345976635841	0.618535819080333	-5.82020610041855
2207	-0.405738741825322	2.73711339594774	-1.03136507906299	0.324934503228927	0.619015613069363	-5.82151216598676
2817	0.166493798128886	1.5015344766197	1.03133152950983	0.324949530321863	0.619015613069363	-5.8215454735024
3401	-0.295308224211856	1.829803358071	-1.03047963296012	0.325331274386989	0.619015613069363	-5.82239092834364
3328	0.211906519220201	0.833763937577892	1.03021150957573	0.325451492378215	0.619015613069363	-5.82265690647585
1935	0.4482605814784	2.31408212282425	1.03003749764615	0.325529531468098	0.619015613069363	-5.82282949594832
1984	0.388446740445976	2.00472517089649	1.0298724710017	0.325603553786756	0.619015613069363	-5.82299315162846
1756	0.208984410012711	1.72102066139236	1.02825137288725	0.326331359073725	0.620079967936281	-5.82459964567824
2274	0.365195641570396	2.44924228798866	1.02758989678436	0.326628681278794	0.620325664239356	-5.82525456966904
2767	-0.180338441967026	1.99346645505494	-1.02540676032233	0.327611391875278	0.621613201275673	-5.82741364021516
3566	0.180661380358215	1.72490831221664	1.0253358206334	0.327643361235769	0.621613201275673	-5.82748373500086
793	0.247315361469735	2.3130967603282	1.02422717591278	0.328143278929042	0.622241903341563	-5.82857866086587
567	0.357167295202972	2.93437800279288	1.02347581105788	0.328482411096845	0.622391196932659	-5.82932017773449
2113	-0.674131446050949	3.319876192084	-1.02330583527742	0.328559166528102	0.622391196932659	-5.82948786399112
2393	-0.357648651425523	1.86565812410588	-1.02292372414396	0.328731763808652	0.62239880614438	-5.8298647450839
1739	-0.292149518302308	1.87356896739813	-1.02067940216132	0.329746867325582	0.62310726522607	-5.83207602486893
663	0.250599949732974	2.05103806640788	1.01991889363355	0.330091370374825	0.62310726522607	-5.83282443533173
1973	0.435198250424949	2.91416184588475	1.01989888919435	0.330100435789209	0.62310726522607	-5.83284411538048
3788	0.153533276740066	1.67122440833639	1.01979970385223	0.330145386346683	0.62310726522607	-5.83294168767396
1809	0.456078025077839	3.46016174035831	1.01942117770895	0.330316975128465	0.62310726522607	-5.83331398646721
1136	-0.228495572140824	0.503860687786153	-1.0193299848745	0.330358323400567	0.62310726522607	-5.83340366212333
929	0.320473818232299	1.28603224427849	1.01930994014435	0.330367412511536	0.62310726522607	-5.83342337248815
160	-0.207242365190237	1.63365855677269	-1.01911431185614	0.330456128199524	0.62310726522607	-5.8336157208474
890	0.193123199575246	1.99918588003571	1.01830268514465	0.330824382012666	0.623483215105035	-5.83441341682289
148	0.188559009689548	1.53931662347014	1.01790900523167	0.331003113012273	0.623501782265976	-5.83480015215765
3047	0.317028763123031	1.34874077922077	1.01630899553269	0.331730253749028	0.624202895361301	-5.83637067646563
348	-0.184481487508833	0.446346599180525	-1.01619716726661	0.331781119362708	0.624202895361301	-5.83648036822922
180	0.164868101006503	1.48611848579852	1.01592609546395	0.331904441572404	0.624202895361301	-5.83674622008719
3394	0.162809188093183	1.6759209646284	1.01560273951678	0.332051594390465	0.624202895361301	-5.83706327322039
3669	0.284953858940553	1.30738675144954	1.01497425231955	0.332337744232467	0.624422876186397	-5.83767927327754
238	0.415777553883496	2.14388590785729	1.01400456387077	0.332779600085207	0.624598236936	-5.83862908187548
626	0.252446066043495	2.23977856150886	1.01371607229214	0.332911140116387	0.624598236936	-5.83891151525716
2119	-0.333113778464015	2.29058920920083	-1.0133768499112	0.33306586036338	0.624598236936	-5.83924352976075
2530	0.294410067750664	0.763662435724228	1.01328495878414	0.333107781291166	0.624598236936	-5.83933345266727
1828	0.274977165922818	2.19636048539844	1.01234841385154	0.333535257222099	0.624831040949882	-5.8402495559761
382	-0.170995637295355	2.87850922417029	-1.01227142144583	0.333570417581857	0.624831040949882	-5.84032483696384
3919	-0.178901405393519	1.38911564192389	-1.0117864266008	0.333791964547727	0.624928972165419	-5.84079894307579
2570	0.231191429653513	1.27554510464529	1.01070772942381	0.334285105480004	0.625535027588533	-5.84185275314298
3204	0.138498882116289	1.1128405402394	1.01020107817272	0.334516913241185	0.625651693863453	-5.84234739650294
2731	-0.211407903631959	1.81847639574436	-1.00854286502894	0.33527642266765	0.626754710120994	-5.84396488386836
175	0.240562145238606	1.72620028179817	1.00801043574347	0.335520559840448	0.626778893718979	-5.84448377334346
2059	-0.331134482533681	1.85218359324464	-1.00777426758786	0.335628892980071	0.626778893718979	-5.8447138635439
655	-0.306868674874259	0.963926021246262	-1.00694743171848	0.336008375337404	0.626894877392104	-5.84551907079172
61	0.4284510296614	3.36593190152115	1.00689903635588	0.336030596521932	0.626894877392104	-5.84556618337148
3037	-0.133008190047355	1.03810345223096	-1.00556093668601	0.336645425943844	0.627724703325592	-5.84686807693077
2644	0.151561671780922	1.67211985981676	1.00504751696741	0.336881551336064	0.627847898805021	-5.84736722632931
3195	0.341481399304508	2.33800897449481	1.00430426362316	0.337223594593007	0.62790832900933	-5.84808944934189
3155	-1.02051190676983	7.24334668755255	-1.00423795628249	0.337254121458695	0.62790832900933	-5.84815385914123
29	-0.24484525485773	1.32531794424931	-1.00364478619452	0.337527298087098	0.628006320127821	-5.84872989844165
3565	0.183971934118537	1.8218383402255	1.00315763675021	0.337751769898913	0.628006320127821	-5.84920276929911
3061	0.252885379575786	1.24859349106622	1.00301600845331	0.337817050859657	0.628006320127821	-5.84934021091283
3060	0.171113604385422	1.30698271849687	1.00238390629329	0.338108519742904	0.628231834368798	-5.84995343250867
2480	0.270777031370216	1.08131565457825	1.00072001458371	0.338876640384808	0.629342332143215	-5.85156610112416
3418	0.441447756850163	3.26418250476901	0.998432838751416	0.339934583469735	0.630989684349051	-5.85377925905205
2733	-0.261904335170598	2.77057464548526	-0.997275190172312	0.340470980935969	0.631667517131537	-5.85489785038836
1066	-0.351420052451124	1.0799859772383	-0.996906517879707	0.340641935701216	0.631667517131537	-5.85525385927972
32	-0.472868506547415	2.89166753212904	-0.996393704751312	0.34087983368476	0.631791338335408	-5.85574887716347
3255	0.311319174449059	3.32591451785747	0.994988486254125	0.341532348923174	0.632683106986632	-5.8571042543917
1119	-0.302136426157911	1.59773164503473	-0.994454614989342	0.341780492324721	0.632825264625311	-5.85761877551932
2512	0.29975289551269	1.50422659922939	0.992758267334847	0.342569830287719	0.633000480646225	-5.85925212361293
575	0.230106303913311	2.02991007663433	0.992641505849829	0.342624210287165	0.633000480646225	-5.8593644639257
3960	0.368321200868297	1.89798483321445	0.992480419106281	0.3426992445042	0.633000480646225	-5.8595194331776
1795	-0.271662988830156	2.01780411873622	-0.992466795769009	0.342705590806612	0.633000480646225	-5.85953253819553
3010	0.217722255326848	1.28935737238424	0.992261251201191	0.342801352220527	0.633000480646225	-5.85973024446353
842	0.209919329449204	0.967018751521361	0.991994318535097	0.34292574300467	0.633000480646225	-5.85998694726305
3504	-0.495197738160635	1.30772566558289	-0.991559802011561	0.343128298521224	0.633000480646225	-5.86040468923215
2990	0.303764609754629	1.35822409958853	0.991305812510111	0.343246739505347	0.633000480646225	-5.86064880329436
3092	0.183917272056101	0.834339970924605	0.99057408725472	0.343588126335299	0.633052362682033	-5.86135178872019
2589	0.401991015954012	1.96095561313388	0.990051228678143	0.343832218172973	0.633052362682033	-5.86185384780284
80	0.198752882591471	1.45017332156293	0.989844091689594	0.343928953230011	0.633052362682033	-5.86205268410498
3446	0.343070685075973	1.66049128236747	0.989776043824331	0.34396073660351	0.633052362682033	-5.862117997541
2931	0.204518850873845	0.799158463587501	0.988527551389326	0.344544255311299	0.633684146471892	-5.8633156604926
2112	-0.421972471800363	3.04734249234439	-0.988307275975224	0.344647282263153	0.633684146471892	-5.86352683792031
3126	-0.547850267425004	4.95580567212348	-0.987366471287143	0.345087567305307	0.633789829751798	-5.86442834570497
789	-0.303222488327642	1.12452528307495	-0.987233756038851	0.345149709412765	0.633789829751798	-5.86455546023018
3851	0.139124950332985	1.62073460414113	0.987084175388179	0.345219758296551	0.633789829751798	-5.86469871143987
2463	0.524767686458047	2.36519691223235	0.984892464943515	0.346247328983431	0.634653120592403	-5.8667956161672
3308	-0.235841455073919	2.62072373015466	-0.984839396588504	0.346272237374111	0.634653120592403	-5.86684634102376
1939	0.303967178035695	1.87581830231216	0.98461578835423	0.346377205429922	0.634653120592403	-5.86706004980656
490	-0.562839855072243	4.67919492598514	-0.984614983225868	0.34637758342191	0.634653120592403	-5.867060819218
2025	0.130688121616135	1.1397634684972	0.982004124206255	0.347604910843844	0.636317115253499	-5.86955310859596
3007	0.321080072918684	1.2277547527983	0.98194986674028	0.34763045001796	0.636317115253499	-5.8696048437215
2247	0.26312630969549	1.56961332450383	0.980022027470069	0.348538776401016	0.637663608757459	-5.87144151927254
783	0.249661988505607	2.12252488754546	0.979097613773546	0.348974937200367	0.638145353216323	-5.87232115494165
417	-0.248646592656117	1.30376684836133	-0.977834119145494	0.349571725680931	0.638920203571287	-5.87352232993113
3374	0.142362328341162	1.71608407876097	0.976365480770759	0.350266340699681	0.639798509940792	-5.87491690828435
405	0.147550061947044	1.5981390699961	0.97608553495699	0.350398858911235	0.639798509940792	-5.87518253909097
2267	0.278943756394915	0.628190715249489	0.975471596044694	0.350689607061974	0.640012866669702	-5.8757648622213
3904	0.121351734699687	1.4888388496224	0.974939662404999	0.350941660707095	0.640110782206577	-5.87626915636819
764	-0.236570448987426	0.595062660786912	-0.974372153023187	0.35121071647667	0.640110782206577	-5.87680692510694
2344	-0.392663411074809	2.04618207028084	-0.974261082528309	0.351263392402634	0.640110782206577	-5.87691214436874
1722	0.52868652492713	3.27000421473665	0.9728555012682	0.351930493405039	0.640764087660601	-5.87824281548254
1235	0.35970128642309	1.0427752859838	0.972493565030097	0.352102419928185	0.640764087660601	-5.8785852031514
358	-0.322148740323942	2.07972457022962	-0.97240908005392	0.352142560634713	0.640764087660601	-5.87866510971235
1937	0.347098784467899	2.17934759685101	0.971442112629484	0.352602224515657	0.641284439858032	-5.8795792628937
98	-0.281701201389178	2.14437075630074	-0.970850850879392	0.352883504367965	0.641441477649624	-5.88013785714463
2280	0.185889444091874	1.56596660203452	0.970016765846938	0.353280578059179	0.641441477649624	-5.8809253761318
2725	-0.138787025859888	1.67949205405357	-0.968820155784366	0.353850799175114	0.641441477649624	-5.88205419422689
744	-0.217484022499391	1.04415367686656	-0.968511236404179	0.353998116642681	0.641441477649624	-5.88234542338532
3287	-0.192419666206952	0.718140759084701	-0.968386331674957	0.35405769378872	0.641441477649624	-5.88246315344851
3846	-0.172576089106345	1.53953888573773	-0.968050078884962	0.354218115887173	0.641441477649624	-5.88278002849524
2775	0.16979864124275	1.52778081223781	0.967816154538199	0.354329749305551	0.641441477649624	-5.88300041792843
3705	0.389520782422905	1.82286322901833	0.967704173064878	0.354383198118578	0.641441477649624	-5.88310590438551
2433	0.291940608055174	2.29945962840134	0.967630883087675	0.354418182614254	0.641441477649624	-5.8831749379652
123	0.264361421118234	1.39556128318575	0.967392105897045	0.354532178661878	0.641441477649624	-5.88339981761202
3334	0.163040705269194	1.21253340344395	0.967250721929612	0.354599690109123	0.641441477649624	-5.88353295076008
623	0.126799830920313	1.58189081921514	0.966797685044729	0.354816079688921	0.641506886713405	-5.88395944003344
1936	0.454691159875633	2.16116790752402	0.966089747534168	0.355154411459865	0.641506886713405	-5.8846255586841
2239	0.307353622878482	0.838258870779392	0.966084088056647	0.355157117129523	0.641506886713405	-5.88463088220551
2053	0.408624996925668	2.79440635006188	0.965486376729759	0.355442953309398	0.641709234043178	-5.88519296564105
351	-0.203076105830497	0.774679547282798	-0.964530763253714	0.35590028942354	0.642014378191619	-5.88609101353979
1948	0.358707645000364	1.9106146983705	0.964406564314698	0.355959759522818	0.642014378191619	-5.88620767620955
928	0.219878275261161	0.829895259828673	0.96399566933578	0.356156559177523	0.642055672111042	-5.88659354894792
1184	-0.233287998284571	0.884730369196486	-0.963446873994566	0.356419529059286	0.642216154849626	-5.88710870981766
1713	0.47253283618754	4.32098730847963	0.962608360711276	0.356821595236264	0.64234442827149	-5.88789535847097
1418	-0.13666975819431	1.1113774250397	-0.962572736403695	0.356838684286248	0.64234442827149	-5.88792876661389
499	0.254758321489548	3.04850287287517	0.961538713437756	0.357334964093489	0.642819804317488	-5.88889801276595
2115	-0.581169880710669	3.31705585875702	-0.961297115249185	0.357450990862352	0.642819804317488	-5.88912435025529
1909	0.353232449661946	2.30075898188275	0.960509209140155	0.357829568765617	0.642948663899135	-5.88986215688128
3179	-0.323411245015993	2.8262803126774	-0.960423146110228	0.357870938329556	0.642948663899135	-5.88994271685142
2348	-0.274520281580344	2.24395336180583	-0.959348671059023	0.358387716587484	0.643563934650288	-5.89094797862328
491	-0.545540076724452	4.42263710532454	-0.95874271190618	0.358679394626542	0.643774586757993	-5.89151448860798
1628	0.151267579120203	0.440524243048027	0.956927599966836	0.359554118907867	0.64503100437699	-5.89320963766454
2206	-0.458352569805293	3.04705730249504	-0.95566517359087	0.360163400425022	0.645473508991955	-5.89438704042208
2055	0.277905226026046	1.70734884973777	0.955383230931892	0.360299574886041	0.645473508991955	-5.89464981629899
328	-0.418871670079564	1.86868915998587	-0.955079751796165	0.360446192473189	0.645473508991955	-5.89493259187619
1195	-0.296620660070293	0.849164590741125	-0.954404462051189	0.360772593774069	0.645473508991955	-5.89556154235082
2072	-0.297239646423664	2.48102835298998	-0.95430268417454	0.360821806497943	0.645473508991955	-5.89565630371806
3299	-0.330635403046178	2.28654875190741	-0.95399913377476	0.360968611028219	0.645473508991955	-5.8959388771448
1080	-0.24601650999284	1.58911251673192	-0.953883402880653	0.361024592651243	0.645473508991955	-5.896046590538
3523	-0.445647171576912	1.42779871095529	-0.95285080903238	0.361524357091073	0.646054175401859	-5.89700716357983
667	-0.224986238064496	0.821392386441556	-0.950606758901031	0.362612163209412	0.647684618562723	-5.89909168321161
1199	-0.227685537005717	1.76667698891879	-0.949891454309818	0.362959400266531	0.647991347090925	-5.89975526825849
794	0.229468775723597	2.24818343767333	0.94888356792843	0.36344907197762	0.648551944775917	-5.90068956734272
580	0.244618216878334	2.56008216307588	0.946925579794352	0.364401691954576	0.649937703718017	-5.90250221474115
877	0.16280367374041	0.479281202312939	0.946017555656702	0.364844078271175	0.650412523890478	-5.90334176699452
3912	0.286490026684776	2.10994936204028	0.945615913597099	0.365039879297843	0.650447506934187	-5.90371290588794
1895	-0.246239621263416	1.27084766841609	-0.945241572536135	0.365222438625991	0.650458872844747	-5.90405869769487
2016	0.369903896496943	0.84318202745667	0.944829960097113	0.365423249785715	0.650502718519219	-5.90443878525775
2202	0.579216295529839	3.00885444534508	0.944245330843995	0.365708605229092	0.650696949641353	-5.9049783987961
1167	0.211752443432981	1.53637753229403	0.943315561739738	0.366162749772203	0.651191171560199	-5.90583599717545
3409	-0.204968945872354	1.52425550904449	-0.942119600230293	0.366747507142377	0.651486429484164	-5.90693807837758
1930	-0.311125705011365	1.31516305299724	-0.94202238584989	0.366795068712344	0.651486429484164	-5.90702760984507
3901	-0.212988959828398	1.22742873371939	-0.941335781619493	0.367131111056221	0.651486429484164	-5.90765972948339
975	-0.282097181670121	1.50560929104918	-0.941296730035931	0.367150230531897	0.651486429484164	-5.90769567049644
2474	0.298718436873706	0.794001655517119	0.941059202883984	0.367266538018869	0.651486429484164	-5.90791425084243
1873	-0.294500232979059	2.0388453736598	-0.94081217383896	0.367387526052554	0.651486429484164	-5.90814152578501
3433	0.372183895333705	2.44812195700693	0.939750684666172	0.36790773746173	0.651826675091159	-5.90911755822757
2218	0.291043476105877	2.43209253596162	0.939352807148782	0.368102863188679	0.651826675091159	-5.90948316445911
118	-0.297715677940581	1.87150143253942	-0.939340191443173	0.368109051344818	0.651826675091159	-5.90949475478529
3667	0.372327324065425	2.03603159649637	0.938293602157155	0.368622674010551	0.65223224770593	-5.91045582174971
1933	-0.295961635764583	0.901489321505553	-0.938153611811267	0.36869141412846	0.65223224770593	-5.91058430415991
3051	0.236215238466239	1.66936731118491	0.937487940070663	0.369018406860993	0.652388093080852	-5.91119503270008
738	-0.267640359465705	1.15778727628795	-0.937254928281632	0.369132916155444	0.652388093080852	-5.91140872565897
682	0.315063459606885	2.88627219961775	0.935538608624817	0.369977148046105	0.653264829552357	-5.91298136377173
907	0.234775882893853	0.985633161203381	0.935526984015738	0.36998287069176	0.653264829552357	-5.9129920069229
2734	-0.267167108818332	3.08571164347676	-0.934802308647149	0.37033974324793	0.65358237670715	-5.91365527773622
2432	0.417883093421349	2.20369274916959	0.933933667953641	0.370767834878039	0.654025249101634	-5.91444974250381
424	0.20366955261881	0.847494800048896	0.932945727008017	0.371255148086266	0.654242903946088	-5.9153525608727
2716	-0.218496749827134	1.84373039586113	-0.93277348912567	0.371340152909312	0.654242903946088	-5.91550987571853
1728	0.414647109805626	2.85302282663356	0.931924160388882	0.371759525362753	0.654242903946088	-5.91628525750374
1903	0.232265384915713	1.02154574795035	0.931691420551696	0.371874503768244	0.654242903946088	-5.91649762946533
1715	0.557306915543193	4.1164397543853	0.931614643487974	0.371912438794148	0.654242903946088	-5.91656767765243
3403	0.185968675476497	1.86036821021505	0.931342215933506	0.372047065543155	0.654242903946088	-5.91681618975057
228	-0.259030010670581	3.36834679713778	-0.931171063077396	0.37213166259122	0.654242903946088	-5.91697228623224
3436	0.11810672393819	1.24580460177695	0.930259135672147	0.372582637921982	0.654251557100182	-5.91780358159902
625	0.191966565197968	2.04523405091109	0.930058659585932	0.37268183124392	0.654251557100182	-5.91798623924127
3826	0.262169080860594	1.05284211891805	0.929829276557835	0.372795350349418	0.654251557100182	-5.9181951936603
3898	-0.218439580844987	1.13602482359575	-0.929728126695321	0.37284541607226	0.654251557100182	-5.91828732135492
2378	-0.182725572328493	1.42331201401293	-0.92930468762359	0.373055055640024	0.654308439630863	-5.91867289918077
1585	-0.199897235870308	1.81756729014244	-0.927739143256648	0.373830862593165	0.65535780849666	-5.92009717016833
2942	0.18719952957822	2.32382916947382	0.92717893715589	0.374108750461061	0.655533700380748	-5.92060632930541
2241	0.301179596648876	2.32719253790899	0.925659635492112	0.37486312911896	0.656393110996413	-5.92198587691057
1724	0.346269573267679	3.19770690001479	0.925424082571828	0.374980184409374	0.656393110996413	-5.92219959051883
3229	-0.21823407760877	0.958717543722613	-0.924904043875543	0.375238703080916	0.656393110996413	-5.92267125039391
921	0.230602784412367	0.937986813215697	0.924759938469785	0.375310362219238	0.656393110996413	-5.92280190997772
3032	0.191851122359406	1.30398467152188	0.92205932551472	0.376655081603649	0.658169076440738	-5.92524734424423
108	-0.564668545670991	2.85631166637524	-0.922004620463116	0.376682356045309	0.658169076440738	-5.9252968175092
102	-0.165864382542844	1.20428921230163	-0.921603326724278	0.376882472723279	0.658207232400352	-5.9256596567915
365	-0.324048555930921	2.06351268146871	-0.920555180467209	0.377405514726436	0.658281573620957	-5.92660673017691
3470	0.399005305154415	2.34202375986406	0.920495955143654	0.377435084393424	0.658281573620957	-5.92666021706206
2749	0.177474251494304	1.5858326369776	0.920446178044629	0.377459938070305	0.658281573620957	-5.92670516891485
1409	0.389854690904386	1.23885641444143	0.91971115931156	0.377827066795457	0.658610732109928	-5.9273686965947
866	0.166116421177068	2.03706642049934	0.91911691563751	0.378124064793246	0.65881738896492	-5.92790481220036
3887	0.243024449479192	1.08903860712328	0.917979454755831	0.378693016770548	0.659264567601204	-5.92893018653024
2026	0.119886546544051	1.16000339915827	0.91716757968711	0.379099480881715	0.659264567601204	-5.92966139806732
978	-0.199781629805898	1.45821492257757	-0.916927806313167	0.379219581789365	0.659264567601204	-5.92987724356825
88	0.526157956774359	4.00607079800183	0.916918693273698	0.379224146979003	0.659264567601204	-5.92988544623659
3267	-0.198936189378051	0.908851680989392	-0.916820082525906	0.379273548641646	0.659264567601204	-5.92997420156706
4000	0.178105012577562	1.06424199825521	0.91531765397211	0.38002678998416	0.66026301582189	-5.93132546859718
255	-0.208244608120922	0.687573531139271	-0.914254663068753	0.380560354492219	0.660879035176516	-5.93228037071501
732	-0.156538239870861	0.952716057856498	-0.912825310351579	0.381278642373443	0.661815114077457	-5.93356289174085
2060	-0.424286509961371	2.15512486122111	-0.91224164898519	0.381572221311257	0.66201345915468	-5.93408610426687
3425	-0.121343205382129	1.17750360212669	-0.910550154380836	0.382423931101911	0.662211819218214	-5.93560080219526
1908	0.287394607483195	2.44221497704168	0.910445499777969	0.382476671069275	0.662211819218214	-5.93569443945636
3695	-0.168776840925777	1.72876033431857	-0.910300751554393	0.382549624345123	0.662211819218214	-5.93582393442094
1132	-0.371173993255687	1.51761412613845	-0.910212122034524	0.382594298543115	0.662211819218214	-5.93590321568341
576	0.277573823438247	2.59967677294294	0.90989214402712	0.382755615658186	0.662211819218214	-5.93618938900438
2295	-0.245130209362055	2.0109872766453	-0.909878022281185	0.38276273624368	0.662211819218214	-5.93620201685412
720	0.244332143860259	0.970098551109905	0.909223153172581	0.383093041839503	0.662325427110243	-5.93678742572036
3106	-0.218264499700915	0.743176944173243	-0.909036562336288	0.383187191849263	0.662325427110243	-5.93695415953176
3899	-0.141076549370432	1.35106098959681	-0.907866278888187	0.383778063156599	0.662821510081515	-5.9379992352692
3453	0.346275550228307	2.60471824645789	0.907757024076113	0.383833258004951	0.662821510081515	-5.93809674234997
191	-0.195653848363024	2.37480755783519	-0.907002614744555	0.384214532555398	0.663169730806231	-5.93876975965129
1958	-0.27023753432379	1.22690073677662	-0.906568084408152	0.384434262186961	0.663238923361804	-5.93915719234615
2423	-0.375622258646708	1.10846452279369	-0.905432508896544	0.385008905453945	0.663599685988988	-5.94016893702423
2458	-0.373691030944904	2.53122022827459	-0.905153911356865	0.385149977835448	0.663599685988988	-5.94041698891484
3360	0.386776252414774	2.22537471798149	0.90508951463977	0.385182591298592	0.663599685988988	-5.94047431584617
2601	0.364813675673425	2.30704581772874	0.904105771499514	0.385681044131311	0.664148514427611	-5.94134962555534
1384	-0.915716835112796	3.88876115713925	-0.903267462082893	0.38610616267438	0.664365389758149	-5.942094889924
2564	0.253621051286845	1.06361762034411	0.903147780701381	0.386166881479141	0.664365389758149	-5.94220123950044
162	0.216980269926743	1.48337886816146	0.898593636466327	0.388482321714039	0.668037602127728	-5.9462391195766
2018	0.339575490510877	1.89720635897657	0.896982677743646	0.389303684515684	0.668888899319776	-5.94766327295466
221	0.299569455360875	1.75131643487358	0.896912055528217	0.389339719566143	0.668888899319776	-5.94772565578857
797	-0.238397253789288	1.01915374297243	-0.895221234826575	0.39020315539077	0.670060488233825	-5.94921795416342
521	0.266539292994704	2.95024301454417	0.894223470735383	0.3907132985513	0.670624592399535	-5.95009743627186
3232	0.306405121351809	2.76677763188274	0.893666414463066	0.39099831533321	0.670801942476864	-5.95058808925831
1963	-0.214826482340508	1.28304649215188	-0.893168112238409	0.391253393067761	0.670927787833802	-5.95102676966007
2364	-0.495526468764051	0.992344122457878	-0.892685362497098	0.391500619767092	0.671040059507941	-5.95145155822734
3184	-0.212493259499757	2.35758406492714	-0.891890124431541	0.391908115002339	0.671426803057371	-5.95215088657285
2747	0.262715295428194	0.873491198372098	0.891132903428924	0.392296403033799	0.671595570426496	-5.95281628564758
2456	0.238984731851155	1.54510214571251	0.890683133034395	0.392527162724767	0.671595570426496	-5.9532112863967
2186	0.619916489385845	3.22172256409287	0.890634070567823	0.392552340460558	0.671595570426496	-5.95325436404813
2263	0.148139439628172	1.35239292934241	0.890123689918113	0.392814322554229	0.671732505266426	-5.95370236577605
3880	0.138156512648852	1.48440522941318	0.88962281421614	0.393071543506207	0.671861175289313	-5.95414180980857
3528	0.223711749671769	2.43360646311981	0.888916398992315	0.393434516103225	0.672170399561827	-5.95476122306215
3128	-0.403909786367752	3.66553700935575	-0.887385235161129	0.394222060592418	0.673204369892325	-5.95610235742043
2669	0.140260672260407	1.85515449533221	0.88584985254104	0.395012869961549	0.674187667663012	-5.95744519083993
3673	0.361198019251472	1.51352737252969	0.885417014065299	0.395236004500226	0.674187667663012	-5.95782338653333
2219	0.375193149709966	2.73724910499317	0.885204300204931	0.395345693523949	0.674187667663012	-5.95800918850745
2	0.547731308288024	3.42527188375921	0.884272779492581	0.395826293687811	0.674570130036075	-5.95882240372097
3114	0.223195819314645	1.96626280257048	0.88387723704102	0.396030488242139	0.674570130036075	-5.95916748840735
1141	-0.251795528361655	0.994305427793331	-0.883707559936399	0.396118104528226	0.674570130036075	-5.95931547975404
4015	-0.132578125388687	1.20705840139039	-0.882533939171449	0.396724494437901	0.675073932029666	-5.96033843497605
1514	0.358737538846323	2.27025546259857	0.882108867128718	0.396944279924962	0.675073932029666	-5.96070864890866
3089	-0.178311018901251	1.42195369529956	-0.881324414657502	0.397350105309566	0.675073932029666	-5.96139145971168
3315	0.20346016555222	1.66076885959388	0.881191652428057	0.397418816276782	0.675073932029666	-5.96150696813438
761	0.233353028306448	1.27000497826178	0.881068783103008	0.397482414481711	0.675073932029666	-5.96161385597901
906	0.202341341313266	1.14834319599865	0.881013500563821	0.397511031482258	0.675073932029666	-5.96166194378941
3598	0.368047758070477	1.82737786590039	0.88041721279819	0.397819790090498	0.675287662075456	-5.96218046261132
1635	0.278888299456048	1.94743963149212	0.878718081567057	0.398700509048364	0.676335991304874	-5.9636563304225
1152	0.182801975031448	0.402919805286541	0.878519068631091	0.398803752186	0.676335991304874	-5.96382903253479
2320	-0.427094832778887	0.921647924008749	-0.877894312079329	0.399127980501867	0.67657507071299	-5.96437097297
531	-0.240350536478824	0.880261791782158	-0.877382439287705	0.399393761023311	0.676603576634786	-5.96481474539443
3407	-0.210313504864721	0.537840746771629	-0.877156102648169	0.399511320981536	0.676603576634786	-5.96501089866089
3178	-0.318946022106404	2.75230689201988	-0.875764328488903	0.400234736112544	0.677495530012746	-5.96621611138983
1860	0.565484085521715	3.67360901507531	0.875235155602203	0.400510025302657	0.677495530012746	-5.96667391748965
1799	0.25513525839316	1.84411540472382	0.875084353901193	0.400588500004828	0.677495530012746	-5.96680433761715
3553	-0.355668859419825	2.6352513032945	-0.873253648964091	0.401542011176149	0.678797209369203	-5.96838606617467
2356	0.194727074182376	1.11319006037506	0.872797996972358	0.401779576649298	0.678887962008791	-5.96877930467735
3242	-0.243214874060561	2.26233305233474	-0.872206474993701	0.402088125183361	0.679022794377049	-5.96928953767787
3122	-0.364954268196241	4.52355901005035	-0.871939939871058	0.402227207828441	0.679022794377049	-5.96951934693983
3889	-0.240573662763485	1.19035432371789	-0.86914352129672	0.403688416568437	0.680744731713864	-5.97192678627104
1217	0.123870736743553	1.07252778331047	0.869046961183704	0.403738936854818	0.680744731713864	-5.97200979550481
3672	-0.242019321177364	1.3762010175227	-0.868666674558679	0.40393794505722	0.680744731713864	-5.9723366365631
717	-0.286921564373373	1.46431778067683	-0.86817452139586	0.404195593941878	0.680744731713864	-5.97275943867059
2623	0.289555515482058	1.54141798073194	0.867930373131968	0.404323450616875	0.680744731713864	-5.9729691061919
1218	0.186752238927262	1.66807731480837	0.867501007678718	0.404548369804764	0.680744731713864	-5.97333770912365
3964	0.285335034306919	1.95206224433713	0.867405597230156	0.404598361323314	0.680744731713864	-5.97341959593279
1766	-0.389375461303897	2.79187424210357	-0.867169114497245	0.404722287679288	0.680744731713864	-5.97362252559289
1812	0.315805994997711	2.13127292193122	0.864936452635388	0.40589357081438	0.68240394510323	-5.97553604734764
3415	0.156387407230221	1.56691240746269	0.861325401073956	0.407792871561051	0.685010591065734	-5.97862188118885
406	0.130195536303866	1.54522456392174	0.861283243181023	0.407815081029925	0.685010591065734	-5.97865784122663
3171	0.23061566532807	2.40341396073412	0.859272122424394	0.408875530143955	0.686479516731006	-5.98037152246311
3083	0.125126639512889	1.34239241863195	0.858809343806675	0.409119815392087	0.686577435648903	-5.98076536528803
539	-0.112754750326034	1.30237539890987	-0.85802287207502	0.409535195149511	0.686962262831438	-5.98143426121613
757	0.242894240081286	2.58151596048269	0.857334925032315	0.409898773674671	0.687259887559893	-5.9820189253786
1176	-0.234160714793958	0.463955694356543	-0.85588402730605	0.410666289382157	0.688234199000874	-5.98325066142974
3637	0.114932397568662	1.26758520582193	0.854933654516313	0.411169559528368	0.688764979028463	-5.98405649548711
143	-0.165410924541244	1.57849469112722	-0.854421260556122	0.411441071579278	0.688803333375604	-5.98449063845626
3739	-0.209221694297498	1.47225827081581	-0.854114313940869	0.411603777570391	0.688803333375604	-5.98475060090647
3053	-0.238093565254566	1.26124590099428	-0.853834469840131	0.411752155135416	0.688803333375604	-5.98498753864235
2524	0.381580329142708	1.85251980068802	0.853271312735106	0.412050859531967	0.688879139007838	-5.98546414652364
555	0.242701837228161	3.00599157686865	0.853045556769564	0.412170644113845	0.688879139007838	-5.98565513023116
3353	0.141062207333803	1.8678494821921	0.85185446476842	0.412803020408752	0.6893269574979	-5.98666203547513
199	-0.175999750667474	2.29418190611594	-0.851517445268433	0.412982070592548	0.6893269574979	-5.98694671717008
1058	-0.442804007580136	1.63990307796577	-0.851153092399274	0.41317570151632	0.6893269574979	-5.98725437719934
902	-0.167827315945338	1.05643820552631	-0.851134815279952	0.413185416290047	0.6893269574979	-5.98726980740427
691	0.280846263424595	2.4067642165313	0.850319550720709	0.41361890841818	0.689738486847299	-5.98795778989771
3940	0.300542325074367	1.80645737806216	0.848921806976715	0.414362832458242	0.690388448342102	-5.98913597717911
2260	0.249613085652124	1.79760886210391	0.848884566073085	0.414382665635454	0.690388448342102	-5.98916734522818
3197	0.223897707626226	3.08023524680935	0.847213455702309	0.415273300358273	0.690705717994729	-5.99057368934739
1499	-0.169259685918847	1.13938871975184	-0.847117479039566	0.415324491326043	0.690705717994729	-5.99065438640905
3833	0.158272619107427	2.53116349313289	0.846660082442763	0.41556851103486	0.690705717994729	-5.99103885545725
1891	-0.28001117255509	1.75267011831909	-0.846376668340855	0.41571976020053	0.690705717994729	-5.99127699106303
3488	-0.312492876658471	2.31555264292654	-0.846173271374496	0.415828329661321	0.690705717994729	-5.99144785031324
137	-0.156154566092574	0.479000038703327	-0.845886006288565	0.41598169896099	0.690705717994729	-5.99168910019722
3639	-0.128095496398401	1.16751336775176	-0.845831565619507	0.416010768849374	0.690705717994729	-5.99173481230659
211	-0.200540604712788	1.70268058909203	-0.845721116581403	0.416069749951321	0.690705717994729	-5.99182754499339
1263	-0.255446122337972	1.75146615961447	-0.843948143532045	0.417017311351855	0.691264645513504	-5.99331468263945
1630	0.163308338439312	0.614905867066283	0.843842909129699	0.417073599367762	0.691264645513504	-5.993402865773
1304	0.18861486852763	0.461909697904085	0.843719942954418	0.41713937828618	0.691264645513504	-5.99350589542388
219	0.187382583256425	1.94406402715163	0.842602594287938	0.417737407840891	0.691264645513504	-5.99444148784328
3926	-0.27377069347441	1.19803059552775	-0.842539559464883	0.417771162673202	0.691264645513504	-5.99449423671484
931	0.321620660615489	1.11072799702542	0.84245625572443	0.417815774228846	0.691264645513504	-5.99456394176172
899	0.138062442126774	1.25348275333404	0.842390872130632	0.417850791277568	0.691264645513504	-5.99461864777456
2520	0.400478769178132	2.03945127537809	0.842120165202985	0.41799579299631	0.691264645513504	-5.99484510700643
3758	-0.162702289735069	1.28350511365788	-0.841941453867367	0.418091536682463	0.691264645513504	-5.99499457273358
310	0.197411267878015	0.747680784962165	0.840686839887803	0.418764105563354	0.692066731307029	-5.99604309299596
1365	-0.141984389851039	1.71770580266256	-0.839908847570628	0.419181534477135	0.692446633239187	-5.99669259972842
87	0.445511138170049	2.53423008034533	0.839185163934077	0.419570075497141	0.692778496751093	-5.99729629533027
236	-0.147507476733707	0.72602672680044	-0.838042086553937	0.42018427949759	0.693482503310283	-5.99824892217349
502	-0.358013534742142	4.04251938089687	-0.836633504585227	0.4209419763359	0.694422599031342	-5.99942125631907
2045	0.430271777237581	2.8184276334185	0.835744407975659	0.421420706389689	0.694549046851341	-6.00016034564206
3329	-0.170503861213878	1.30256825300902	-0.835599225232288	0.421498914069911	0.694549046851341	-6.00028096805515
1924	0.191892914521934	1.75713242573491	0.835345488523859	0.421635621459203	0.694549046851341	-6.00049173652345
2086	0.165787311147707	0.889090279403858	0.834841525823099	0.421907232944023	0.694549046851341	-6.0009101912014
3217	-0.413279686143792	4.20271699268616	-0.834745054930878	0.421959239460336	0.694549046851341	-6.00099026855624
2380	0.175004720052119	1.41673170122102	0.833174692677095	0.422806410883641	0.695633364074154	-6.00229263645552
2316	0.312889110779019	0.967286834281221	0.832523932803342	0.423157813404701	0.695901401821896	-6.00283171008111
6	0.508610477735827	2.59801536917248	0.831148076835464	0.42390140276383	0.696303643349526	-6.00397022139649
3305	0.25414391954492	0.755059081503546	0.830753232516194	0.424114960035906	0.696303643349526	-6.00429664776619
464	-0.299120188151831	1.6454178268076	-0.830676036396708	0.424156721085033	0.696303643349526	-6.00436045159466
1954	0.26867717311328	1.95408058906102	0.830667573826115	0.424161299278106	0.696303643349526	-6.00436744572881
2972	0.163487352480409	2.10167047359537	0.830327332711235	0.424345394782349	0.696303643349526	-6.00464859604722
660	-0.114604064198594	1.4790449040408	-0.829070047642234	0.42502614204456	0.697110846925151	-6.00568664866926
2360	0.171214690268105	0.516451562568489	0.82836778803741	0.425406692527337	0.697331664828742	-6.00626585534748
224	0.178751331862497	2.34951415657366	0.828124601839345	0.425538526776586	0.697331664828742	-6.00646632912015
2541	0.28158909529439	1.88252788118899	0.826326076003851	0.426514376729208	0.698620709354143	-6.00794736517016
479	-0.153128272636663	2.13123747374157	-0.825610653161551	0.426902967847586	0.698947120750904	-6.00853571072334
818	0.214835684976333	0.98483073792038	0.824723732710793	0.427385037687926	0.699199346866525	-6.00926447071592
3518	0.384238168825272	2.21907796932206	0.824630401904926	0.427435787074146	0.699199346866525	-6.00934111828991
3835	-0.267463509850435	1.08258463420546	-0.822886980849184	0.428384524387756	0.700205450814165	-6.01077149642363
1262	-0.274683475016669	1.06804762136492	-0.822803203213273	0.428430149888732	0.700205450814165	-6.01084016428557
2800	0.111589623675995	1.34459944914461	0.821584412296696	0.429094272031974	0.70098055413365	-6.01183844477509
1335	-0.762258760399124	3.1101587699766	-0.821190580571319	0.429309018176519	0.701021183152459	-6.01216074435184
829	0.117450588314739	1.59860296868956	0.820450913527432	0.429712532348046	0.701197162175164	-6.01276569771886
3734	0.123937479998847	1.11519823120126	0.819778811954174	0.430079405668768	0.701197162175164	-6.01331497565258
450	-0.190036995563098	2.25287165692056	-0.819436945256334	0.430266096804385	0.701197162175164	-6.01359421586694
711	-0.162041412817432	0.922235747348359	-0.819322943771927	0.430328364221856	0.701197162175164	-6.01368731067807
18	0.447821677247753	4.11408772159671	0.818957389117504	0.430528069905781	0.701197162175164	-6.01398574964614
2999	-0.161060483195647	1.50917527772607	-0.818880870744954	0.430569880343462	0.701197162175164	-6.01404820445448
1969	0.250512901729963	1.49505853833968	0.818558141940516	0.430746252387127	0.701197162175164	-6.01431156140191
2715	-0.163525439727984	1.77766823512868	-0.817780649836057	0.43117135049464	0.70130387077746	-6.01494564470225
3344	-0.235636195263266	2.09872466690332	-0.817657419662605	0.431238752815068	0.70130387077746	-6.01504609634952
3722	0.109854843877077	1.07541693309817	0.817271966313469	0.431449626571776	0.70130387077746	-6.01536021446053
163	0.227907035646361	1.61598313993962	0.817049046361402	0.431571612786129	0.70130387077746	-6.0155418194994
3309	0.126909306735079	1.67064931521091	0.816358916232	0.431949410627228	0.701598565003692	-6.01610376784443
261	0.183548351435526	0.81115778635613	0.816023644790259	0.432133027307258	0.701598565003692	-6.01637661659993
2176	-0.161678325411943	1.40864130288137	-0.815265749677448	0.432548291042777	0.701712209021226	-6.01699303905647
2964	-0.15437190096715	1.82395853738822	-0.815202151774585	0.432583149439954	0.701712209021226	-6.01704474251266
2443	-0.277633499849555	1.4780489508727	-0.814810782974637	0.432797702003446	0.701751917345948	-6.01736283709748
1135	-0.113018288269853	1.56368989222222	-0.814420161845275	0.433011914922385	0.701791040339528	-6.01768018988596
2143	0.425572495736674	2.74982826335376	0.813398715938659	0.433572397758358	0.702391089304018	-6.01850941097889
2200	0.398608168536671	2.21390495814734	0.812776367851104	0.433914124729772	0.702636380922069	-6.01901419064083
144	0.310033245974195	2.37278607607968	0.811974473701078	0.434354701655518	0.703041454849703	-6.01966409622814
1780	0.276055744542498	2.27500294501862	0.811418537839871	0.434660317555096	0.703227823143476	-6.02011432987368
3283	-0.192271737204874	0.606035920805174	-0.810598268046505	0.435111505693471	0.703649443285281	-6.02077814222314
2799	0.207004915408737	0.905559657301796	0.809618410179362	0.435650880146854	0.704048433899293	-6.02157032705261
30	-0.218522795757749	1.70265340700106	-0.809456982403648	0.435739782301512	0.704048433899293	-6.0217007553556
1890	-0.263779115938499	1.98585871692741	-0.808847735404617	0.436075417073462	0.704048433899293	-6.02219280011453
2490	-0.288415166658734	1.30811704302027	-0.808764998901454	0.436121009839567	0.704048433899293	-6.02225959520437
3839	-0.164538088304146	2.35614769685031	-0.808170638642553	0.43644863031134	0.704269380729662	-6.02273925877762
1940	0.317119690392162	1.89856410367152	0.807482295072596	0.436828258497014	0.704396890481632	-6.02329438039741
2287	0.319047857287852	2.79985073999275	0.807335527175743	0.436909230553341	0.704396890481632	-6.02341268886072
272	-0.161289637473843	1.89055391720166	-0.806472326467914	0.437385659668097	0.704857204493503	-6.02410812414426
2149	0.251494540310501	1.65665994746873	0.805449740567473	0.437950501206328	0.704947409376339	-6.02493111777692
1597	0.194710171520954	0.697551362994128	0.805350156342232	0.438005533767774	0.704947409376339	-6.0250112155016
935	0.173305120334641	1.02760215326785	0.805334018962073	0.438014452088115	0.704947409376339	-6.02502419431857
1760	0.339959610168479	4.34345347386458	0.803346849562183	0.439113573860556	0.706408415988311	-6.02662065991794
3207	-0.166227009956084	0.961664309329892	-0.802453001412933	0.439608559955166	0.706814761246065	-6.02733762932666
3735	-0.2116560365268	0.545143201471733	-0.802199417442185	0.439749053787164	0.706814761246065	-6.0275409044882
2368	0.240696488698433	2.26699461645172	0.801258068986044	0.440270849458824	0.70734550748563	-6.02829500100589
70	0.360980084018263	2.53707432517563	0.799827716218861	0.441064480658095	0.708312336924613	-6.02943933092114
558	0.242025898360511	2.25020982181745	0.798956453644331	0.441548359961385	0.708781106511928	-6.03013548365812
387	0.215786886125559	0.778092387239986	0.797572418089818	0.44231773630567	0.709707554298363	-6.03123996972989
2056	0.291801780785723	2.83352395454317	0.796598916535744	0.44285942477412	0.71001011937113	-6.03201582653335
1774	0.334570481031778	2.78830745081385	0.796542324745921	0.44289092765756	0.71001011937113	-6.03206090299497
2560	-0.254772128126973	1.7381383858455	-0.794079585944351	0.444263276765524	0.711130566335807	-6.03401977459937
208	-0.124925031856411	1.72054752027755	-0.793854364373656	0.44438891882461	0.711130566335807	-6.0341986484566
2579	0.213896128346497	1.38959313767645	0.793621747719647	0.444518710651663	0.711130566335807	-6.03438334837767
633	0.184471175334229	2.0304553500638	0.79351532447706	0.444578099287915	0.711130566335807	-6.03446783348909
3952	0.144698973671276	1.21014802382403	0.792832913423172	0.444959036347854	0.711130566335807	-6.03500933338624
2940	-0.193195635802101	2.35053252571594	-0.79267479958926	0.445047329389656	0.711130566335807	-6.03513473934266
3077	-0.229002281276923	1.17702801217317	-0.792221541147518	0.44530049875935	0.711130566335807	-6.03549411255546
735	0.256044165392769	1.14778725597608	0.792193457260493	0.445316188219226	0.711130566335807	-6.03551637331915
3307	0.366444893091267	2.89148127629169	0.791775913428302	0.445549497490708	0.711130566335807	-6.03584725794731
3166	-0.382339201118807	3.87431778818159	-0.791630174822562	0.445630950016232	0.711130566335807	-6.03596271279048
3570	0.129267907300461	1.51290668712546	0.79149126609403	0.445708594393569	0.711130566335807	-6.03607273942777
138	0.314369967699277	2.57790406224505	0.790562664438282	0.446227871719487	0.711651534509005	-6.03680782506349
2961	-0.147180227617351	1.52793297125513	-0.789333659469586	0.446915741247548	0.711904994043231	-6.03777953428971
388	-0.177648625962578	0.732021587634578	-0.78899927938797	0.447103011900864	0.711904994043231	-6.03804367878233
286	0.168767937576595	1.20819250942704	0.788635563765221	0.447306769981498	0.711904994043231	-6.03833088417931
3679	0.191060531946106	1.77075223219801	0.78848351498107	0.447391967529056	0.711904994043231	-6.03845091355597
972	-0.292220307339163	0.863581629821852	-0.788480666811436	0.447393563545623	0.711904994043231	-6.03845316174377
3824	-0.129713325091659	1.44671031439602	-0.787878304756361	0.447731189781517	0.711904994043231	-6.03892847108948
2422	-0.34091672330552	1.02719540216474	-0.787868718043971	0.447736564509313	0.711904994043231	-6.03893603312556
3310	0.140295145069047	1.4619540966876	0.78624971278636	0.448644850839159	0.713042096124913	-6.0402119386555
2284	-0.226286663448455	1.47236056640769	-0.784029941410054	0.449892119403632	0.714530112850817	-6.04195750569913
2618	0.193173042747724	1.34740894627214	0.783894709062097	0.449968177783897	0.714530112850817	-6.04206370695227
1951	0.151171192393739	0.942425090881602	0.783352493811361	0.450273218218632	0.714670318910992	-6.04248935823108
2664	0.117859811678351	1.79224180300871	0.783049711219924	0.450443616496717	0.714670318910992	-6.04272693550396
980	0.188139341320344	1.26659814061458	0.782503198145692	0.450751285791181	0.714851265954055	-6.04315554828929
2871	0.113735680262591	1.3587847032567	0.782105307342887	0.450975371126319	0.71489955783528	-6.04346743396343
3269	-0.252546273399929	1.59436008096898	-0.781042557876714	0.451574247099251	0.715541682528084	-6.04429977564405
2603	0.239765022720811	1.97457622131475	0.779894728310997	0.452221644770839	0.716260108320007	-6.04519762062614
3357	-0.24407000783464	1.58079077646161	-0.779123146945076	0.452657168402751	0.71651977076867	-6.04580049960606
1515	-0.700071723577196	3.99329443505484	-0.77891671901032	0.452773733803712	0.71651977076867	-6.04596170304302
1992	0.2749910665353	1.80567044103805	0.776644083810069	0.454058323454072	0.717961087890919	-6.04773393171475
864	0.180387662538937	1.03276053979448	0.776617365171375	0.454073439931012	0.717961087890919	-6.04775473980411
880	0.127645891565705	1.28282596293385	0.775819177324905	0.454525176545399	0.71836770197158	-6.04837606282842
1172	0.119685465051402	1.99815322762131	0.774488989049762	0.455278643702385	0.719250642939327	-6.0494102389637
3671	-0.211752104848827	1.2085824075989	-0.773874630989855	0.455626909935618	0.719253018896407	-6.04988734741627
2719	-0.136560956157774	1.78874836585365	-0.773799034986626	0.455669775514273	0.719253018896407	-6.04994603170136
3029	-0.100231738251563	1.0932667680108	-0.771048195973992	0.457231362800953	0.721409483530393	-6.05207799711595
3370	-0.213703520366223	3.04337671041018	-0.770517259462865	0.45753315855686	0.721577283806889	-6.05248870558143
1747	0.2128712913664	2.16657917996067	0.770048007359165	0.457799998038581	0.721627826366555	-6.0528514875866
834	-0.176449617458149	1.04784543384194	-0.769773538590926	0.457956120578776	0.721627826366555	-6.05306358982988
186	-0.161335451073543	2.26091433332292	-0.768682084397839	0.458577296510391	0.721999748513458	-6.05390636894297
176	0.147001548267662	0.507290890753985	0.768671603859336	0.458583263885173	0.721999748513458	-6.05391445643777
3848	-0.110606707440188	1.2741415581899	-0.766453960715327	0.459847058156391	0.723385466807022	-6.05562352498334
3638	0.102485359781141	1.16956454227478	0.766315902244995	0.459925808840449	0.723385466807022	-6.05572977648279
1838	0.415951561737412	3.67513986705899	0.766096087528224	0.460051212368063	0.723385466807022	-6.05589891330106
2776	-0.120961749138748	1.36687233824326	-0.76489546061468	0.460736552025695	0.724154682877337	-6.05682197242352
122	0.175470668564977	1.67132497632467	0.762895106513137	0.461879839874745	0.725422421009759	-6.05835699824018
251	0.239262720514084	1.77965235082955	0.762796738189176	0.46193610828655	0.725422421009759	-6.05843239109452
2305	-0.34052380523473	2.4783549994888	-0.76210679290877	0.462330892142437	0.725733696339233	-6.05896094437746
3375	0.107801967770992	1.4333863030807	0.760734295175789	0.463116869777943	0.726658513905722	-6.06001111494891
1867	0.260975080688499	1.9502731667403	0.760161975446282	0.463444867275371	0.726837506735448	-6.06044852648173
1642	-0.154645420044065	1.02713698322998	-0.759661881979408	0.463731592955811	0.726837506735448	-6.06083049578692
247	0.119174347455833	1.58119083952884	0.759195850339271	0.463998891206197	0.726837506735448	-6.06118624621763
2381	-0.235613547974257	1.63032398811677	-0.759161810341943	0.464018419115778	0.726837506735448	-6.06121222336726
2650	0.161029067643899	2.25951122796948	0.757701898848689	0.464856426998392	0.727475762961814	-6.06232535267939
2142	0.282120834678777	2.26870656082563	0.757608570282293	0.464910031520338	0.727475762961814	-6.06239644704042
2122	-0.242255549321118	2.35665707637815	-0.757050356771122	0.465230731080947	0.727475762961814	-6.06282151030371
809	0.158496624028162	2.02153344782496	0.756946768689978	0.465290259000929	0.727475762961814	-6.06290035871814
3014	0.227292851612264	1.70569629460448	0.756441336316085	0.465580780199782	0.727475762961814	-6.06328494134142
3578	0.298148008667524	2.90246356370317	0.756140313434639	0.465753862136036	0.727475762961814	-6.06351387975168
1334	0.450221501721214	3.07009978589342	0.75588624661469	0.465899977124245	0.727475762961814	-6.06370704288386
632	0.207465271804577	2.26013593794314	0.755708503282223	0.466002215440057	0.727475762961814	-6.06384214384034
790	-0.188779867510652	0.811672489074306	-0.754905320033069	0.466464385729296	0.727860493024169	-6.06445228037311
31	-0.202314264802029	1.82956072113126	-0.754506436416903	0.466694020747895	0.727860493024169	-6.06475507532691
1779	0.291703251047283	2.11756215704209	0.75404309783793	0.46696085218818	0.727860493024169	-6.06510661827006
2137	-0.188615024466826	0.644155385216028	-0.753910476993946	0.467037244846765	0.727860493024169	-6.06520720433591
1583	0.142696296019587	0.48875966577294	0.753529313170448	0.467256848121667	0.727889933939463	-6.06549620908486
2624	-0.252122844388551	2.33046093803769	-0.753193387187956	0.467450442408036	0.727889933939463	-6.06575080507435
2307	-0.277207041029078	2.42289553599428	-0.752186879025813	0.468030797922339	0.72799904606943	-6.06651302095616
3437	-0.211098428909973	1.87405435282533	-0.752167592357203	0.468041923127925	0.72799904606943	-6.06652761757652
174	-0.145825969678681	0.590400682588393	-0.752046005062286	0.468112062667613	0.72799904606943	-6.06661963006944
2461	0.170431509204728	0.520649895084276	0.750780014293597	0.468842764894918	0.728094117532594	-6.06757688905094
2188	0.304812071080844	2.80319988355157	0.750593777039255	0.468950317862249	0.728094117532594	-6.06771758727607
2236	-0.151865309987888	1.94044603674039	-0.750475060478003	0.469018885432755	0.728094117532594	-6.06780725872195
2945	0.144713944780651	1.41432133475222	0.750293436136996	0.469123799163683	0.728094117532594	-6.06794442232968
2460	-0.169894695762564	0.64765123955428	-0.750232091520333	0.469159237705861	0.728094117532594	-6.06799074335652
3146	-0.182795019992118	2.17881630349703	-0.749032154711835	0.469852777003195	0.728864055754536	-6.06889612604004
1740	0.280025136395071	1.95398267180451	0.748270592110574	0.470293280877016	0.729240988239371	-6.06947006911395
27	0.185940878461899	1.7344268513737	0.747360593274626	0.470819985440516	0.729751211690339	-6.07015519168045
2442	-0.200022308078977	1.63168892208821	-0.745530425337134	0.471880408191273	0.73108790056323	-6.07153082509765
1358	-0.890995518513836	3.78895978633228	-0.743389648534707	0.473122710915274	0.732705137877178	-6.0731360771815
678	0.190605534729028	2.45547239758126	0.742584340419786	0.4735905674254	0.73312216978389	-6.07373885916917
1922	0.263790329018651	1.93388007892405	0.74157352870714	0.474178226271902	0.733724229419891	-6.0744946307865
2071	-0.310118532096424	2.5512724986965	-0.740875937044992	0.474584054590441	0.733810690490669	-6.07501567121192
2477	0.154099217894288	1.02845383143338	0.740794205494772	0.474631616709566	0.733810690490669	-6.07507668869822
1254	-0.191114373926411	2.36104520921836	-0.740117849411181	0.47502532416141	0.733865119952854	-6.07558139634077
530	0.186546763631358	2.33271321938468	0.74005079922748	0.475064365299924	0.733865119952854	-6.075631407638
3879	0.111357971443424	1.50619368925695	0.73943772579113	0.475421431413265	0.734071923112203	-6.07608849679083
2834	0.167433868944118	2.30018688436744	0.739138283321339	0.475595893847343	0.734071923112203	-6.0763116281022
1046	0.195643914685789	0.872991617336438	0.738089379285832	0.476207327450014	0.734666370223161	-6.07709258307492
2595	-0.212463249690187	1.51246021947154	-0.737673184018991	0.476450075072375	0.734666370223161	-6.07740218179821
1511	0.373869701495228	2.48271944997911	0.737453916815077	0.476577994768275	0.734666370223161	-6.07756522668132
1899	0.260163986605816	1.94948740421502	0.737007154790924	0.476838700709901	0.734761470376024	-6.07789729925856
629	0.115803704294773	1.29720013873251	0.736086540919945	0.477376202370953	0.734826879734633	-6.07858100800369
147	0.189647939223726	1.50406699340594	0.735982156177993	0.477437171476817	0.734826879734633	-6.07865848239496
3674	0.332174280683367	2.17724871187808	0.734990737316331	0.478016482958693	0.734826879734633	-6.07939381998089
1831	-0.213447700901275	1.81450100891483	-0.734654588473596	0.478213003118963	0.734826879734633	-6.07964293943691
2502	0.24907986697419	1.99407857476484	0.734411096243744	0.478355385688106	0.734826879734633	-6.07982332701915
1041	0.184758868374897	0.495519673372189	0.733685942144014	0.478779577961999	0.734826879734633	-6.08036022712318
774	-0.121372090397684	1.14135841294759	-0.733586197727384	0.478837943682274	0.734826879734633	-6.08043403991163
3592	-0.16108517918633	1.10275385258611	-0.733552184446462	0.478857847663671	0.734826879734633	-6.08045920832446
3419	0.233164281213779	3.01410039265988	0.733544420826936	0.478862390871466	0.734826879734633	-6.08046495293236
2214	0.203211202766133	2.49622805785443	0.733528903678105	0.478871471463036	0.734826879734633	-6.08047643451765
13	0.382853830939315	3.64873837128076	0.733114029114587	0.479114294767677	0.734894049140949	-6.08078333091203
2495	-0.36272896884386	1.1211736225158	-0.731885559776668	0.479833760466856	0.735691961646027	-6.08169115143824
1594	0.228119124759862	1.63063027038888	0.730352590283923	0.480732504658624	0.736570314741937	-6.08282206567312
2965	-0.159686055942719	2.5118068721291	-0.730176444578266	0.480835841933158	0.736570314741937	-6.08295187613525
1862	0.363975180445186	2.91301821956766	0.729887891013905	0.481005154074434	0.736570314741937	-6.08316446440229
2041	0.134180909988054	1.51246960740331	0.728094995244005	0.482057988386413	0.737817269787246	-6.08448365739226
3480	0.260363759962076	1.45811029734908	0.727732941006003	0.482270769780478	0.737817269787246	-6.08474969721907
3185	-0.198555574809969	2.29542827380922	-0.727480808389254	0.482418984091661	0.737817269787246	-6.08493489529521
3845	0.243161832222607	1.78466485033984	0.726509737738683	0.482990085397109	0.738284875456357	-6.08564763054661
391	-0.259161748863467	1.95523431401323	-0.726120248603971	0.483219267823995	0.738284875456357	-6.08593326151554
1950	0.232404606192999	1.8483841942107	0.725643942411987	0.48349962676252	0.738284875456357	-6.08628237137596
1329	-0.419212180274069	2.49740771505523	-0.725394321026746	0.483646596916524	0.738284875456357	-6.08646524930845
2470	0.104569373907498	1.23188805175293	0.724095097672238	0.484411991297847	0.738284875456357	-6.08741616920611
1408	-0.240151485988567	2.36600946902943	-0.723954059602544	0.484495124380444	0.738284875456357	-6.08751930419394
2276	-0.245942849030006	2.63368811945386	-0.72370782618332	0.484640284716277	0.738284875456357	-6.08769932039399
2118	-0.225106809025709	2.39601356726206	-0.723597962640179	0.48470506053176	0.738284875456357	-6.08777962150465
2038	0.181140184812296	1.36743529821838	0.723487467995805	0.484770213858969	0.738284875456357	-6.08786037277455
3813	0.121619204996025	1.64896032540306	0.723348989260775	0.48485187571002	0.738284875456357	-6.08796155951826
1998	0.182761462045432	1.0241530851494	0.723226046126099	0.484924383256139	0.738284875456357	-6.08805137967729
714	-0.16289777027719	1.17207948242655	-0.72081101087038	0.486350048121165	0.740150196893381	-6.0898129618751
2727	-0.100071983467137	1.48919382539445	-0.720391330734735	0.486598061585729	0.740222514781422	-6.09011854224705
1171	0.130351587476165	1.62802304818022	0.719902529050789	0.486887021563447	0.740319186256583	-6.09047424873849
3245	-0.11093420869178	0.850016406756024	-0.719605525600726	0.487062649896327	0.740319186256583	-6.09069027471612
3372	0.124841242015816	1.93633770201472	0.718859423212333	0.487504018497182	0.74049694507454	-6.09123259744682
1907	0.308371645732229	2.86405733664572	0.71872978202607	0.487580734961053	0.74049694507454	-6.09132677834497
3601	0.14277344633882	1.11231926563781	0.717776360121084	0.488145160836199	0.741049134767181	-6.09201894144917
101	-0.136531014662218	1.57358595107127	-0.717437674585596	0.488345759720626	0.741049134767181	-6.09226461923747
3763	0.230287976711986	1.90095977462745	0.717095433047215	0.488548516422767	0.74105222786888	-6.09251276977041
139	0.182080861688324	1.4715820763872	0.716548650385929	0.488872558648811	0.741239214181278	-6.09290900514128
889	0.16824215528925	0.983964591759318	0.714408804665363	0.490141977984531	0.742858859901021	-6.09445704631308
445	0.231429487450546	1.56897360859821	0.713414905804509	0.490732277270317	0.743095329666384	-6.09517464041172
782	0.195487499416583	2.35416906388799	0.712991010524921	0.490984171301889	0.743095329666384	-6.09548041675063
3698	0.28158174219778	1.5459289220272	0.712978503031996	0.490991604917142	0.743095329666384	-6.09548943651106
767	0.162630208661519	0.877933051442458	0.71279093858645	0.491103088945281	0.743095329666384	-6.09562468112145
802	-0.112783521842423	0.865996337206635	-0.71153761131528	0.49184843724824	0.743767238923449	-6.09652757245055
1846	0.265533372716781	1.98458491224395	0.711366830702541	0.491950053480786	0.743767238923449	-6.09665049039798
1342	-0.615527615831652	3.33921791815205	-0.710204558645845	0.492641959587891	0.744508438312933	-6.09748631475574
2794	-0.223095102486725	2.56729222592332	-0.709578436056578	0.493014940583206	0.744515893862913	-6.09793606380476
504	-0.1408229951281	0.75590302234173	-0.709519251112744	0.493050205984513	0.744515893862913	-6.09797855820706
3313	0.204570701565049	2.36833167541222	0.709086769738451	0.493307947317436	0.744600548444797	-6.09828897930059
2473	0.20723736794708	0.83111244312166	0.707801042197362	0.494074676042202	0.745259476586117	-6.09921081749357
3809	0.242099101070208	0.960334726033624	0.707677793962184	0.494148211994262	0.745259476586117	-6.09929910392118
397	0.19544476464913	1.10001834720007	0.706938462044701	0.494589474318236	0.74543486904422	-6.09982841641622
2982	0.206176102405796	1.35329574463407	0.706806402912514	0.494668317756863	0.74543486904422	-6.09992290905148
2531	0.210854996357893	0.712042886801929	0.706242289243138	0.495005197819755	0.745638184557542	-6.10032637021585
2702	0.183965939787816	2.78322795862758	0.704772215335455	0.495883762131905	0.746380030773377	-6.10137640955012
1742	0.267806062012329	2.70421030591023	0.704741701085226	0.495902008528465	0.746380030773377	-6.10139818408946
779	0.171551431016418	2.19875124688795	0.704110576140089	0.496279489875892	0.746643796504399	-6.10184835372159
2981	0.141170526156562	1.23645507347088	0.703377256128437	0.496718315134793	0.746999600601897	-6.10237095645828
676	-0.163013538745282	0.938799794994166	-0.702955306673789	0.496970920682722	0.747075178811323	-6.10267143550767
3355	0.103003771832781	1.53273971805598	0.702303031345308	0.497361567884768	0.747214590779125	-6.10313561164289
918	0.105348905861223	1.25727318041266	0.702124645554956	0.497468435572885	0.747214590779125	-6.10326248734919
3080	0.0950940374112684	1.17586251304995	0.701767341399769	0.497682532070342	0.747232170965312	-6.10351652934666
823	-0.137596391499205	1.14720517284028	-0.700055514578414	0.498709036076114	0.748469008615046	-6.10473199944433
2466	0.161281142048872	1.71560285159261	0.699086602099733	0.499290618702649	0.748897509802459	-6.10541877084909
3569	0.116208683068033	1.47912785995065	0.698701308765367	0.499522002695945	0.748897509802459	-6.10569162853296
1178	-0.163900250799741	0.888794049914372	-0.698566329172602	0.499603078722497	0.748897509802459	-6.1057871862041
3180	-0.187110300229496	2.84555551150753	-0.697676594969172	0.500137701035468	0.749394639700872	-6.10641664529725
2262	0.134730611467992	1.97992674587327	0.693832303796321	0.502451640944494	0.751509388786566	-6.10912795638155
2626	0.160304066958856	0.714303266302239	0.693816175860611	0.502461362233481	0.751509388786566	-6.10913930236064
3567	0.140094790923219	1.67867691140174	0.693784392142352	0.50248052054907	0.751509388786566	-6.10916166145569
1052	-0.19790389023887	0.654579337040456	-0.693632735675974	0.502571940810642	0.751509388786566	-6.10926833533503
1556	0.226037722151789	1.0167093828925	0.693244625334563	0.502805944000131	0.751509388786566	-6.1095412320107
3478	-0.0916689755365291	0.960740120767416	-0.693207571254156	0.502828288444662	0.751509388786566	-6.10956727900529
3121	-0.32310884960252	4.81902193046838	-0.692966098769721	0.502973916492851	0.751509388786566	-6.10973698986877
2661	0.13356844301301	1.57812680116341	0.691734577154238	0.503717023237324	0.752194924624923	-6.11060168458329
1848	0.198484796348339	1.95759099655862	0.691530533657762	0.503840208179153	0.752194924624923	-6.11074481519086
2101	0.28651441312028	2.67490872201683	0.6910301836281	0.504142355992661	0.752341785903357	-6.11109563315487
2464	-0.25346954222954	2.77600692703004	-0.689545303107155	0.505039678636361	0.753275226022379	-6.11213538526754
2425	0.240862786079589	1.91577568862287	0.689320007985197	0.505175909976005	0.753275226022379	-6.11229296438842
4013	0.179264047137792	1.12096807818407	0.687722316313334	0.506142636524053	0.754412036353171	-6.11340909542248
709	0.203815547873025	0.875225807018769	0.685153835882185	0.50769909654509	0.756181650782792	-6.11519844971238
3033	0.116836770797228	1.40872907032389	0.684960338350568	0.507816469441388	0.756181650782792	-6.1153330036019
606	-0.113513317047553	1.13629847721987	-0.684749569408665	0.507944337470565	0.756181650782792	-6.1154795281156
2969	-0.0984532090047096	1.1447189561202	-0.683910937406714	0.508453305080689	0.756376964876675	-6.11606212854228
2804	-0.107254811533038	0.656530376156689	-0.683733399693933	0.508561092338056	0.756376964876675	-6.11618538085246
97	0.159842895789448	1.56395601682661	0.683520870309272	0.508690141871285	0.756376964876675	-6.11633288701113
1718	0.458825201022446	3.61357314149569	0.681454458327386	0.509945906860819	0.757938924368012	-6.11776489503717
1915	0.162792160871371	1.83079986668761	0.680685812331843	0.510413488594796	0.758328611626554	-6.11829654874349
3378	-0.349593728833105	1.19047309462273	-0.679525577344583	0.511119766765068	0.759033378732717	-6.11909801495508
2469	-0.211581950752283	1.99199269843789	-0.678716430399918	0.511612670108199	0.759033378732717	-6.11965621601777
3782	0.285699442873395	1.2413997023738	0.678273053546584	0.511882879760233	0.759033378732717	-6.11996182733344
1870	0.204177981666632	1.794988308294	0.678252608518609	0.511895341743255	0.759033378732717	-6.11997591529555
15	0.353625382055803	3.89622932093673	0.677827568561038	0.512154459965464	0.759033378732717	-6.12026870755914
1783	0.301666671339661	1.95381220490371	0.677630824035515	0.512274428341059	0.759033378732717	-6.1204041797299
2883	0.108354509007871	1.51037664787789	0.677506176064827	0.512350443271181	0.759033378732717	-6.12048998981322
471	-0.203530527421491	2.09109575327605	-0.677207588326355	0.512532560449801	0.759033378732717	-6.12069548460964
1730	0.419802790324471	3.21109285944769	0.674473501964454	0.514201951788335	0.761165190090712	-6.12257328474965
2031	0.186014124519561	1.47889361865504	0.674005405262451	0.514488088561495	0.761165190090712	-6.12289408060034
1129	0.127128512657073	1.89714811876688	0.673344718921023	0.514892112068773	0.761165190090712	-6.12334651443895
1618	0.176657297822286	0.811300624163097	0.673112645455843	0.51503407458781	0.761165190090712	-6.12350534033524
2636	0.140201700792076	0.982562637511755	0.672877403314929	0.515177999164572	0.761165190090712	-6.12366628356661
1716	0.400663136310954	3.78084269307838	0.672826657536726	0.515209049305712	0.761165190090712	-6.12370099502705
3562	-0.255590329314514	1.7238721977644	-0.671355895804363	0.516109456527505	0.762190445399819	-6.12470599187031
156	-0.11253687917978	0.344828728442332	-0.670253904484268	0.516784712247372	0.762882510042902	-6.12545767934051
3840	0.104369092128612	2.18636594112757	0.669886159624685	0.517010167920534	0.762910287754841	-6.12570827235872
896	-0.227839295348225	0.882942778094127	-0.66809065402815	0.518111786474755	0.764230409774189	-6.12692997403666
1964	-0.205709906226598	1.13633051516229	-0.667302585727448	0.518595737901569	0.7646387637111	-6.12746524249849
795	0.14523497992821	2.13486377457735	0.666038027690313	0.519372859069747	0.765478880513175	-6.12832293782737
3041	0.0839019525539116	1.16202691825762	0.665241067560245	0.519862975823877	0.765708578641964	-6.12886271386726
2780	-0.139254715156625	1.67915689281247	-0.66511017064451	0.519943501260944	0.765708578641964	-6.12895131274759
1424	0.146823122777369	1.53070305350722	0.66310887857353	0.521175576249567	0.767065141018397	-6.13030391191455
3959	0.240843607761522	1.65367797052917	0.662659976801377	0.521452173992398	0.767065141018397	-6.13060679351815
1929	0.192935072109387	1.33703637592767	0.662601927969751	0.521487947983796	0.767065141018397	-6.13064594627562
1103	0.108360750042386	0.722855646197561	0.661341569706394	0.522265030259271	0.767890472131507	-6.13149525465983
2294	-0.203163988313686	1.96365475198564	-0.660672964974258	0.522677539236066	0.767890472131507	-6.13194519869591
158	0.220401898837585	2.47950765413351	0.660383467768772	0.52285620967653	0.767890472131507	-6.13213988877083
3951	0.186686638059226	1.37881167834847	0.660208150355883	0.522964428645393	0.767890472131507	-6.13225775350877
2685	-0.156942770131231	1.90666531535914	-0.659658181359662	0.523303995845044	0.767890472131507	-6.13262730720408
3594	0.189842783937317	1.47609196505355	0.659625107787086	0.523324420577349	0.767890472131507	-6.13264952208057
392	-0.233884285300367	1.8742836304711	-0.659213692782825	0.523578530866504	0.767890472131507	-6.13292577588097
1898	0.38157232134542	3.06270420532669	0.658996111198907	0.523712949303124	0.767890472131507	-6.13307181177922
3731	0.0982895384148591	0.871409954127637	0.654752881920794	0.526338392415114	0.771236308422613	-6.13591089899308
1633	0.228413829155833	1.41892535106754	0.654633050347271	0.526412648219118	0.771236308422613	-6.1359908314339
17	0.31639166737359	3.89436877311137	0.65317384343553	0.527317363211958	0.772255337159282	-6.13696309909732
3042	0.121642688117123	1.81595050822385	0.65201498465315	0.528036507092859	0.77286268579127	-6.13773382056116
1765	0.304787668464856	2.86408376911372	0.651631294681482	0.528274736510813	0.77286268579127	-6.1379887229859
846	-0.10174577948954	1.4533899138052	-0.651493864267723	0.528360080968896	0.77286268579127	-6.13807999051372
1413	-0.345959049255437	2.86783089011127	-0.65049039576425	0.528983479597358	0.773169791997994	-6.13874585588264
290	0.120159005813415	1.42911746214685	0.650481727841166	0.528988866356157	0.773169791997994	-6.13875160347933
3709	0.0978239904356558	1.35188671525714	0.649789031983304	0.529419451663501	0.773492922652016	-6.13921069347998
2697	0.0841166412475655	1.53344979273467	0.649135819133706	0.529825680765146	0.773755511128175	-6.13964320243325
917	0.155811896014801	2.1122707629484	0.648826136870293	0.530018333597821	0.773755511128175	-6.13984811076175
1153	0.167651569986187	0.816861643034941	0.646646114820398	0.531375673317416	0.775430429204704	-6.1412880186698
2430	-0.226734968402256	2.15679635470085	-0.64596622297762	0.531799404278517	0.775624870515665	-6.14173617317795
2612	-0.289574282606992	2.04615518147624	-0.645695502178574	0.531968180900553	0.775624870515665	-6.14191449914386
3300	0.0904674478289955	1.4472425929268	0.645421291372959	0.532139164955628	0.775624870515665	-6.14209505364408
801	-0.111199044316758	0.612028280704809	-0.645054045112151	0.532368211112138	0.775652500168119	-6.14233675653617
3465	0.162572361379114	1.25744788018393	0.643631188217445	0.533256165258335	0.776569484601453	-6.14327200910938
132	-0.124442835413321	1.7261268844964	-0.642911156380701	0.533705837690756	0.776569484601453	-6.14374456343403
1383	-0.688836162480674	3.8898124358314	-0.6428369185019	0.533752213002506	0.776569484601453	-6.14379325769771
3661	0.239997418794258	1.65507725523403	0.642698101718949	0.533838936055929	0.776569484601453	-6.1438842967493
2189	-0.228453390737187	1.69915532657024	-0.64213145667309	0.534193020848556	0.776778508457215	-6.14425572639107
354	-0.103417940418529	0.745070141817594	-0.641282813950088	0.534723573808614	0.777243871850946	-6.14481143611928
3297	-0.150785007710933	1.53071772028937	-0.640614959422288	0.535141315690336	0.777320244631549	-6.14524828414077
551	-0.153994592087845	0.923785655424037	-0.640523611773309	0.535198468122436	0.777320244631549	-6.14530800252217
3036	-0.0769958897370959	1.05183336038469	-0.639681363585807	0.535725593678975	0.777320244631549	-6.14585824995403
2675	0.146181422934807	2.39757397994407	0.639272943393496	0.535981313337591	0.777320244631549	-6.14612483307225
816	-0.232762663954057	1.13947429435041	-0.639028577565472	0.536134349051539	0.777320244631549	-6.14628425970318
657	0.196617026710917	1.74255197411355	0.638874650748105	0.536230759654778	0.777320244631549	-6.14638465411003
1370	-0.223261705417401	2.45135002978669	-0.638844079679189	0.536249908742296	0.777320244631549	-6.14640459056139
3181	-0.185912184055029	2.75603763271583	-0.638187540099489	0.536661246619331	0.777482964250443	-6.14683252976167
2666	-0.106807047505586	1.97756031704818	-0.637778493455615	0.536917615983527	0.777482964250443	-6.14709894474109
2435	0.260155339016802	2.1834214873055	0.6376567666431	0.536993921678935	0.777482964250443	-6.14717819576738
773	-0.0978098587044278	1.15383412365826	-0.635728434446281	0.538203548011124	0.777923825373229	-6.14843178155116
3379	0.33208772945655	2.49189790085183	0.635713103046052	0.538213171532879	0.777923825373229	-6.14844173423238
142	-0.173394677970156	1.90022396778713	-0.635162312095608	0.538558968593982	0.777923825373229	-6.1487991436852
2102	-0.15579364785665	2.12014468029694	-0.63500048164036	0.538660593065688	0.777923825373229	-6.14890410131268
1874	-0.194556660111178	1.91497378214192	-0.634842201875687	0.538759998455795	0.777923825373229	-6.14900673213446
3413	-0.124715048120038	1.50029011984258	-0.634535772009992	0.538952477344982	0.777923825373229	-6.14920535824253
1109	0.146347859145588	2.66621438558672	0.634295294009563	0.539103557265047	0.777923825373229	-6.14936117254363
3666	0.294173983630824	2.04531584549765	0.634191179427567	0.539168974616101	0.777923825373229	-6.14942861514317
723	0.191515896075517	0.895735074287367	0.634150136292129	0.539194764119743	0.777923825373229	-6.14945519895491
1729	0.324512898021919	3.02878217743488	0.633781945087902	0.539426149128159	0.777953649445767	-6.14969360669826
2293	-0.197224320089549	2.0005755488101	-0.63309078290372	0.539860654691844	0.778186023500508	-6.15014079532939
1553	0.0805573051437723	1.39203680739847	0.632855158788513	0.540008827792064	0.778186023500508	-6.15029314312275
3900	0.180755462927689	1.1150964833735	0.631923127647016	0.540595167170492	0.778727021924876	-6.15089525283438
2361	0.157878618420533	0.856683156143301	0.63059029311276	0.541434283724158	0.779631581712009	-6.1517548604889
12	0.385650748156667	3.60739739774645	0.630147760080245	0.541713055009164	0.779728888535607	-6.1520398989089
1403	-0.331997700587746	1.97177425840574	-0.629034034495445	0.542415002945234	0.780434992546299	-6.15275643602297
3545	-0.420745858735058	2.21674935698518	-0.627742219231093	0.543229844975612	0.781071115732987	-6.15358607847759
2494	-0.265218726600464	1.16101718907872	-0.627346104968984	0.543479842746933	0.781071115732987	-6.15384015807085
3642	0.183034957300784	2.19200544334013	0.627084705096736	0.543644854721875	0.781071115732987	-6.15400774633692
1911	0.275824142065347	1.89201337910814	0.626992052339624	0.543703349792464	0.781071115732987	-6.15406713217318
473	0.0902223828255328	0.74019977310082	0.626078642384536	0.544280210580802	0.781342833021288	-6.1546521471055
982	-0.19265746880985	0.982608980573417	-0.625732032900337	0.544499201638769	0.781342833021288	-6.15487393422258
1927	0.0889409930516677	1.13245328872937	0.625687429573674	0.544527386068195	0.781342833021288	-6.15490246654865
3424	0.08904387323765	1.35147472026588	0.625217916646968	0.544824117251774	0.781367067523192	-6.15520269503411
4012	0.174989520022831	1.22939233127899	0.624713541550556	0.545142983601671	0.781367067523192	-6.1555249830056
1242	-0.17671895314641	0.930159197528273	-0.624656283256006	0.5451791890411	0.781367067523192	-6.15556155492324
2251	0.18210967731075	1.19178991411706	0.62377718470044	0.545735230110448	0.781860484892422	-6.15612266062147
52	-0.154082978439595	2.33934045448869	-0.623276624959259	0.546051984282002	0.781898169913596	-6.1564418271073
1920	0.312697207569935	3.56967258718519	0.62306631807982	0.546185097564237	0.781898169913596	-6.15657585184033
749	0.191360950605971	2.38666484796689	0.622213438500144	0.546725114406562	0.782367876894971	-6.15711894591501
2092	0.280407428108779	2.84437035781691	0.621313052674392	0.547295538826071	0.782880716522997	-6.15769154122653
84	-0.151518688723812	1.94803120069868	-0.620714318898905	0.547675043049657	0.783120162253808	-6.15807187625578
1789	-0.276481864993933	2.94179177862138	-0.619776146156207	0.548269998137423	0.783667376354381	-6.15866714877648
605	-0.109335654395004	1.30186588188667	-0.618749026928624	0.548921778531639	0.784295358490252	-6.15931789861451
2717	-0.139566311458149	1.82968213948523	-0.617912230946208	0.549453108498638	0.784750822660337	-6.15984732418498
3819	0.10964041487957	1.40717921656344	0.617369519525722	0.549797862291585	0.784939562096106	-6.16019033175932
612	-0.0830762062164753	1.02059454572662	-0.614986317869936	0.55131321775967	0.786650429535131	-6.16169325881516
1259	0.116772958957653	0.828452725595744	0.614693727748104	0.551499422602151	0.786650429535131	-6.161877403341
3034	-0.0760416205770925	1.26367147537205	-0.614480069073074	0.551635417677804	0.786650429535131	-6.16201182006981
2412	-0.145657442974633	1.23299412336581	-0.612725667530313	0.55275281776139	0.787540794240147	-6.16311390300479
3707	-0.232626993030687	2.01495288571342	-0.612260172147069	0.553049510653825	0.787540794240147	-6.16340582640998
2670	0.0955061621324077	1.82240396694162	0.611639352987943	0.553445341266	0.787540794240147	-6.16379483572636
2325	0.202457101594105	2.17994054586844	0.611379464892578	0.553611091520242	0.787540794240147	-6.16395757420388
3154	-0.4567837813085	5.72420400325027	-0.610609610945827	0.554102248704038	0.787540794240147	-6.16443926862135
3511	0.253899526638211	2.38762196918344	0.610358789421959	0.554262322385441	0.787540794240147	-6.16459608454838
214	0.201797618249312	1.97403822103745	0.610215932818539	0.554353504689902	0.787540794240147	-6.16468537299527
3770	0.0974112231955793	1.34771812298098	0.610164054488569	0.554386619592868	0.787540794240147	-6.16471779324872
2785	-0.120552130225355	1.90703206921393	-0.610113387133809	0.554418962576563	0.787540794240147	-6.16474945425135
3778	0.167051391235755	1.22440704126581	0.60996919261015	0.554511013443746	0.787540794240147	-6.16483954508564
922	0.166983942093838	1.02914460788898	0.609820110989102	0.554606193126864	0.787540794240147	-6.16493266846219
3426	-0.0780828257959956	1.12268492495455	-0.608320661216527	0.555564010065849	0.788293057959906	-6.16586811603401
1881	0.238925428127575	2.06298063597896	0.608191169569598	0.555646769937632	0.788293057959906	-6.16594880012623
3785	0.192526519115534	1.98800618614118	0.607988210334866	0.555776497797843	0.788293057959906	-6.1660752284516
2568	0.184905312075475	1.69044591330913	0.606982319518131	0.556419694531394	0.78876771975776	-6.16670124234738
656	0.182405318874043	1.14300523417667	0.606796689739548	0.556538437153024	0.78876771975776	-6.1668166630406
3460	0.15577706216749	1.37625694076926	0.605492655876151	0.557372992507563	0.789512154951494	-6.16762655630379
2774	0.119547281295044	1.58313266399265	0.605307752231983	0.557491383520732	0.789512154951494	-6.16774126249261
2744	0.0749829305534164	1.00352161808307	0.602653222005058	0.55919258168955	0.791314990831809	-6.16938441625756
1818	-0.147570424811942	1.88601882704661	-0.602566177638878	0.55924841425845	0.791314990831809	-6.16943818264191
2151	-0.220505278016049	2.07528285756288	-0.602318339113333	0.559407401427687	0.791314990831809	-6.16959123019371
2967	-0.0755934909205386	0.942006397567729	-0.601543536516442	0.55990459520942	0.791714961897042	-6.17006931460109
3582	0.0856494423685408	1.43565251402753	0.600997641668637	0.560255045175139	0.791907207804982	-6.17040580888198
3603	-0.232202556291394	1.7293134849947	-0.600535682549792	0.560551705618253	0.792023305450666	-6.1706903417282
488	0.216962493385371	3.27061926605529	0.599593419682051	0.561157076806371	0.792257645676554	-6.17127007325227
859	-0.183739154585394	1.34899916991019	-0.599036679542728	0.561514933070383	0.792257645676554	-6.17161221074569
3934	-0.0819441018156085	1.21468016792775	-0.598640665827626	0.561769555927848	0.792257645676554	-6.17185539526701
196	0.0885686325972398	1.75066522351992	0.598621256125646	0.56178203732344	0.792257645676554	-6.17186731053705
2947	0.231109019792088	1.47678903924655	0.598514066271984	0.561850968447725	0.792257645676554	-6.17193310598027
1674	0.181808587104856	1.2136826171591	0.598143835363886	0.562089090692835	0.792257645676554	-6.17216027706192
3507	0.186717485382774	2.23945830739143	0.597652797289603	0.562404998797922	0.792257645676554	-6.17246137205376
2457	-0.182485145631936	1.80304576597578	-0.597607321680466	0.562434260378724	0.792257645676554	-6.1724892451278
2099	0.202246905808896	1.77139263187075	0.596494873873502	0.563150334126565	0.792963780928786	-6.17317047362974
2806	0.102767744006937	1.57632113807053	0.595936483949187	0.563509954815419	0.793167652755824	-6.17351196730239
3771	0.10510784769368	1.63746478192529	0.595201670186889	0.56398339094088	0.793530306485677	-6.17396090084495
776	-0.169772386502092	1.28372021683381	-0.594613142018911	0.564362734160778	0.793530306485677	-6.1743200880793
1057	-0.183713967419879	1.24994652991636	-0.594536102899589	0.564412401091925	0.793530306485677	-6.17436708158457
2100	0.176337426696233	1.7579896811015	0.594147793366887	0.564662779931847	0.79358012314746	-6.17460386196009
4018	0.0757685664569843	0.96031593756009	0.593352062015063	0.565176052011984	0.793873710516819	-6.1750886250556
2997	0.0767480712294871	1.3050786955271	0.591889397590531	0.566120186096953	0.793873710516819	-6.17597810228764
2628	-0.250000895595341	2.72615197765208	-0.591837989765429	0.5661533850429	0.793873710516819	-6.17600932713084
3975	-0.0950960546128486	1.29427547704375	-0.591677650816864	0.56625693809279	0.793873710516819	-6.1761066998742
1837	0.308378437350188	3.62159372402307	0.591561753805255	0.566331795307446	0.793873710516819	-6.17617706797025
3356	-0.0848426725147468	1.15828998665226	-0.59128494016939	0.566510609625633	0.793873710516819	-6.17634508612421
2602	0.220371871734012	2.40146060836891	0.591266946763826	0.56652223396411	0.793873710516819	-6.17635600507344
518	0.184005247672923	3.15309643747253	0.591159142735539	0.566591881693342	0.793873710516819	-6.17642141734827
1582	-0.163938003983588	0.664000969443715	-0.590140082660487	0.567250486346053	0.794494990739615	-6.17703920141891
597	-0.0774134030402677	1.30764537983328	-0.586559205300859	0.56956808192072	0.797258896261058	-6.17920212298056
501	-0.259309448524774	4.22286269309009	-0.586423932700109	0.569655733568979	0.797258896261058	-6.17928358877306
2331	-0.140330811022102	1.68377822032184	-0.585569440387565	0.5702095831424	0.797467192987329	-6.179797786683
2840	-0.111547198051026	0.581050251720008	-0.585301490092637	0.570383318853488	0.797467192987329	-6.17995888339792
870	0.101141333559094	1.75260834893785	0.584179437007149	0.571111157784539	0.797467192987329	-6.18063273248912
2607	0.155423538160801	1.49217515589469	0.584094509890034	0.571166267797204	0.797467192987329	-6.18068368616743
1445	-0.357394104011828	3.1750808375487	-0.58400036588838	0.571227362117829	0.797467192987329	-6.18074016158422
2569	0.214138427298737	2.18919601884259	0.583918656195003	0.571280390134884	0.797467192987329	-6.18078917095342
3526	-0.265047939312122	2.19989176136899	-0.583531368342135	0.571531768942049	0.797467192987329	-6.18102137831326
1505	-0.425073115931384	2.76384479677316	-0.583530157617334	0.571532554887452	0.797467192987329	-6.18102210400489
3290	-0.122115211749828	0.634219301042891	-0.583009382713533	0.571870671905489	0.797637521977735	-6.18133411843088
2418	-0.228091074551003	1.48654179004028	-0.582653875037156	0.572101550404886	0.797658203963308	-6.18154696555912
535	0.249638609696239	1.07597586526638	0.582001626069805	0.572525274303371	0.79794764542395	-6.18193715920141
2606	0.184337171947907	1.59053863117632	0.581511518215347	0.572843777784783	0.798090274559026	-6.18223008592801
631	0.0795277835667561	1.4232916949161	0.581075017473616	0.573127524913688	0.798184391543317	-6.18249077809623
149	0.130440129672446	1.39978695622031	0.580305277457184	0.573628079897987	0.798580268093276	-6.18295004421149
316	0.270625627785064	2.12763259776604	0.578232538106061	0.574977141289351	0.799987785669353	-6.18418390753865
2671	0.0866437339013917	1.73794353771676	0.578086161850453	0.575072476480624	0.799987785669353	-6.18427088606127
879	0.180137474020417	1.01849038288573	0.577541148430801	0.575427520148476	0.800078428297977	-6.18459455789486
489	-0.332178974166693	4.31091552838786	-0.577220564633321	0.575636416674307	0.800078428297977	-6.18478481197265
2003	-0.176642363894389	0.831677134538434	-0.576667720487158	0.575996753286097	0.800078428297977	-6.18511267072766
2845	-0.109903566592877	2.46209424470608	-0.576655900173585	0.576004458942585	0.800078428297977	-6.18511967742884
2488	-0.0903280547016198	0.982600034754612	-0.575781853177377	0.576574403966269	0.800568897872683	-6.18563741086001
1322	-0.0876045449938319	1.01808661627662	-0.575202982281838	0.576952039194075	0.800792078460348	-6.18597989378933
2057	0.207288245585509	2.40443544358192	0.573893586398684	0.577806735270222	0.801485130536949	-6.1867533910617
3759	0.242103229066621	1.55720596731039	0.573772908384239	0.577885541031788	0.801485130536949	-6.18682459568692
2692	-0.0901475487650146	1.96593317553228	-0.573420867291485	0.578115465726435	0.801502928825384	-6.18703223300033
1313	-0.0971798646244241	0.472920731766176	-0.572826343581127	0.578503872147248	0.801740351339204	-6.18738261724413
2992	0.17274293704343	1.68513885635305	0.572458796683617	0.578744063240155	0.801772263220507	-6.18759906130187
1832	0.175674541641717	1.82685856854089	0.569831335334871	0.580462663392857	0.803811811780283	-6.18914254097567
3304	0.0960241458053601	0.83619082729919	0.569542573277668	0.58065170693879	0.803811811780283	-6.18931176482839
3516	-0.162355568478294	1.16906400580271	-0.568901716690347	0.581071373646819	0.804091271178432	-6.1896870393896
3390	-0.148587221237851	2.97971235704834	-0.568279727699489	0.58147884010606	0.804353644687738	-6.19005088561797
3011	-0.0781115132983691	1.26466495085276	-0.567703914727194	0.581856192779143	0.804512599551812	-6.19038738660708
808	0.156104348137179	2.39070576583217	0.567384603610332	0.582065506219844	0.804512599551812	-6.19057385149222
1949	0.20211366284887	2.00911415687405	0.567107061926283	0.582247471831647	0.804512599551812	-6.19073584456891
2600	-0.229521843869669	0.903827851425297	-0.566538875494347	0.582620088648818	0.804527640605125	-6.19106724611351
3233	0.231297513724977	3.57647817700408	0.566425920751002	0.582694179571534	0.804527640605125	-6.1911330910932
1314	-0.145196457008909	0.525364496825209	-0.566041328723591	0.582946484501474	0.80455581295278	-6.19135718964721
2562	-0.11656320945209	1.53111266498765	-0.565730529843445	0.58315042130597	0.80455581295278	-6.19153818495459
1813	0.246857785051378	2.29040108589133	0.565294501645059	0.583436593936383	0.804649945765082	-6.19179195057572
1246	0.198621909537469	1.10598101896474	0.564032580356008	0.584265235831303	0.805491878524709	-6.1925253433611
3852	0.0851205924354344	2.19452992110156	0.563049440003041	0.58491124998532	0.805621133977139	-6.19309564771259
569	0.210447097343617	2.10348497521321	0.562937773237875	0.584984649400051	0.805621133977139	-6.19316036463942
2762	-0.108556212417984	1.64525837879933	-0.562893710881493	0.585013613269965	0.805621133977139	-6.19318589783267
1257	0.125208867489355	1.78182157467566	0.56212117677108	0.585521553308059	0.805861927175896	-6.19363325918583
3087	0.0828488404322055	1.38915046358924	0.561928287382839	0.585648414344799	0.805861927175896	-6.19374486791479
218	-0.0840453019417104	0.826251690843262	-0.561632032325739	0.585843286170126	0.805861927175896	-6.19391621536337
3027	0.0741014973813975	1.33718123457099	0.560304946556467	0.586716644252973	0.806281831546048	-6.19468272855217
2250	-0.214914843808376	1.48647027890676	-0.559974856101598	0.586933984677725	0.806281831546048	-6.1948731207275
3458	0.181602066312991	2.40304956957633	0.559784973462219	0.587059027839351	0.806281831546048	-6.19498259485721
519	0.154253788845772	2.82980963048125	0.559485854929688	0.587256034595925	0.806281831546048	-6.19515497645194
190	-0.1115698676257	2.17823103986617	-0.558979771326566	0.587589433319384	0.806281831546048	-6.19544643409384
1166	-0.181558771322344	1.72233180330279	-0.558344607087127	0.588008009778202	0.806281831546048	-6.19581187870151
1144	-0.160497893697023	0.753571223952785	-0.558277851164547	0.588052011428834	0.806281831546048	-6.19585026429044
1045	0.157488153737278	2.10506201203456	0.55791786930359	0.588289320705751	0.806281831546048	-6.19605718436087
506	-0.0849701789356574	1.72804608868359	-0.557856834070417	0.588329561716967	0.806281831546048	-6.19609225536782
2357	0.183218155653108	1.22704044874436	0.557852515495651	0.588332409042539	0.806281831546048	-6.19609473669539
3510	0.190916469751653	2.41202143994237	0.556552913908215	0.589189594036706	0.807156950346389	-6.19684062762006
559	-0.163399417767037	2.43570366139967	-0.555704872018948	0.589749296718403	0.807624036900722	-6.19732646712973
1589	0.31537147925532	2.72381937147388	0.554864699714872	0.590304081894715	0.808084045367181	-6.19780710946536
2870	0.156348774317217	0.906972956946146	0.554197820202624	0.590744633497139	0.808136654036358	-6.19818812704343
2808	-0.144757300155954	0.914667487567429	-0.554143857659919	0.590780289611086	0.808136654036358	-6.19821893932042
2265	0.150158578488132	0.768618065072111	0.553719000905124	0.59106105614061	0.808221266396716	-6.19846143105956
1059	0.10977401148075	1.08911977585215	0.552907965230819	0.591597223806791	0.808470604339797	-6.19892385169714
2872	-0.103831668239843	1.50188273533631	-0.552780734800111	0.591681357780642	0.808470604339797	-6.19899633547182
3591	0.17355494562377	1.58106366467179	0.551565894716827	0.592485014534054	0.809118674781852	-6.19968764309095
3726	0.0754668349087545	1.09724272221801	0.551145941034784	0.592762960929591	0.809118674781852	-6.19992628495875
3006	0.103441349890256	1.19247669399445	0.551070175612066	0.592813113565794	0.809118674781852	-6.19996932097273
3459	0.177805619296024	2.16769340923129	0.549704054574372	0.593717793884255	0.809969445755455	-6.20074434233964
1775	0.264447639047712	2.72720021633187	0.549454305572309	0.593883262205356	0.809969445755455	-6.20088583246626
2230	0.197280233414761	1.86555487033867	0.549135378287585	0.594094598891054	0.809969445755455	-6.20106642587739
3075	0.183069330096287	1.47444409250681	0.548448412145232	0.594549949607959	0.810291035050788	-6.20145508601638
2493	0.186501867667558	0.834607716121379	0.547996683439102	0.594849474251947	0.810400095549147	-6.20171040714873
577	-0.190655864134105	3.44990759683038	-0.54765643756052	0.595075130798756	0.810408477649948	-6.20190258602378
3411	0.10950580178694	1.63854240791477	0.547100764778024	0.595443758058078	0.810611487739831	-6.20221620073091
461	0.118912268187484	0.648999032977818	0.546219040545088	0.59602892882601	0.81077167527914	-6.20271321767702
3251	-0.125986089962543	1.40458001737899	-0.545873084322869	0.596258610246531	0.81077167527914	-6.20290802204756
1851	0.246089630580671	2.41701537993022	0.545668343016177	0.596394560369652	0.81077167527914	-6.20302325484369
2150	0.14678366041937	1.5986058717374	0.545505072811182	0.596502984872949	0.81077167527914	-6.20311511754764
2835	0.17009096743791	1.0104962193734	0.545269507693297	0.596659437089226	0.81077167527914	-6.20324761065276
3683	0.134311940956822	1.67737494155248	0.544209870569892	0.59736346667257	0.811429697923152	-6.20384293267228
1901	0.178928682040758	1.84207797374225	0.543179142555237	0.598048703250322	0.812061718425961	-6.2044209630989
2384	0.243115491199116	2.69673261613071	0.542686743485298	0.598376198356098	0.812207692768645	-6.20469673403949
3406	-0.115465201148585	0.979637886783095	-0.542247138048799	0.598668659024833	0.812306023197238	-6.20494273784757
3728	0.069013153467236	1.06102713308363	0.541722043710819	0.599018090941218	0.812481554649146	-6.20523633435654
2283	-0.139969806389497	1.4936600626716	-0.541113356452141	0.599423283361044	0.812705131001991	-6.20557633368925
3396	0.16301179430363	1.47009051990967	0.540813148233691	0.599623178994968	0.812705131001991	-6.20574389031481
3216	-0.131691693939507	0.95846447792451	-0.540439185884908	0.599872232600448	0.8127317433188	-6.20595248869086
2021	0.181722769387872	1.96774771929331	0.539984444956046	0.600175155747174	0.8127317433188	-6.2062059619711
686	0.100719849132825	0.998999007207482	0.539758785506034	0.600325506924176	0.8127317433188	-6.20633166997141
1745	-0.225498902114966	2.6608807621551	-0.539461895896088	0.60052334663426	0.8127317433188	-6.20649698241598
936	0.195871353506895	0.966901852447038	0.538683395197388	0.601042279855167	0.813024070558785	-6.20693005431075
2782	0.0947490659309196	0.873902330760362	0.538470722479752	0.601184083585134	0.813024070558785	-6.20704825905288
2083	0.119871053588711	1.64793299596569	0.537903154641874	0.6015626052233	0.813024070558785	-6.20736350038893
956	-0.11239715593405	0.397143954758065	-0.537816818457642	0.60162019522389	0.813024070558785	-6.20741142609561
2187	0.29171685475527	3.00651853320584	0.537439156458537	0.601872145695613	0.813024194055632	-6.20762098285283
3224	-0.239670959217173	2.75391883796568	-0.5371565586098	0.602060711416061	0.813024194055632	-6.20777769938191
1522	-0.115172516638973	0.524426292131622	-0.536454285336005	0.602529440888338	0.813274486876428	-6.20816681192937
1754	-0.129554163688601	1.9006255957943	-0.536218857005531	0.602686618660322	0.813274486876428	-6.20829714921116
694	0.172885592421056	2.80954724834655	0.535090339623115	0.603440337909797	0.813994054644856	-6.20892116435719
1562	0.197126365972963	2.38722741648952	0.532763822178303	0.604995711458263	0.815747093263049	-6.21020368657856
2237	0.146456694699902	1.11713824759483	0.532485644406347	0.605181822439733	0.815747093263049	-6.21035668133899
483	-0.0906597823410749	1.59320776056279	-0.531022731049056	0.606161047198638	0.81676882710123	-6.21116002199237
930	0.216850876099088	1.32421225957727	0.529561339270648	0.607140062569574	0.817556698388064	-6.21196043609737
715	-0.159244662161819	1.11239811117451	-0.5294888550776	0.607188642193952	0.817556698388064	-6.21200008176123
10	0.244020394100842	4.01858109322316	0.528456710484744	0.607880611097059	0.81819001683206	-6.21256406126757
2015	0.118603367160781	1.14621597637218	0.527959892880322	0.608213830241402	0.81834018267174	-6.21283515802695
671	-0.127619941674461	0.912742331540315	-0.526541657271663	0.609165563163894	0.819087085560579	-6.21360771154034
1638	-0.261387168158468	2.69347700904824	-0.526421134889965	0.609246476847844	0.819087085560579	-6.21367327267876
2002	0.136091400365197	1.35851253759585	0.526141082305556	0.609434513552251	0.819087085560579	-6.2138255592611
2121	-0.145727138862732	2.31213406447194	-0.525064959678377	0.610157332959899	0.81974696360278	-6.21441001646389
2232	0.0647410670695826	1.21577033426909	0.524749127381099	0.610369556593727	0.81974696360278	-6.21458133391666
836	-0.147582808650193	0.893649098398037	-0.52342195102518	0.611261762736077	0.820508994034097	-6.21530016741545
210	0.205546024690781	1.8348864728087	0.523244016857418	0.611381430820098	0.820508994034097	-6.21539640990393
5	-0.217013212461691	2.39557302167558	-0.522583281156298	0.611825906781282	0.820591024440945	-6.21575352225664
3343	0.146078201539311	1.06080705173335	0.52249236680385	0.611887077542232	0.820591024440945	-6.21580262584119
526	0.137629500043949	2.07476534013479	0.521918710624641	0.612273127441403	0.820810597862622	-6.21611227521075
3115	0.227699905382813	3.46329033002558	0.521493059254512	0.612559655077671	0.820896641214796	-6.21634182553854
2334	-0.151315411461581	1.50021404121989	-0.520413986112472	0.61328633792477	0.821281422426688	-6.21692296414163
2353	-0.106400038673924	1.5490595002287	-0.52040605627132	0.613291679748207	0.821281422426688	-6.21692723055474
3874	0.26826702608408	3.24203443473396	0.519405938186194	0.613965583196149	0.821885762567143	-6.21746481918267
1261	-0.0684752269371569	1.30720399857081	-0.518357638141367	0.61467235348757	0.822432856954788	-6.21802725249314
2649	0.0966838729176601	1.98728291708672	0.517875509738409	0.6149975449347	0.822432856954788	-6.21828556135997
2756	-0.134631088421615	2.55416839391076	-0.517744119147605	0.615086181769053	0.822432856954788	-6.21835591661043
3538	-0.118369614711403	1.64688722535225	-0.517478607350656	0.61526531714765	0.822432856954788	-6.21849803749663
2037	-0.147866796174568	1.12349570575723	-0.515731913461346	0.616444429596993	0.823710761517226	-6.21943126596404
525	-0.124705276691565	2.34102040708635	-0.515351977086301	0.616701057260193	0.823755536687638	-6.21963386233923
731	0.128168430493004	0.745301792920516	0.514468257779566	0.617298171874805	0.824209745423937	-6.22010454575748
113	-0.268191490425384	2.24332141144909	-0.513904258125228	0.617679408588889	0.824209745423937	-6.22040453976828
2288	0.172311349005883	2.20560920327428	0.513857788749025	0.617710824915502	0.824209745423937	-6.22042924309299
3861	-0.256015768844492	2.5609153743144	-0.513138166790113	0.618197438363367	0.824374402106421	-6.2208115261504
600	-0.151379436313666	2.65000025910943	-0.51275181613707	0.618458770502715	0.824374402106421	-6.22101655611048
3291	-0.126724379939605	0.91538078208968	-0.512481467773103	0.61864167017143	0.824374402106421	-6.22115993821829
1303	-0.164365086405579	1.20767101208238	-0.511819368021505	0.61908971685032	0.824374402106421	-6.22151078605648
3808	0.200964293409564	1.02088798401434	0.511711293071955	0.619162867168879	0.824374402106421	-6.2215680142077
3030	0.0739635995334388	1.37742350967603	0.511694921993662	0.619173948277656	0.824374402106421	-6.22157668206456
493	-0.0811552172225805	1.96660345352923	-0.511019835254534	0.619630981152631	0.824577702920236	-6.22193388482685
2388	-0.156307156814046	2.06805526007123	-0.510712829164712	0.619838879551304	0.824577702920236	-6.2220961798868
1333	-0.393161770167392	3.6704416504687	-0.51035747059318	0.620079564713064	0.824577702920236	-6.22228392003905
1417	-0.0736287247332541	1.00989820932241	-0.5101501408853	0.620220011107664	0.824577702920236	-6.22239339735417
1523	0.130218595205238	0.551511103699394	0.509370789259975	0.620748090336688	0.824965397245071	-6.2228045435846
546	-0.0816792747194636	0.403344446739746	-0.509060331000097	0.620958515423633	0.824965397245071	-6.22296815895027
3254	-0.143265906625632	1.80078776084783	-0.508289778964017	0.621480940173371	0.82536245723744	-6.22337383922054
1236	0.211353975377561	1.54909651265623	0.507903717323046	0.621742767326189	0.825413267518263	-6.2235768730262
136	-0.117159957083829	1.5049899662868	-0.507130123991692	0.622267583494497	0.825813054731014	-6.22398327178453
1489	-0.162843962635093	0.850434539511748	-0.506590543233842	0.622633772496512	0.826002115723004	-6.22426638546913
2212	0.148694219996835	2.2571211505824	0.505070691994707	0.623665800732585	0.826753357465198	-6.22506229647475
1941	-0.142187944101416	2.21848471999435	-0.504899077799572	0.62378238551975	0.826753357465198	-6.22515202376422
2688	-0.0870555974247714	2.12785418842585	-0.504767402281437	0.623871845584518	0.826753357465198	-6.22522084970285
2822	-0.086956548363205	1.45592978574011	-0.503899764361345	0.624461475582798	0.8270809989843	-6.22567393085308
1770	0.330517121702256	3.06467504603357	0.503744344637099	0.624567124910137	0.8270809989843	-6.22575501272871
2958	0.0811943828877464	1.69874981827755	0.502386404246726	0.6254905845332	0.828006897847464	-6.22646243129858
112	-0.158459266730926	2.5126051380892	-0.501188530892724	0.626305750113178	0.828788827748334	-6.22708495238296
2953	0.089697863882078	2.03008592777514	0.500370905901165	0.626862452862515	0.828924294374943	-6.22750904936611
1154	-0.0981444568603349	0.78092647131332	-0.500334354087985	0.626887345865507	0.828924294374943	-6.2275279931503
2584	0.180839004924776	1.83038715687178	0.499965347738598	0.627138678712132	0.828924294374943	-6.22771916494955
78	0.134162405370688	1.9736394058574	0.499600654289696	0.627387122670489	0.828924294374943	-6.22790797023673
3338	-0.122221513514194	1.70805141088072	-0.49938990479531	0.627530715812017	0.828924294374943	-6.2280170173795
4017	0.111461506811385	1.11695756249825	0.498104876622296	0.628406612587716	0.829238984378625	-6.22868097427535
843	0.149487571024435	1.01597164243042	0.497514365450803	0.628809315868006	0.829238984378625	-6.22898553639864
1825	0.179787978191997	2.01003288312682	0.497441474758388	0.628859032958419	0.829238984378625	-6.22902310662027
1565	0.134219343841263	0.545158012293024	0.497351342537356	0.62892051276772	0.829238984378625	-6.22906955642327
2955	0.0643290382888417	1.11925154910142	0.497169208457213	0.629044756664225	0.829238984378625	-6.22916339504686
3841	0.0663308143404314	1.88487437672024	0.497063934994357	0.629116575093318	0.829238984378625	-6.22921761880167
677	0.106886062362322	2.01344608177368	0.496062744939244	0.629799795809358	0.829720472195228	-6.22973275953418
91	0.294222630381677	4.12748529666891	0.495870050798388	0.629931333576172	0.829720472195228	-6.22983179243479
2282	0.138652848666034	1.61402886546548	0.495087181599948	0.630465877436104	0.830128394969363	-6.23023376133799
3954	0.094319477304748	2.57611228217755	0.494696382857314	0.630732798063838	0.8301837755621	-6.23043419252546
3412	0.0868141766478152	1.50458450638237	0.494264123219949	0.631028101247098	0.83027646108492	-6.23065571206649
3052	0.14745909506962	1.69240984675633	0.492685508363523	0.632107122690219	0.831396679688824	-6.23146313268273
110	0.198865091858034	2.86329931913456	0.492359792538664	0.632329869059105	0.831396679688824	-6.23162942102806
1793	0.167363100823219	2.00860387064072	0.491988214904301	0.632584025434029	0.831434753258253	-6.23181899508384
511	0.135689067855962	3.36294565767214	0.490203328038139	0.63380556668591	0.832276481167008	-6.23272771598209
2406	-0.130396290558268	2.32762413026152	-0.489957318102006	0.633974020705747	0.832276481167008	-6.23285271712336
883	-0.089410027250409	0.699775252878859	-0.489909949060787	0.634006458901723	0.832276481167008	-6.23287677912455
3090	-0.061484335427924	1.20327540314848	-0.489735177690496	0.634126148841494	0.832276481167008	-6.23296553832603
3162	-0.241104436851968	4.78395910725897	-0.489127385885267	0.634542472538062	0.832526939804735	-6.23327397528272
2946	0.162341168960264	1.59040934322304	0.488315424707996	0.635098854104265	0.832960912736393	-6.23368545139865
55	-0.130665418627966	2.01374350182265	-0.48747584185475	0.635674410974432	0.833331784256657	-6.23411023839125
1988	0.280888747298807	2.98932259437118	0.487244488547829	0.635833054239167	0.833331784256657	-6.23422716884876
3102	0.060322262882919	1.22450177072944	0.486139310153814	0.636591159345346	0.833550439518916	-6.23478501546999
3867	0.266416988003378	3.10889105946897	0.485578149187118	0.636976258567756	0.833550439518916	-6.2350678019558
1734	0.275421026249505	2.95738345144936	0.485475384571375	0.63704679340502	0.833550439518916	-6.23511955442219
11	0.255107876424135	3.93720675478713	0.485433831475994	0.637075315387981	0.833550439518916	-6.23514047767118
669	0.151164703140097	1.11305319008239	0.485355987937395	0.637128748733039	0.833550439518916	-6.23517966965559
3354	0.0769731133978094	1.9137875661193	0.484080539867654	0.638004548810568	0.834234529228511	-6.23582096523888
675	-0.185466721193842	1.34887163634675	-0.483826391333242	0.638179131777497	0.834234529228511	-6.23594855839316
1221	0.114904595873137	1.08675746338163	0.483487980373652	0.638411633008548	0.834234529228511	-6.23611835533218
617	0.0713250165991866	1.32122921879796	0.483033502854169	0.638723940402944	0.834234529228511	-6.23634620965334
340	0.0807380985105399	1.51565192531364	0.482949864210181	0.638781423111863	0.834234529228511	-6.23638811993072
1219	0.103574718098597	1.77177601369629	0.482360029704618	0.639186871833965	0.834468858136846	-6.23668348152879
2286	0.147333251944788	2.53499049550653	0.479927173682696	0.64086050559841	0.836358072346882	-6.23789809271677
1711	0.212697257798901	4.35587142751478	0.479120745091022	0.641415733731028	0.836786886549454	-6.23829940790026
235	-0.0890583794118386	2.06874266443073	-0.478070591872295	0.642139110980488	0.837434686591297	-6.23882104310662
3602	-0.126043874592269	1.33576660100274	-0.477240437475172	0.642711221514442	0.837846362701883	-6.2392326244071
1968	0.136018176695035	2.14226863098618	0.476954039014282	0.642908652636629	0.837846362701883	-6.23937445868286
3001	-0.190763722997378	1.34530939991083	-0.476600151340078	0.643152647864125	0.837868587125741	-6.23954960331496
1325	-0.208297840769121	1.83324505496804	-0.475103798396556	0.644184826128226	0.838094383781807	-6.2402887960559
2655	0.175104804143362	2.43989672342818	0.474798249666368	0.644395689071429	0.838094383781807	-6.24043946227608
1631	-0.0846702510145071	0.713155759675475	-0.474526228007139	0.644583442122421	0.838094383781807	-6.24057351816192
198	-0.0929775208029403	2.16826947519071	-0.474498375222093	0.644602667957988	0.838094383781807	-6.24058724023101
3116	0.280307625414081	4.40983342183872	0.474448247965695	0.644637269793006	0.838094383781807	-6.24061193419015
548	-0.0635166268197642	1.18943211077153	-0.474374776112465	0.644687987524467	0.838094383781807	-6.24064812377457
2963	0.0636409398730663	1.04008218338866	0.473494915371899	0.645295503668091	0.838366901317464	-6.24108109428137
1123	0.128360871135469	0.880407150008929	0.473395843962335	0.645363926338549	0.838366901317464	-6.24112979807584
800	-0.0964023018015273	0.89263265354838	-0.473026160652646	0.645619274710934	0.838366901317464	-6.2413114492714
550	-0.0760111775136117	0.893869860263651	-0.472587942303475	0.645922023656007	0.838366901317464	-6.24152660038944
2001	0.182068475164317	1.85905050630731	0.472427333007403	0.64603299952551	0.838366901317464	-6.24160540653983
645	-0.0697048505418298	1.27844384172243	-0.470422053185957	0.647419341734001	0.839399597153433	-6.24258717571993
3829	0.0950500772300321	1.98970709372729	0.470308673712096	0.647497768066751	0.839399597153433	-6.24264256585478
3593	-0.119950608515598	1.20267277207718	-0.470289764193592	0.647510848508391	0.839399597153433	-6.24265180262005
554	-0.0644171281821913	1.05496910805172	-0.469193305427311	0.648269524110021	0.840088130226114	-6.24318678284802
681	-0.0824811621905013	1.2156026664786	-0.468752325492016	0.648574770438659	0.840188790336677	-6.24340160659665
841	0.0834366258233298	0.542669990533564	0.467039407348941	0.649761093075894	0.841430359746125	-6.24423421842803
3439	-0.170642303300049	2.54129116597576	-0.466705085052997	0.649992754710857	0.841435221035233	-6.24439638415266
3335	0.102485757621662	1.05476674166294	0.466275936717217	0.650290180809925	0.841525183158165	-6.24460438274392
173	0.11862909453917	1.6248780235295	0.465527017341267	0.650809380522547	0.841542909174935	-6.24496692749037
3996	-0.0807806185117688	1.20756348376471	-0.465251863123614	0.651000184082567	0.841542909174935	-6.24509998657933
1232	-0.161695987239677	0.8940278507214	-0.464864026868991	0.651269170559886	0.841542909174935	-6.24528740827104
2409	-0.112542638534963	2.12146503351117	-0.464727039483508	0.651364191512607	0.841542909174935	-6.24535357151984
3777	0.0701618023329432	1.32265586370348	0.464612620448917	0.651443562952862	0.841542909174935	-6.24540882018667
1555	0.130385963336762	0.822651446093352	0.46421287767749	0.651720896342742	0.841606697900456	-6.2456017385226
43	-0.22134532654996	3.17297133489482	-0.46373870615052	0.652049938376557	0.84173719317701	-6.2458303700069
503	-0.139675796386341	3.17305518216501	-0.462753340542191	0.652733961392663	0.84178927411382	-6.24630476690325
3916	0.0711538899190657	1.50800179156798	0.46273595798381	0.652746031052696	0.84178927411382	-6.24631312691182
3972	-0.0813715999200368	1.4844617887107	-0.462653345544535	0.652803394804921	0.84178927411382	-6.24635285461218
1338	-0.332255842891666	3.15595975081358	-0.462366922424672	0.653002297145715	0.84178927411382	-6.24649054060618
1623	0.0580595795461402	1.17753647970042	0.461133592824175	0.653859087099337	0.842599563550001	-6.24708247732144
1794	0.179288821983959	2.13437069599354	0.460358211742224	0.654398009219859	0.842752684194612	-6.24745384434377
2330	-0.133214960675738	1.57306077059172	-0.460305809884676	0.654434438132707	0.842752684194612	-6.24747892044516
3244	0.0804102809316963	1.18747782785917	0.459902150499273	0.654715087083358	0.842820119076624	-6.24767199353005
1162	0.120728216152029	1.43695797984359	0.459430818905082	0.655042856600584	0.842948144499601	-6.24789722882327
2369	-0.231186208403925	2.78936112728862	-0.457965793094972	0.6560621381971	0.843965649555294	-6.24859590445867
932	-0.112808921597196	1.22968618270717	-0.457238943460201	0.656568111067373	0.843997460754808	-6.24894174577744
1114	-0.0916186180271103	0.977836799105778	-0.457181883940567	0.656607838841454	0.843997460754808	-6.2489688728451
990	-0.134681058811819	1.40095190547962	-0.456730569425838	0.656922106367822	0.843997460754808	-6.24918332083243
914	0.084974938254518	1.68746193026396	0.456575481400727	0.657030116116035	0.843997460754808	-6.24925696594773
3482	-0.117749459931761	1.83045140620979	-0.45628868404372	0.657229875316921	0.843997460754808	-6.24939309124899
722	0.114140522494723	0.854298517876786	0.455763025558268	0.65759607807278	0.844174103005808	-6.24964237602966
3966	0.151161226966084	1.73976657810971	0.455173638957985	0.658006789215309	0.844224090811444	-6.24992155437725
1751	-0.130562751640586	2.00061529504921	-0.455050886092956	0.658092343812388	0.844224090811444	-6.24997965578478
1191	-0.0783811885174027	0.458541578955971	-0.454676269950914	0.658353470272583	0.84426572151663	-6.25015687602978
2258	0.215829048833591	2.74815948768108	0.453858008013978	0.658924006173968	0.844703969025795	-6.25054348453589
1226	0.102527622666819	1.90654671591609	0.45335415362907	0.659275433403745	0.844861124653463	-6.25078121019597
872	0.0753477382743393	0.832045903131028	0.452615549073958	0.659790749228126	0.845228121495573	-6.25112923541915
705	-0.130242634344534	1.02296246083747	-0.452018215804158	0.66020763686172	0.845461675981076	-6.25141029549946
2578	0.152064690885424	2.41056590988606	0.451698157379329	0.660431060002552	0.845461675981076	-6.25156074403289
3776	0.0728471484974239	1.0394042918063	0.449151077405773	0.662210333068455	0.847445597812386	-6.25275438524636
3133	-0.139201670324651	2.3019493114082	-0.448502928982648	0.662663448851566	0.847576882973443	-6.25305709127795
2777	-0.0729253849917356	1.53255752182447	-0.448347592796374	0.662772064231942	0.847576882973443	-6.25312957575488
2943	0.0640941534792859	1.37956632396704	0.447846041949472	0.663122817917491	0.847604891128027	-6.25336344930606
3765	-0.0942241232860568	1.24324982148009	-0.447659746337332	0.663253123095577	0.847604891128027	-6.25345025492776
2450	-0.133740970097151	1.7477602872273	-0.447126252231382	0.663626342070991	0.847788392707992	-6.25369864757909
16	0.171668565158061	3.70854892983632	0.445378141007162	0.664849945287652	0.849057764787967	-6.25451056307191
1099	0.127345063258213	2.12077987560064	0.444112157794841	0.665736718092185	0.849862391591127	-6.25509664083129
26	0.126361451794007	1.80181853316994	0.443821505748176	0.665940384310166	0.849862391591127	-6.25523096932949
3849	-0.0818499211085819	1.56861595395419	-0.443250986492654	0.666340241550474	0.850078843056098	-6.25549439568712
2952	-0.0924997948777615	2.45723796859562	-0.442643201139336	0.666766336701671	0.850264224552228	-6.25577466990765
2231	-0.108672039539577	1.78163620526731	-0.442343555248852	0.666976452309014	0.850264224552228	-6.25591271231621
3775	0.0756408047320769	1.10921386597123	0.44176451873353	0.667382564944634	0.850264224552228	-6.25617921068819
2916	0.0976494784208004	1.77246630049313	0.441692190937487	0.667433300552392	0.850264224552228	-6.25621247553131
3024	0.125634658705929	1.53633853940385	0.44140175488189	0.667637049560377	0.850264224552228	-6.25634599940852
3844	0.155903628175321	1.59647304455869	0.440139748228623	0.668522707903085	0.851098564682135	-6.2569252063776
787	0.129550739758905	2.57077264820641	0.439702676303757	0.66882956197731	0.851195705901492	-6.25712543108242
3177	-0.197010818852799	2.70462217660554	-0.438327078191606	0.669795737919936	0.851447113960873	-6.25775434771771
2627	0.223270345420215	1.16808587296538	0.437667095758295	0.670259510566884	0.851447113960873	-6.258055414084
3595	0.181047066745854	2.42200049032493	0.437658429998855	0.670265600992451	0.851447113960873	-6.2580593642632
3657	0.142412666853203	1.52058212239853	0.437461821539062	0.670403787026889	0.851447113960873	-6.25814896553397
370	0.140339538048224	1.79112619047322	0.437410246130276	0.670440038857859	0.851447113960873	-6.2581724638038
2317	0.131236166973993	1.02427359255406	0.436920856391361	0.670784069618774	0.851447113960873	-6.25839530171422
696	-0.126860035669173	2.60633116756121	-0.436847811061007	0.670835425736364	0.851447113960873	-6.25842854142449
2245	-0.161628674213643	2.68328830636538	-0.436601376728752	0.671008699765523	0.851447113960873	-6.25854064329157
2233	0.0540391466666542	1.19068587045437	0.436467725051813	0.671102681913906	0.851447113960873	-6.25860141532669
2314	-0.0908795746750959	0.837097306306756	-0.436082955940713	0.671373279491344	0.851497817891461	-6.25877627144204
770	-0.119341511492851	1.4593232481062	-0.435477309178118	0.671799313033247	0.851745557595724	-6.25905120286261
1913	0.108228599717451	2.13949840961108	0.433855381649376	0.672940828681948	0.852578003835501	-6.25978565666492
3397	0.0793483741989111	1.24081697537825	0.433479990425009	0.673205152804927	0.852578003835501	-6.25995526748591
753	-0.0525506266206299	1.08724582344863	-0.433299155002427	0.673332500892528	0.852578003835501	-6.26003692274618
1932	-0.102847919145025	1.17693593134333	-0.43274235373126	0.673724679283106	0.852578003835501	-6.26028813692718
2735	-0.115457129413552	2.91430831129057	-0.43229576052626	0.674039306891818	0.852578003835501	-6.2604894028619
3597	0.191079672192442	2.13052055416387	0.432196836488026	0.674109008302983	0.852578003835501	-6.26053395777991
765	-0.115536015980607	0.69690311357722	-0.432125244970148	0.674159453345626	0.852578003835501	-6.26056619612318
3120	-0.22506600315087	5.23837985779768	-0.431313579345452	0.674731488937004	0.852578003835501	-6.26093133645215
1925	0.180344930067398	2.07095071339323	0.430843534190227	0.675062859904097	0.852578003835501	-6.26114249059646
3568	0.0894441943757308	1.52610736619159	0.43080631551984	0.675089101287315	0.852578003835501	-6.26115920050969
1569	-0.18663508261469	2.59969836620305	-0.430640453768347	0.675206049212776	0.852578003835501	-6.26123364983779
1110	-0.17022330300486	1.50865322509951	-0.43061074189632	0.675226999787379	0.852578003835501	-6.26124698349775
708	-0.121725646895693	0.853415436821313	-0.429810220161154	0.67579157576981	0.85296947056175	-6.26160589567133
3494	0.0780020336538002	1.1287599237108	0.429516044899014	0.67599909828377	0.85296947056175	-6.26173762652335
1165	-0.164837479940959	1.60559271821418	-0.429018237997686	0.676350334531071	0.853121091591635	-6.26196034470988
2714	-0.0669004130073374	1.57535978758096	-0.428481566800629	0.676729082434674	0.853307299299459	-6.26220017141006
542	-0.147523114382458	2.60764120346122	-0.427782103474121	0.677222858979248	0.853630767206399	-6.26251231129544
2266	0.104578929001103	0.782479538590815	0.427463202113785	0.677448035729889	0.853630767206399	-6.26265445958409
2389	-0.196295674039129	1.99835183221888	-0.426724365794553	0.677969855915875	0.853996829765066	-6.26298339790328
1732	0.162645915273495	2.72601497919683	0.426134878108826	0.678386322011412	0.85422997983156	-6.26324545033593
750	-0.105157578235647	0.752086011255436	-0.423818684211032	0.680023773340289	0.85512988566491	-6.2642717084118
2162	-0.115141265818714	2.28714272627116	-0.42303268171682	0.680579837111521	0.85512988566491	-6.26461874182801
280	-0.119361985648891	0.727274999075621	-0.422489819052119	0.680964005725993	0.85512988566491	-6.2648580614188
588	-0.0982595025572549	2.75807383891619	-0.422088331189633	0.6812481883129	0.85512988566491	-6.2650348652382
611	-0.0632319950182441	1.0670475318558	-0.42195755027491	0.681340769312291	0.85512988566491	-6.26509242234702
3473	0.187548755693407	1.9005122695294	0.42175922101668	0.681481178877728	0.85512988566491	-6.26517967480639
3346	0.147133375710384	2.43265387165086	0.421680091545106	0.681537203055452	0.85512988566491	-6.26521447575526
780	-0.0674601636650643	1.21641962313002	-0.421483825152766	0.68167616960369	0.85512988566491	-6.26530076599344
2658	-0.151474247908092	2.48989873327675	-0.421133311197065	0.681924381981294	0.85512988566491	-6.26545477591991
3435	-0.0898200428035283	1.95066022078674	-0.421064318187896	0.681973243218235	0.85512988566491	-6.26548507569617
3713	0.224498686495333	2.57729866992196	0.420936816534115	0.682063544621802	0.85512988566491	-6.26554105818322
707	0.0900490096752841	1.16027569660927	0.420756600360822	0.682191189291125	0.85512988566491	-6.26562015821719
3012	0.0593273320439579	1.40192157482597	0.420725965656852	0.682212888470978	0.85512988566491	-6.26563360106882
92	-0.158014313845549	3.17251136442657	-0.420541409774155	0.682343619493181	0.85512988566491	-6.26571456623777
627	0.098166373664765	0.772245490211012	0.420042165366269	0.682697316259277	0.855282827156176	-6.26593341400443
1539	-0.154101568988995	0.831574507237955	-0.419654366238612	0.68297211307716	0.855336852605453	-6.26610323539626
2668	0.0638106964927126	1.81942742125618	0.4184012003669	0.683860442608001	0.856158953580448	-6.26665097310672
1864	0.196058876068111	2.62464230681954	0.417553554084522	0.684461596263229	0.856358209247346	-6.267020566818
2629	0.0782296084707372	1.83830603410663	0.417522677681098	0.684483498236435	0.856358209247346	-6.2670340159714
3289	-0.105945079506237	0.694785386188511	-0.41715478006773	0.684744487339358	0.856394528203561	-6.26719419090848
3402	-0.107181864069253	1.82065101453282	-0.416826620899225	0.684977322063816	0.856395622438066	-6.2673369493048
2927	0.0705979001468368	1.51345135295096	0.416445756270901	0.685247595185769	0.856443507591692	-6.26750249978113
2424	-0.13792322796703	0.974235539426924	-0.415247904587135	0.686097927532163	0.8572160908456	-6.26802221572905
3330	-0.0845342092483542	1.05076340728278	-0.414589657148638	0.686565398776409	0.857333510209321	-6.26830719504364
1986	0.127225441416582	1.91132854059307	0.414461631745473	0.686656335235363	0.857333510209321	-6.26836257108814
1324	-0.235702687554658	1.97348126792455	-0.414000180709153	0.686984147017771	0.857452829881545	-6.26856202954973
1855	0.112485691769432	1.96362473497107	0.412733153425061	0.687884581121914	0.857862857696212	-6.269108585884
1180	-0.0809147994459708	1.19127881730788	-0.412680290203568	0.687922160272347	0.857862857696212	-6.26913135420166
2058	-0.157194241094191	2.23861595626096	-0.412557109791068	0.688009729587888	0.857862857696212	-6.26918439735068
500	-0.197592089424302	3.9665268844555	-0.411241388248666	0.688945378307987	0.858739478971333	-6.26975000843907
3253	-0.1142512875369	2.04220305875569	-0.410613283142222	0.689392234733438	0.859006456508895	-6.27001940555182
596	-0.0999117805171451	0.615524512844295	-0.40989523458962	0.689903232050119	0.859153004615544	-6.27032689133957
7	0.258053480846599	3.00306661534442	0.409698327025308	0.690043389073133	0.859153004615544	-6.27041112087346
2333	-0.108346581687389	1.53040617743337	-0.408972212560174	0.690560335895772	0.859153004615544	-6.2707213861225
282	0.0675608241610645	1.70093302133858	0.40889592601162	0.690614656608622	0.859153004615544	-6.27075395205712
1960	-0.129516312210574	1.30810226447545	-0.408813459819464	0.690673379658433	0.859153004615544	-6.27078914939881
441	0.0903723291438411	1.17248018150301	0.408434821728019	0.690943030014864	0.859198944700195	-6.27095066740698
2136	0.109684610092074	1.18137416473794	0.406842277328992	0.692077665058002	0.860094105683095	-6.27162842164368
3997	-0.14272605647775	1.16296747118948	-0.406477902548916	0.692337381341187	0.860094105683095	-6.27178313145551
1137	0.0749030145430343	0.699136082541523	0.40644367856296	0.692361777380866	0.860094105683095	-6.27179765571032
1197	0.157933679387864	1.59659399888537	0.404930067915412	0.693441096251298	0.861145148792395	-6.27243882893969
578	-0.0819146025382126	0.847324573311803	-0.404070200961019	0.694054563799884	0.861617165282169	-6.27280204032515
3240	-0.330049380328232	3.08219414647765	-0.402890061945332	0.694896901282221	0.862161762268804	-6.27329931746263
2290	-0.124680175574872	2.0491162210577	-0.402570456532411	0.695125097488467	0.862161762268804	-6.27343374748131
2678	0.166951364273406	2.4817832705314	0.402242972312348	0.695358951899717	0.862161762268804	-6.27357138413531
127	-0.118387732631385	1.54120702615251	-0.402147216265881	0.695427336954632	0.862161762268804	-6.27361160843019
527	0.0795935020929884	1.93702766396578	0.401818448906387	0.695662150739544	0.862163363722859	-6.273749643244
146	0.0952828070000885	1.58627977097457	0.401471865216628	0.695909725549525	0.862180774070083	-6.27389503981759
2414	0.0848030596274625	1.56176952720065	0.40081091425064	0.696381964837773	0.862287611045706	-6.2741719804927
1791	0.144117153688793	2.46565480285819	0.400697416962415	0.696463070459993	0.862287611045706	-6.27421949171975
2641	0.059108995917131	1.73023299082339	0.400098285624364	0.696891277936726	0.862528527704456	-6.27447007849472
3767	-0.0943528442931172	1.79500869586694	-0.39952128190599	0.697303774984361	0.8625812802936	-6.2747110666086
1238	-0.118932917377811	1.42273906541348	-0.399046833680533	0.69764303235119	0.8625812802936	-6.27490896923195
2816	0.121673640495601	1.47021560470184	0.398740978569765	0.697861772759575	0.8625812802936	-6.27503642709104
3016	-0.0521159138580742	1.3888058525565	-0.398731655268309	0.697868441017601	0.8625812802936	-6.27504031086666
1806	0.237377085918997	3.61429623190667	0.398155556097488	0.698280533296238	0.862801783443679	-6.27528012360692
2998	-0.0720692087608325	1.06344061666597	-0.397107886815741	0.699030207488804	0.863280933503735	-6.27571537459806
1750	-0.135935340504806	1.85820984978197	-0.396764664254016	0.69927587821841	0.863280933503735	-6.27585772337439
3450	-0.0518355235314787	0.834752625241801	-0.396490442898501	0.699472185385016	0.863280933503735	-6.27597136862307
1752	-0.100496382660134	1.96963276398763	-0.396262385964499	0.69963546228209	0.863280933503735	-6.2760658239274
1829	-0.12977487294785	1.9247313603801	-0.39598030230408	0.699837441488808	0.863280933503735	-6.27618258274776
2318	-0.134811475510565	1.03472926459321	-0.393588444320486	0.701551048952364	0.864678129784119	-6.27716936655747
2362	0.134716605225539	0.944298100585289	0.393423502373882	0.701669283087206	0.864678129784119	-6.27723720101441
159	0.124677927546248	1.80617356418907	0.393418709941021	0.701672718535542	0.864678129784119	-6.27723917155021
2306	-0.209758835473152	2.43158557909592	-0.392951393024251	0.702007747471742	0.864802336892116	-6.27743120935073
1645	0.131753483873655	1.76526517598545	0.392620542017157	0.702244981319613	0.864806027695801	-6.27756703427348
2040	-0.170522107958058	2.03554453161774	-0.391943802274596	0.702730335072191	0.865115170752427	-6.27784451157022
733	-0.0938472716192433	0.9379015779163	-0.391589150196475	0.702984744858694	0.865139892672766	-6.27798974062422
379	0.087417649706178	0.665033607984802	0.390352366357035	0.703872249837808	0.865403408236579	-6.27849520115478
2095	-0.149833368783389	2.38602972595584	-0.390304874036835	0.703906339114595	0.865403408236579	-6.27851457980282
3610	0.186472266345094	1.83953119049672	0.390230861148673	0.703959465815511	0.865403408236579	-6.27854477527163
2707	0.108362962903657	2.43886574973907	0.389984289659311	0.704136467590109	0.865403408236579	-6.27864533034428
1301	-0.0906349662431209	0.755974906638359	-0.389570358267532	0.704433650195875	0.865480544600057	-6.27881399815251
1970	-0.133756725128744	1.18428463758536	-0.38766259400486	0.70580399894466	0.866875703294638	-6.27958912019513
536	0.136625730641151	2.2488488120967	0.386289045249065	0.706791296997577	0.86775893286087	-6.28014490173046
2621	0.120744897834245	1.65191233514637	0.386008259737519	0.706993193403439	0.86775893286087	-6.28025828046023
3091	0.0764134064843472	1.10649180845586	0.38510267635349	0.707644505978195	0.868159413958121	-6.28062340110477
1778	0.176262392411409	2.02449960992993	0.384900746117445	0.707789771401394	0.868159413958121	-6.280704703351
3175	-0.298040400811801	3.04561878089105	-0.383989862831153	0.70844519764894	0.868674749159709	-6.28107093285054
421	-0.157872280300761	1.94970969696776	-0.382787103500221	0.709311021936891	0.868932337395262	-6.28155322145677
124	0.0877099143919485	1.45805602842469	0.382736554687443	0.709347419675451	0.868932337395262	-6.28157345856403
3067	-0.0584142450824872	1.08542315044051	-0.382717223451349	0.709361339357888	0.868932337395262	-6.28158119709539
1887	-0.199355046897713	2.96118881542785	-0.381471783648172	0.710258366624293	0.86959316747208	-6.28207896081798
2551	0.0967712645692764	0.734723202677316	0.381314221714881	0.710371883287051	0.86959316747208	-6.28214182100245
815	-0.0843991221018714	0.942452067726501	-0.380587368059777	0.710895645556727	0.869945881138693	-6.28243147616577
1761	-0.163984190482065	4.24510062062326	-0.378986336461704	0.712049881027239	0.871069635769571	-6.28306759966063
1216	0.0869049084900156	1.01277896510218	0.378389257428424	0.712480528159358	0.871160610729956	-6.28330416377144
689	0.150306199423007	3.09554130330419	0.378228954067902	0.712596165873366	0.871160610729956	-6.28336761453873
2728	-0.051953080049736	1.37446594006233	-0.377382227406142	0.713207092772085	0.871585327668771	-6.28370232912546
2259	0.202215309804528	3.00116834607466	0.376300074700275	0.713988189818081	0.871585327668771	-6.28412904585004
1115	-0.0955951563723828	1.28028905024919	-0.376215556097088	0.714049209741664	0.871585327668771	-6.28416232319115
1094	-0.0819088820083302	0.471210044006098	-0.376200641179707	0.714059978086684	0.871585327668771	-6.28416819485657
2391	-0.170513335226092	1.95527897556345	-0.376112040130038	0.714123948049305	0.871585327668771	-6.28420307041381
3339	0.0752150267892306	1.9163816968669	0.375551267378694	0.71452887931498	0.871791349117947	-6.28442361893254
3123	-0.153181648513075	4.42998828528112	-0.374456660706992	0.715319554372849	0.872467722082774	-6.28485319814242
1639	0.0740677194493269	1.66416833260877	0.373947189610075	0.715687683565977	0.872628443766707	-6.2850527241303
3617	-0.0604546763618621	1.01528579688585	-0.371150139577339	0.71771009734368	0.874805440539078	-6.28614342984848
1357	-0.388138846740432	3.62723662312371	-0.370468705707394	0.71820315363162	0.875044255631248	-6.28640794576277
837	-0.0665092309825388	1.08136338394648	-0.370224271550547	0.718380048433996	0.875044255631248	-6.28650271371578
1372	0.104621032095887	0.873065392566616	0.368881204693066	0.719352321794879	0.87593956862358	-6.28702233801506
775	0.0847702409567576	1.20895041144758	0.368447297884717	0.719666546936682	0.876033264520353	-6.28718982063646
1524	0.0595274677834758	1.75832741073178	0.367929443141515	0.720041636163238	0.876200962661396	-6.28738945469509
3215	0.0660948523936782	0.943907978204943	0.367382516968844	0.720437865967108	0.876394267265424	-6.28759999875248
2013	0.0913886911774093	1.72900053766855	0.366403304438619	0.721147487419878	0.876700352771124	-6.28797619275545
129	-0.185380577647585	2.46784573698446	-0.366116182314746	0.721355612891641	0.876700352771124	-6.28808631383064
1557	0.0532972129572728	1.67727604415104	0.366052384238001	0.721401861245578	0.876700352771124	-6.28811077113176
2209	0.169410028729927	1.68799018671689	0.365568988813988	0.721752321001773	0.876837633806695	-6.28829594810401
1714	0.172435649570447	4.13003420020518	0.365049753789285	0.722128838791453	0.877006471321725	-6.28849458862888
1790	-0.150445961853417	2.65573806951858	-0.36217621245532	0.724213947332387	0.879249553946456	-6.28958892400645
135	0.0813746227583053	1.4649106852249	0.360443591772826	0.725472311007102	0.880161496312729	-6.290244684709
2289	-0.104601958227624	2.17441636157625	-0.360115487474798	0.725710701512513	0.880161496312729	-6.29036851988499
3830	-0.0807498320165844	2.58652614443382	-0.359839228330322	0.725911446507709	0.880161496312729	-6.29047270202377
760	-0.0670984087525032	0.952272162358823	-0.35982927820674	0.725918677213505	0.880161496312729	-6.29047645293355
1830	-0.0897266268286383	1.86667217328379	-0.358724838051056	0.726721442031968	0.880845556133298	-6.29089216603696
583	-0.0734235012361884	1.07710708049287	-0.355861745439618	0.728804084614314	0.882780265698918	-6.29196403193246
65	-0.248604817706438	2.98860249677622	-0.355805163385146	0.728845266130328	0.882780265698918	-6.29198513027857
2273	0.0963523675178122	2.4150301474306	0.355242512600295	0.729254822981045	0.882780265698918	-6.29219475359977
2054	0.102813302166065	1.82685410915446	0.355216094817673	0.729274054816279	0.882780265698918	-6.29220458794996
2619	0.107410913973902	1.77178001261823	0.354254480038335	0.729974231654974	0.883042775669994	-6.29256207507387
745	-0.0830203973096224	0.987161664690728	-0.353401874615617	0.730595251469192	0.883042775669994	-6.2928782458487
1586	0.0477975636413379	1.75262989768252	0.353114229407548	0.73080481180048	0.883042775669994	-6.29298474519808
2987	-0.0527606828104319	1.36664706997193	-0.353064935457943	0.73084072660139	0.883042775669994	-6.293002987563
2665	-0.0585509266727213	1.94743277830555	-0.35290656978618	0.730956113922251	0.883042775669994	-6.29306157760988
566	0.098388906895783	0.937875945826808	0.352660597447842	0.731135346429668	0.883042775669994	-6.29315252832224
2471	0.0823079501933271	1.45225930895272	0.352619686640256	0.731165158511151	0.883042775669994	-6.29316764949289
2177	-0.0893361006316978	0.618787681715468	-0.351601178441878	0.731907504435178	0.883650263693485	-6.29354355122125
3440	0.138199671381959	2.4835343731324	0.349690811861096	0.733300660894874	0.885042837536409	-6.29424574769095
2385	0.158603421409915	2.28571943740614	0.348154739480692	0.734421588875221	0.886106047754025	-6.29480765342366
1938	0.109811257197496	1.99376003635215	0.347089662096878	0.735199195175743	0.886754468666724	-6.29519584693647
3113	-0.100645109292116	2.07719315697304	-0.346255500083912	0.73580842861621	0.887199450833131	-6.29549906602467
901	-0.0740195667920533	0.938527118927273	-0.345256042557	0.736538636696828	0.887217464181046	-6.29586143118461
680	0.102177908716265	2.63903869878324	0.34525106301047	0.736542275457939	0.887217464181046	-6.29586323401488
134	0.0919208524299338	1.55039728485687	0.345248302819061	0.736544292447157	0.887217464181046	-6.29586423332317
2011	-0.0760888707764726	1.2154418690807	-0.344679320167978	0.736960116590642	0.887428816194603	-6.29607006283662
3094	-0.0480977301040101	0.242671249863778	-0.344326942611041	0.7372176855143	0.887449525568567	-6.29619736902706
2133	-0.0628803795772269	1.57440203317467	-0.340639987358787	0.739914670421977	0.890161482501771	-6.29752174816738
3903	0.0716524057559587	1.35442707646747	0.340587952408852	0.739952759966938	0.890161482501771	-6.29754033968975
2376	-0.0791338846989715	1.70080764953561	-0.339479043930522	0.740764653490029	0.890847915532634	-6.29793588018468
574	-0.0561923031842851	1.52294012660932	-0.339084741692236	0.741053423772428	0.89090499530049	-6.29807622113675
821	0.111079801030697	1.15572502546768	0.338698359864352	0.74133643397777	0.89095511531443	-6.29821358825376
1872	-0.166598622707023	3.06326036427823	-0.338350517856539	0.741591249464604	0.890961611342848	-6.29833712256687
1959	-0.102602606291841	1.16188965167103	-0.338032174854191	0.741824483550356	0.890961611342848	-6.29845007161925
2339	0.100037564074355	2.10644567834963	0.33749608984083	0.742217307698054	0.89099515346279	-6.29864004109763
3327	-0.079400783844925	1.04856608292561	-0.337335395664312	0.742335073686767	0.89099515346279	-6.29869692793166
785	0.124227546871655	1.31735539908134	0.335967649439314	0.743337716377897	0.891685551322207	-6.29918004624608
2605	0.0856504901707412	1.73356285614476	0.335869970785425	0.743409339967006	0.891685551322207	-6.29921447502456
937	-0.112800621585631	1.01849140173267	-0.335512616537641	0.743671394237669	0.891685551322207	-6.29934034812163
3895	-0.194647941143109	2.30352385881383	-0.33523315269532	0.743876353757421	0.891685551322207	-6.29943869401471
3205	-0.104113922415547	1.26374999514813	-0.334701336149353	0.744266446763708	0.891863590214739	-6.29962562357897
207	-0.0563443324743113	1.93913636980943	-0.334193602293303	0.744638944941447	0.891947759326578	-6.29980381718572
586	0.0906240025253009	2.31532447598917	0.333918415724588	0.744840863725076	0.891947759326578	-6.29990028564424
3028	0.0492111118044507	1.28229504071915	0.333617813235482	0.74506145443206	0.891947759326578	-6.30000557491607
730	0.0842627250617917	0.870990770225958	0.33321104216894	0.745359992770685	0.892015913552469	-6.3001479030735
3223	0.160107835320242	2.69804477082931	0.33239309861053	0.745960432193166	0.892445209221377	-6.30043358480601
1816	-0.143152780517128	2.25932895834881	-0.3313246273291	0.74674504600677	0.893055831842986	-6.30080573230461
2556	-0.126690877000862	2.30970700687077	-0.330755707526363	0.747162945297251	0.893055831842986	-6.30100340780557
1588	0.11377469335224	1.53848230086549	0.330710036798579	0.747196496360505	0.893055831842986	-6.30101926202067
1606	0.169349923097995	2.50492990891376	0.328603444735965	0.748744655706314	0.894055369821938	-6.30174821744103
1090	-0.058849959309901	0.510538371295772	-0.328195706367836	0.749044441611593	0.894055369821938	-6.30188878228762
3779	-0.120959679392946	1.66853888485778	-0.327998194642604	0.749189675908928	0.894055369821938	-6.30195681155369
862	0.105432778742926	0.803191889126885	0.327985166384856	0.749199256203741	0.894055369821938	-6.30196129748598
2332	0.0837301764287377	1.56381257843144	0.327924884956226	0.749243584569089	0.894055369821938	-6.30198205151202
2093	0.169542042970383	2.56334770449847	0.327424440320562	0.749611626583023	0.894205533229248	-6.30215420307516
3172	-0.0858365510423236	2.23130450142051	-0.326984760534924	0.749935034153889	0.894302372770077	-6.3023052391202
557	-0.0440709798358126	1.35890441494264	-0.326490279412228	0.750298811090329	0.894447274958184	-6.3024748625982
1551	0.0521590629153846	0.971067972491456	0.325792811363082	0.750812028260533	0.894629523598975	-6.30271368972133
3017	0.106423168676723	1.30742916329717	0.325299020480665	0.751175450193793	0.894629523598975	-6.30288247107133
332	-0.0553287605936611	1.64904849310096	-0.325294692573619	0.751178635741284	0.894629523598975	-6.30288394927264
2936	0.0479137904855427	1.45196295553772	0.324154024693209	0.752018391115067	0.895340825539126	-6.30327287362251
3697	0.105562887005284	1.49927361632105	0.323772354059574	0.752299450679811	0.8953867091908	-6.30340270980689
3559	-0.0939987159811969	2.07666207308737	-0.321526477846281	0.753954058167803	0.89706683298599	-6.30416367159844
3065	-0.0412814505044957	1.30589215055519	-0.320844104784136	0.75445704041879	0.897178254044068	-6.3043938488594
933	-0.0705166062299615	1.00000189011153	-0.320500491955524	0.754710365126019	0.897178254044068	-6.30450957440324
1889	0.0979136419897531	1.90389657136204	0.31991526725665	0.755141884976015	0.897178254044068	-6.30470639262095
2315	0.0743321928774826	0.729801315334662	0.319882028549808	0.755166396413456	0.897178254044068	-6.3047175606179
2337	0.156217834192125	2.66666101258216	0.319751393912924	0.755262733902753	0.897178254044068	-6.30476144201137
1804	0.075615952931763	1.06856376338955	0.319053546844062	0.755777440186541	0.897500903560215	-6.30499555758848
2343	-0.0769853869933052	1.90664593750916	-0.318439537304471	0.756230413609256	0.897750060143206	-6.30520113224292
833	-0.0889845060263317	1.04236714065495	-0.317293000466361	0.757076505103156	0.898065748558595	-6.3055839608871
991	-0.123408345128262	1.79325018067541	-0.317036063986303	0.757266158166939	0.898065748558595	-6.3056695661891
942	0.0562850157272538	0.454187252957262	0.316774999848641	0.757458875117969	0.898065748558595	-6.30575647705143
3640	-0.107613016975569	1.40726867848399	-0.316575995309511	0.757605791405249	0.898065748558595	-6.30582268047532
624	-0.0813520969856038	2.32673513590529	-0.316431368164786	0.757712569544968	0.898065748558595	-6.305870768402
3049	0.0672494556949896	1.23800676998455	0.315628395844176	0.758305499727669	0.898480072206211	-6.30613736125252
3888	0.100146200355965	1.00894433515558	0.314638894247949	0.75903639048153	0.898570450631061	-6.30646496908212
2363	-0.214137123852908	1.20142119891845	-0.314508188832975	0.759132953868434	0.898570450631061	-6.30650816803967
3641	-0.148309124894675	1.25499714120413	-0.314325654815681	0.759267814715588	0.898570450631061	-6.30656846719991
2765	-0.0574270800657952	2.16377807297238	-0.314207235572652	0.759355310392446	0.898570450631061	-6.30660756800677
1826	0.158199556373837	2.71273668283109	0.313545643624688	0.759844201478089	0.898860875314676	-6.30682575276609
2411	0.0643529075795093	1.01863566730028	0.312592249065734	0.760548916622695	0.899161061258707	-6.30713937650661
1194	0.0855764862795879	0.543892217094879	0.312543377035047	0.760585047213148	0.899161061258707	-6.30715542793904
524	0.0536284630411135	0.988774139338522	0.311357292584247	0.761462090324212	0.899574697943325	-6.30754422775356
952	0.0595346506471551	0.822376265296023	0.311151038683191	0.761614639388507	0.899574697943325	-6.30761168990058
2281	-0.100209708542182	1.44152601852486	-0.311081733924206	0.761665900804668	0.899574697943325	-6.30763434845926
2350	-0.107149336672878	2.26297829731228	-0.310378140286493	0.762186383087517	0.89983730662502	-6.30786410146635
449	0.0691989099035865	2.28626129556152	0.310122256975414	0.762375702904405	0.89983730662502	-6.30794753151081
2358	0.1379926400811	1.63694686485243	0.308007212238242	0.763941178354452	0.901151260076722	-6.30863454864863
3118	0.20843125388281	5.88380556714528	0.307958700989983	0.763977097518998	0.901151260076722	-6.3086502521017
2975	-0.0422127357787569	1.14186432731941	-0.307575692027456	0.764260709099043	0.901197872243266	-6.30877414966038
1504	-0.126482239784955	1.59606463653979	-0.307239406525283	0.764509752596717	0.901203705806858	-6.30888280804566
1847	0.0813815083425865	1.83774697885563	0.306613995784465	0.764972988141873	0.901434111638791	-6.30908457624329
2511	0.0796022981150412	1.49082803562909	0.306316292095349	0.76519352813542	0.901434111638791	-6.30918047868082
2976	-0.0507040022610969	1.65798027319358	-0.305452691304002	0.76583340999746	0.901900143448364	-6.30945816177192
2215	-0.130953794857515	2.59927462866036	-0.30436045229059	0.76664296237958	0.902298246357301	-6.30980825841981
1976	0.155720628333023	2.48956444028558	0.304337148461715	0.766660238034359	0.902298246357301	-6.30981571459897
205	0.0449243339114805	1.86289083514658	0.303504905765263	0.767277285295534	0.902736691303732	-6.31008162717916
2684	-0.0653619582908031	1.81674272482499	-0.302977898354885	0.767668110213341	0.9029087807925	-6.31024964305568
1823	-0.100999545653359	1.94731787709607	-0.302642683228597	0.767916738538328	0.902913566459716	-6.31035636410343
867	0.0865433865836426	1.12171892077037	0.30208420119244	0.768331024125986	0.903113066244234	-6.31053390787553
993	-0.0747273636610274	1.35317560710797	-0.301265618876769	0.768938390610357	0.903307016902854	-6.31079355624019
3008	-0.0980924417897894	1.56713600809325	-0.301202322853527	0.768985361355815	0.903307016902854	-6.31081360443832
2638	-0.0685844090258193	0.786255261854759	-0.300366418752354	0.769605760455466	0.903375855769415	-6.31107797787273
3176	-0.16457150906722	2.82764453977326	-0.300173415828432	0.769749029169241	0.903375855769415	-6.31113891675988
3086	0.0364161197943266	1.17327487606867	0.300134365382428	0.769778017944361	0.903375855769415	-6.31115124189376
2667	-0.0474687595342682	1.86178400060485	-0.298615963719832	0.770905475905862	0.904223592005076	-6.31162925882042
465	-0.086311557345934	1.80672160575068	-0.297955201714105	0.77139628435019	0.904223592005076	-6.31183653287655
2679	-0.107515004803426	2.54498121436071	-0.297626772431826	0.771640277830104	0.904223592005076	-6.31193938971306
898	0.0544888069822192	1.46371287580516	0.297565691406799	0.771685658401196	0.904223592005076	-6.31195850664766
3069	0.0422479146673934	1.30737431549541	0.297512798558475	0.771724956231851	0.904223592005076	-6.31197505775729
3688	-0.0897451443196773	1.17128767222977	-0.296508579895545	0.772471188201104	0.90474083460135	-6.31228874667762
472	0.0694687027693443	1.03053526639784	0.296259233028185	0.772656514490265	0.90474083460135	-6.31236647380988
2846	0.0634930012811662	0.988557130263337	0.295374901677133	0.773313910598905	0.905223512343424	-6.31264162167775
1797	-0.0994834640814479	1.83957093068726	-0.29503087419581	0.773569704798063	0.905235927136117	-6.3127484426607
3404	-0.0554358402160089	1.59400307508923	-0.293965245853837	0.774362208193599	0.905876195389978	-6.31307854462641
679	0.0857819874120946	2.77463881071657	0.293421635547929	0.774766592661528	0.906062166647565	-6.31324648739355
2635	0.0628690848686739	1.06907393423103	0.293049531587491	0.77504343616536	0.906098912705038	-6.31336126875946
443	-0.0917737576954779	2.15129478847099	-0.29259035241407	0.775385108304075	0.906211402297766	-6.31350271235024
2485	0.084207705874061	1.77694343590565	0.291894082954866	0.775903292655427	0.906530049520201	-6.31371677191426
2503	-0.0826375347333917	2.36772603647669	-0.291365166085777	0.7762970045824	0.906703113229428	-6.31387904560058
2849	-0.0619601493183445	0.875627012720273	-0.290633017227997	0.776842105638431	0.906876335273424	-6.31410319375671
3636	0.0744571697021101	1.54816685012287	0.290506143580375	0.776936578675471	0.906876335273424	-6.31414197984638
742	-0.049258533429851	0.86464079061317	-0.289959710661669	0.777343508325091	0.907064548905257	-6.31430883744885
851	0.0845572739716857	1.11745724423452	0.289565922400577	0.77763680655562	0.907120091565039	-6.31442889212939
1078	-0.0823564341481032	1.24829916746019	-0.288796115393011	0.778210272766567	0.907502314293798	-6.31466312032201
724	0.0977077008446292	2.81119636108754	0.288374590447997	0.778524345542888	0.907581902034841	-6.31479111716154
565	-0.0642424234136962	2.29901093150373	-0.2879995599634	0.778803810702696	0.907621107674986	-6.3149048411805
2843	0.0755484458597219	0.709672167469443	0.28732710816732	0.779304990169321	0.90781330014075	-6.3151083902853
3317	0.0653306286620649	1.23191289579482	0.287118484944446	0.77946049876657	0.90781330014075	-6.31517144470104
2894	0.0558744168888071	1.71632986331422	0.284560966661903	0.781367702223304	0.909747573827953	-6.3159407661049
3539	-0.0576691062918908	1.59808703634738	-0.284228553363814	0.781615701734075	0.909749423329826	-6.31604026091303
2510	-0.0981259851001479	2.52653085656396	-0.283409473896179	0.782226890708243	0.910173867158788	-6.31628493130429
3009	0.0778760863389985	1.32801724958126	0.282804409405831	0.782678482687868	0.910342172278955	-6.31646522588977
2921	-0.0490189362016807	1.51175861784263	-0.282554966636932	0.782864679573587	0.910342172278955	-6.31653944332969
253	0.0363675624906863	1.4251612946871	0.281932897741522	0.783329085715896	0.910471239841937	-6.31672424831029
3405	0.0425966692040899	1.3582907741564	0.281001394374483	0.784024665622026	0.910471239841937	-6.31700023028586
1255	0.0738975605051967	1.07144394485886	0.280804767338817	0.784171517858068	0.910471239841937	-6.31705837113544
2736	0.0564139335518128	2.20228651334726	0.280710553306014	0.784241885365146	0.910471239841937	-6.31708621517286
568	0.0572326605254154	2.12989915326635	0.280132528832773	0.784673650155208	0.910471239841937	-6.31725684319446
986	0.0446541957449209	1.79818498804027	0.280120332985858	0.784682760859139	0.910471239841937	-6.31726043957483
3026	0.0354279711622656	1.30713881508688	0.280094687419044	0.784701919062037	0.910471239841937	-6.31726800158153
3755	-0.0971311672356879	1.48573360283276	-0.279208268596073	0.785364198930105	0.910953384370075	-6.31752895716031
591	0.0627503849264187	0.694358321129195	0.278148060299279	0.786156557560965	0.911472141517075	-6.31784000485927
2327	0.0925124656454589	1.75293008107302	0.277679629864362	0.786506725140727	0.911472141517075	-6.31797706325811
1084	-0.0976876311378179	1.50502636098571	-0.277239283197399	0.786835944220156	0.911472141517075	-6.31810569702735
2246	0.0583215009181117	1.56655286053537	0.276442395901198	0.787431836781367	0.911472141517075	-6.31833797173248
3237	-0.0881886343881231	2.21402836121807	-0.27622748154677	0.787592568810837	0.911472141517075	-6.31840050161329
1749	0.0797844110594344	1.98637742563435	0.276150441466831	0.787650188741751	0.911472141517075	-6.31842290495172
2696	0.0376650539451736	1.62833825746856	0.275403609352056	0.788208829418639	0.911472141517075	-6.31863976528296
2382	-0.107350832940283	1.38502476904157	-0.275350543624081	0.788248528060007	0.911472141517075	-6.3186551521442
3727	0.0392153202139832	1.15141361983272	0.275219628765834	0.788346468577044	0.911472141517075	-6.3186930995275
2631	0.0666818011278625	1.58707927072298	0.275090740441377	0.788442896736625	0.911472141517075	-6.31873044211707
1491	0.0775642809653385	1.26382725384561	0.274847475604863	0.788624906110478	0.911472141517075	-6.31880087583392
3371	-0.0712604824340801	2.47452820629394	-0.274551552688769	0.788846331762627	0.911472141517075	-6.3188864731116
4014	-0.0854363453847867	1.25611563228319	-0.27431834231038	0.789020846232008	0.911472141517075	-6.31895386641297
96	-0.067311024361102	1.40022450062861	-0.273608441996288	0.789552148735131	0.911800604670035	-6.31915866642799
3111	-0.0575377978570052	0.979663149149019	-0.272535685641509	0.790355231809318	0.912442625340839	-6.31946715459516
2465	0.0961548495783353	2.79929508106235	0.271823194288988	0.790888755461931	0.912773143221459	-6.31967138250566
740	0.0705018696977478	0.792119342085805	0.271459776654949	0.791160930959335	0.912801924094333	-6.31977534921989
462	-0.0859797520450263	1.61475518395217	-0.270817918738903	0.791641710767313	0.913071289019969	-6.31995863724836
2832	0.0446864439266028	1.51230115229814	0.270204508749301	0.792101266598409	0.913316013829271	-6.32013340188687
684	0.101183137747508	2.98018988500133	0.269652964232973	0.792514544514492	0.91350724269357	-6.32029020695559
3481	-0.0698454167620455	1.59520294254842	-0.268721566126958	0.793212601987967	0.914026506410603	-6.32055428768706
2687	0.0444514924928371	1.76500067553893	0.267872452969892	0.793849154422201	0.914474595359365	-6.32079425271624
1833	0.0736670701480796	1.35800850529278	0.267191698369762	0.794359607481961	0.914777189901247	-6.32098609744592
104	-0.133565392594301	3.35034275756676	-0.266422956595827	0.794936157498156	0.915155688644588	-6.32120215905456
3273	0.0657530884797592	2.37483403120403	0.265937169762041	0.795300559757255	0.91528979632911	-6.32133837702417
1341	-0.210603759174588	3.22424798962363	-0.263828305256876	0.796883069283193	0.91682527011329	-6.32192687340356
3834	0.0412040304464745	2.24945592349905	0.261411822222251	0.798697593495963	0.917901928524552	-6.32259552863479
377	-0.0598867290600012	0.595336479994968	-0.261124106809578	0.798913720611595	0.917901928524552	-6.32267473664637
3768	-0.0560830723141812	1.66090797116226	-0.261115885096577	0.798919896887231	0.917901928524552	-6.32267699881746
861	0.070431325453956	0.980107636148391	0.260877382205343	0.799099070145221	0.917901928524552	-6.32274259132165
2683	0.0409057216047824	1.62479821435263	0.260254839050791	0.799566807379491	0.917901928524552	-6.32291352289649
923	-0.0627818906042339	0.990012554180375	-0.26017951589623	0.79962340573802	0.917901928524552	-6.32293417702386
396	0.0672345568739578	0.922124254471429	0.259628691880646	0.800037335442417	0.917901928524552	-6.32308503736867
2970	-0.054644561986203	1.55366745245981	-0.259508585263845	0.800127600935069	0.917901928524552	-6.32311789039826
2847	-0.0452105408142257	0.784360156702358	-0.25948978567557	0.800141729942777	0.917901928524552	-6.32312303133303
1853	0.0847851548896997	1.83915868745079	0.258963624859951	0.800537201405389	0.917901928524552	-6.32326676609597
2815	-0.0462621239457375	1.87952369301875	-0.258941693970451	0.800553686307979	0.917901928524552	-6.32327275084645
661	-0.0667920343814073	0.875877175278571	-0.258194068761661	0.801115718280406	0.918261171031127	-6.32347647200409
533	0.0769621575860931	2.60361234761104	0.257010981638719	0.802005352137114	0.918995580412857	-6.32379766419614
1215	-0.0622886795417815	1.28862527245782	-0.256286194268124	0.802550508262708	0.919334929105156	-6.32399371464764
2203	0.172867491239063	3.23120511655036	0.255722641152398	0.802974466443422	0.919535276088435	-6.32414577439688
2319	-0.111233345143395	1.16455747398724	-0.255069129208914	0.803466183289264	0.91981306936557	-6.32432169317411
8	-0.160263188484392	3.73298423925715	-0.2545866485654	0.803829269542833	0.919943478968425	-6.32445128677685
1321	-0.0573435020934944	0.58305411208843	-0.252805218750786	0.805170286725347	0.92119265528044	-6.32492767675597
1854	-0.0749644014348369	1.92364045805669	-0.251602700675378	0.806075884414044	0.921690673371976	-6.32524738587294
610	-0.0421470229131276	1.25702719225411	-0.251542622830314	0.806121135924938	0.921690673371976	-6.32526331905122
1133	0.0372909800586276	1.31139410199993	0.251115142263865	0.806443141973997	0.921690673371976	-6.32537658215269
1203	0.071569015612717	0.81788116787582	0.250901398268454	0.806604161881055	0.921690673371976	-6.32543314330702
3680	0.0857106759654989	1.68259969528501	0.249849718658336	0.807396560879036	0.921983122300254	-6.32571074668997
505	0.0489795397362353	0.380783728596304	0.249530783143649	0.807636910924647	0.921983122300254	-6.32579470582727
685	-0.0933412526434631	2.76297151112652	-0.249430060856347	0.807712819635732	0.921983122300254	-6.32582119874955
3434	-0.0548934010069913	2.14975422954259	-0.249236113596229	0.807858992589741	0.921983122300254	-6.32587218280842
1982	-0.0722644818766166	1.31495640672801	-0.248073807261233	0.808735152999153	0.92245183674426	-6.32617690387309
3040	0.0511248599546869	1.50884646528791	0.248028393421073	0.808769392075073	0.92245183674426	-6.32618878141312
881	-0.0449226008931251	1.0421284337607	-0.246029976088813	0.810276482424112	0.923660677303891	-6.32670931933881
3022	0.030421366999369	1.30369009410226	0.245770761685765	0.810472026015453	0.923660677303891	-6.32677653325548
2349	-0.0873220649089615	2.34544808719845	-0.245627912903002	0.810579792650218	0.923660677303891	-6.32681354380182
1946	-0.0590633225729838	1.67967514023628	-0.244561887555559	0.811384143056589	0.923984524268757	-6.32708906751762
1385	-0.24675410855169	4.12721176489358	-0.24433830289551	0.811552873816274	0.923984524268757	-6.32714670465662
2404	0.0670567694884775	2.2612482299563	0.244038853703143	0.811778872316558	0.923984524268757	-6.3272238170103
3196	0.0827019045476692	3.30883915393577	0.243641875671752	0.812078504862218	0.923984524268757	-6.32732590027309
3000	-0.0330456511407355	1.20671460983514	-0.243553844030044	0.812144953978211	0.923984524268757	-6.32734851543036
2900	0.0300815491272753	1.10062861072768	0.243261557934108	0.81236559203044	0.923984524268757	-6.32742354520286
2730	0.0297938534655157	1.19313432739549	0.24259744890036	0.81286697147002	0.924270051945585	-6.32759369067271
1705	0.0744074177352921	0.556921492980801	0.241559474602634	0.813650782060204	0.924876443154641	-6.32785869959533
433	0.0489320244239814	2.41443539357304	0.240560180840824	0.814405585461567	0.925204792699259	-6.32811277115254
920	-0.0660281710186841	0.944874704344444	-0.239932191465929	0.81488002994531	0.925204792699259	-6.3282719051517
515	-0.0382221911522039	1.50991487223245	-0.239897793096659	0.814906020078157	0.925204792699259	-6.32828060989524
736	-0.0530318202092531	1.08484730301249	-0.239782261375198	0.814993313270787	0.925204792699259	-6.32830983695516
1352	-0.187404631772405	3.87300818335065	-0.239436808966019	0.815254345083184	0.925204792699259	-6.32839714597187
2979	-0.0389588485841573	0.95971564950548	-0.238942198162809	0.815628125268136	0.925204792699259	-6.3285219362575
3583	0.0864175656618775	1.56063771949388	0.238855267072543	0.815693824549319	0.925204792699259	-6.32854384259471
3117	0.173230792769538	5.31926381644579	0.238286427183597	0.816123769130647	0.925408155906127	-6.32868699368568
3685	0.0316848918880136	1.6272011674684	0.23771273779136	0.816557443259986	0.925552190847793	-6.32883102319602
1486	-0.196331172532757	4.18103780525024	-0.237455160229637	0.816752177080745	0.925552190847793	-6.32889557847245
3150	-0.0522203186952948	1.0660081939427	-0.237046585282127	0.817061094515694	0.925618153099706	-6.32899783538876
2978	0.044876266023782	2.22183935976929	0.234712714194871	0.818826321648977	0.927333367953381	-6.32957860939408
161	0.0599162918408776	1.42807824808455	0.23395825942213	0.81939718009753	0.927695304789967	-6.32976513612925
3535	0.0474954364323372	1.11442278228905	0.233183645994794	0.819983405581971	0.928074412449	-6.32995602843303
2261	-0.0448824988885481	1.36371466547885	-0.232350542859323	0.82061402442147	0.928503517672101	-6.33016063538053
2811	-0.0444224826545215	1.76541050633007	-0.230985851440338	0.821647316512453	0.92938783473161	-6.3304942322249
2929	0.0499904694175551	0.969968231164034	0.229822556366502	0.822528398740256	0.929861948233008	-6.33077706219722
1050	0.0855422598051219	1.08894762550799	0.229767394307574	0.822570184975354	0.929861948233008	-6.33079043855002
3373	0.0357530092199109	1.93347504280243	0.228533858159121	0.823504760609917	0.930633479085342	-6.331088730702
3173	-0.0702538616663557	2.19795004643493	-0.226250351880614	0.825235590123359	0.931773753203226	-6.33163672944402
14	-0.0590601082625998	3.77838076004191	-0.226236300423248	0.825246243728842	0.931773753203226	-6.3316400846614
2141	-0.0826263310642119	2.17473263167533	-0.226203776853473	0.825270902755837	0.931773753203226	-6.33164784987184
3021	-0.0395135489403442	1.46527335998823	-0.22586745821072	0.825525907561323	0.931776719876614	-6.33172808327417
1359	-0.231880586687772	3.770337551926	-0.22469964826969	0.826411532270236	0.932491252182675	-6.3320057622703
356	0.0559227178203201	1.49281170055898	0.224304429808236	0.826711308931151	0.932542519182056	-6.33209941348166
3119	0.13782216966606	5.69630538974119	0.223503533669199	0.82731888424617	0.932542519182056	-6.33228869358284
2772	-0.0517085477509466	0.751463555613413	-0.223433164960115	0.827372272970631	0.932542519182056	-6.33230529214972
1810	0.105364980992013	3.10858642917813	0.222776435274211	0.827870577627128	0.932542519182056	-6.3324599518779
1743	-0.0990924566939923	2.9661874362904	-0.222670961262786	0.827950615197767	0.932542519182056	-6.33248474896035
788	-0.0540353765250141	2.31496671627227	-0.222444286249045	0.828122631477434	0.932542519182056	-6.33253800119899
64	0.144676017362248	3.17272846220002	0.222309317035576	0.82822505969609	0.932542519182056	-6.33256968368552
3760	-0.0676969234586454	1.28323732415643	-0.221708979978496	0.828680696332854	0.932600303934871	-6.33271037517297
2701	-0.0614268230689735	2.91316070294021	-0.221084861723514	0.829154452078235	0.932600303934871	-6.33285624029448
318	0.0853416350624022	1.30967672278519	0.220748709941761	0.829409647682394	0.932600303934871	-6.33293463484838
706	-0.0475717562298303	1.06577482538524	-0.220523767210433	0.829580428464195	0.932600303934871	-6.33298702813949
3684	0.0576998742444009	1.32508228081297	0.220498850895105	0.829599345969764	0.932600303934871	-6.332992828351
1377	-0.203316315164386	4.23738423599429	-0.220245137440177	0.829791982238908	0.932600303934871	-6.33305185275069
1351	-0.179894064397178	3.89333934970619	-0.219640733374068	0.830250933488172	0.932731115436707	-6.33319219126116
2023	0.0604004560901793	1.8352831650723	0.219168243619019	0.830609762424996	0.932731115436707	-6.33330163404548
460	0.0988941624929899	2.47413235687583	0.219093828040266	0.830666280486428	0.932731115436707	-6.3333188496364
2941	-0.0502130289669366	2.50880603269427	-0.218031826311796	0.831472971735014	0.933353059180806	-6.33356390598094
3189	0.0477040683388922	2.07085142925086	0.217623836838225	0.831782932602427	0.933417199747161	-6.33365773560941
21	-0.0698778528397415	3.40649905556472	-0.216663640931553	0.832512538004063	0.933628771800454	-6.33387787466606
1894	0.0652366645247613	1.9361429344351	0.216235266696916	0.832838091725146	0.933628771800454	-6.33397577455593
171	-0.0441374002569161	1.46664740924684	-0.216125628650478	0.832921419178376	0.933628771800454	-6.33400080017742
2387	-0.0739111883505905	2.05459615192306	-0.215879768048457	0.833108286735669	0.933628771800454	-6.33405687377976
2764	-0.0372503953918465	1.93184128823374	-0.215711925934733	0.833235862156689	0.933628771800454	-6.33409511731648
3717	0.0812559342423619	2.39970041334745	0.214687875083416	0.83401434358528	0.934217523215065	-6.33432781293318
3107	-0.0426597694291265	0.797054424915105	-0.214155925182423	0.834418804397704	0.934387086999188	-6.33444825502388
1	0.109797717673443	3.37848835179364	0.212578405623832	0.83561854411229	0.93445331714275	-6.33480368933468
3764	0.0416561200485882	1.05933135798949	0.212336991045147	0.83580218413002	0.93445331714275	-6.33485785311647
3038	0.0382742705369646	1.22417576692875	0.212145924098506	0.835947532811557	0.93445331714275	-6.33490067764473
3174	0.0634998271480288	2.31047798618912	0.21206730684547	0.836007340486488	0.93445331714275	-6.33491828731586
2208	0.037585296596687	1.86404665761705	0.210942705946308	0.836862993482643	0.93445331714275	-6.33516948101892
2335	-0.0925981128581117	1.52772203125712	-0.210728308210936	0.837026143182686	0.93445331714275	-6.33521721913739
3221	0.0739537556867452	2.37957374081254	0.210601825848402	0.837122395907221	0.93445331714275	-6.33524535931353
2489	0.0510161451755365	1.3406712357195	0.210333680636258	0.83732646289024	0.93445331714275	-6.33530496165991
20	0.0857163002470925	3.42168603108316	0.210039013101325	0.837550728643415	0.93445331714275	-6.33537037245412
1892	-0.0665814652814454	1.70937394252787	-0.209950876650628	0.837617810524494	0.93445331714275	-6.33538991946469
2509	-0.0797898678121003	2.73720747319907	-0.209768218382759	0.837756838578215	0.93445331714275	-6.33543040373939
2417	-0.0892323296953968	1.56100911430878	-0.209469726430246	0.837984044465921	0.93445331714275	-6.33549648611921
688	0.0829274944992267	3.34116483455429	0.209417172004512	0.838024049406792	0.93445331714275	-6.33550811134972
1994	0.0580079572828244	1.9165903684409	0.209360378338121	0.838067281837631	0.93445331714275	-6.33552067106356
1961	0.0616723754379629	1.35784728871256	0.209088193826272	0.838274481683854	0.93445331714275	-6.33558081679163
3414	0.0392239086110578	1.6153931176728	0.208499506494595	0.838722662460887	0.934542307612814	-6.33571063604258
962	-0.0682528506853406	2.71557751857957	-0.20831838624474	0.838860565392433	0.934542307612814	-6.3357505042495
2754	0.0351906551311778	1.74441274661256	0.207093935893756	0.839792996498699	0.935298866688747	-6.33601912895397
1850	0.0823928195267595	2.61683472268826	0.206258888393834	0.84042904116301	0.935724975866657	-6.33620142410042
860	-0.0357964481506519	1.89768030307657	-0.203858348924523	0.842258162937098	0.937034586444831	-6.33672140493021
157	0.0460837349765118	0.581651446659002	0.203604926116474	0.842451318752237	0.937034586444831	-6.3367759464304
3769	-0.0352052221503228	1.69166854029584	-0.203446970062777	0.842571716444982	0.937034586444831	-6.33680990758324
1953	-0.0760634595419123	1.88726143333805	-0.203249290849538	0.842722397965487	0.937034586444831	-6.33685237252543
2745	0.0334650601152355	1.53249587522936	0.203013466690981	0.842902164194588	0.937034586444831	-6.33690297809252
3729	-0.0272754787832605	1.07293080003889	-0.202124971164522	0.843579538869525	0.937034586444831	-6.33709311704306
3581	0.0344025638281145	1.67245485002693	0.202052620370825	0.843634703787613	0.937034586444831	-6.33710856375197
2370	0.0720539164909048	2.69427308188092	0.202051327687208	0.843635689421077	0.937034586444831	-6.33710883968672
4001	0.0523667723154687	1.05414412016735	0.198459347212551	0.846375545696435	0.939525564222768	-6.33786881382908
9	0.0927985879734479	3.79806132427115	0.19786420918645	0.846829705753112	0.939525564222768	-6.3379934238318
458	-0.0566105937864634	1.36898360554452	-0.197826684851404	0.846858343171349	0.939525564222768	-6.33800126822863
1083	-0.0642206122763285	1.07872490158454	-0.19777697148073	0.846896283243058	0.939525564222768	-6.33801165844794
2135	0.0258072667700661	0.959186968356698	0.194684190823552	0.849257415164862	0.941793543318595	-6.33865296027672
260	-0.069127193668426	1.22126544044608	-0.194430920030917	0.849450839450412	0.941793543318595	-6.3387050326021
988	-0.0806643051812199	1.12298256973812	-0.193921313028262	0.849840060513861	0.941796296157388	-6.33880960355873
3392	-0.0458301185024089	2.23545408044797	-0.19364613903039	0.850050246782163	0.941796296157388	-6.33886595575756
1159	-0.0389935647785576	1.44019494848915	-0.193127139897698	0.850446707284305	0.941796296157388	-6.33897202405951
777	-0.0595271476508059	1.21534971778771	-0.192979115709689	0.850559790060375	0.941796296157388	-6.33900222408935
940	0.0275462708237561	1.15380989712383	0.192757921064053	0.850728777812809	0.941796296157388	-6.33904730957356
116	0.122977153044664	3.37712354645006	0.192317859019552	0.851064998677177	0.941886083667907	-6.33913685350642
2275	0.0647227052261008	2.76806336534237	0.191797083698503	0.851462926982577	0.942044089427532	-6.33924255844448
529	0.0259499735811426	1.62854305379006	0.191006229981868	0.852067306944102	0.94220631858059	-6.33940253852411
288	-0.0476941366674319	0.758058598337316	-0.190833034683724	0.852199678168094	0.94220631858059	-6.33943748620485
3035	-0.0244019167221496	1.21772052709321	-0.190603438090817	0.852375163612993	0.94220631858059	-6.33948376611507
900	0.0456892511904694	0.744334968916488	0.189836336542492	0.852961535856286	0.942572280868425	-6.33963798993672
2405	0.0569302848968893	2.2549978084026	0.189005103599804	0.853597035099183	0.942992296105979	-6.339804409907
2291	-0.0485528322384639	1.97757024992586	-0.188066652222412	0.854314636294301	0.943335637949997	-6.33999142420203
2842	-0.0425277012288354	0.76337596791662	-0.187930387947864	0.854418844340409	0.943335637949997	-6.34001850203004
1097	-0.0392954224604043	0.912032207406042	-0.186869261138625	0.855230439903446	0.943736214535988	-6.34022869739003
3239	-0.116436638405382	2.90796088260921	-0.186787611311762	0.855292896489008	0.943736214535988	-6.34024482216818
2662	0.0355986528417705	1.66818107112364	0.186361731397612	0.855618682577389	0.943813616993045	-6.34032881442613
3789	0.0324973579478435	1.43233470110577	0.18480770993561	0.856807703464959	0.944578643078538	-6.34063368382741
206	-0.0300774586586635	1.91397633196059	-0.184515607720958	0.857031239837364	0.944578643078538	-6.34069070554974
3293	-0.0451709845341112	0.804556346893851	-0.184119223037372	0.857334601192673	0.944578643078538	-6.3407679410976
2467	-0.0504982721430281	1.49869667913023	-0.184117918799946	0.857335599392248	0.944578643078538	-6.34076819495584
3721	-0.034077807671463	1.5192065695043	-0.183208903616165	0.858031378589197	0.944825052231341	-6.34094469211231
2392	-0.0675304335905371	1.8306483873286	-0.183157049498163	0.85807107262505	0.944825052231341	-6.34095473409761
1814	-0.0914535434955425	2.23086535752262	-0.182550750574906	0.85853522148501	0.945054274812957	-6.34107193938789
2985	-0.0543287687111364	1.32897786083452	-0.181441046502172	0.859384894259412	0.945707609420491	-6.34128545905996
2496	0.0407381241765361	0.836403493267184	0.180194543030078	0.860339533140826	0.946476029903436	-6.34152375762566
2907	0.0315461304626029	1.56345265162025	0.179600970740877	0.860794204684601	0.946539160534449	-6.34163665916321
2163	0.0413036893354914	2.37467166222727	0.179450242314564	0.860909669846879	0.946539160534449	-6.34166526980418
3742	0.0296322809865815	1.78846626225168	0.178738568430344	0.861454891892119	0.94661742794948	-6.34180003428798
1340	-0.134733350896838	3.15283814150975	-0.17821917868063	0.861852850429758	0.94661742794948	-6.34189805135211
3547	0.0513141956468811	2.23781698074742	0.177896313520326	0.862100251264129	0.94661742794948	-6.34195883821908
1663	0.0312425393008043	0.675251472277062	0.177838337516608	0.862144677987995	0.94661742794948	-6.34196974194576
2420	0.116549800630347	1.18896388018809	0.177573584287528	0.862347563413907	0.94661742794948	-6.34201949000436
1423	0.0909292449795618	2.51547232186349	0.17705081220714	0.862748204089129	0.94661742794948	-6.34211750435085
2839	0.0329262426248453	0.80920687264615	0.176651136737829	0.86305453357039	0.94661742794948	-6.34219224559972
2451	0.0431484373204577	1.66218099799682	0.176423424723391	0.863229072969441	0.94661742794948	-6.34223475376485
3930	-0.028894321520061	1.34890105161215	-0.176285343525072	0.86333491480164	0.94661742794948	-6.34226050354088
3498	-0.0337827953276799	1.40464556570357	-0.17549528412808	0.863940564085802	0.94661742794948	-6.34240745065545
2937	0.0209281764027422	1.21688086214291	0.17461078669797	0.864618716885263	0.94661742794948	-6.34257118423509
1744	-0.0718785050553694	2.72046691519876	-0.174587949978259	0.864636227534602	0.94661742794948	-6.34257540075823
2312	-0.0702695632650547	1.42687227548709	-0.174025522646903	0.86506750731576	0.94661742794948	-6.34267907309846
1625	0.0241477100477616	1.13984835556006	0.174015788530688	0.865074972023212	0.94661742794948	-6.34268086446213
3153	-0.0949731747623295	4.13950485508129	-0.173720990743757	0.865301047271231	0.94661742794948	-6.34273506872878
1563	0.0648854606678582	1.88183895135502	0.172300551053751	0.866390534012406	0.94661742794948	-6.34299496307719
1893	-0.033993487559112	1.87171650344274	-0.172288284546222	0.866399943774615	0.94661742794948	-6.34299719820969
1849	0.0770750184161965	2.54406965538824	0.172252824049435	0.866427146002848	0.94661742794948	-6.34300365872774
3220	0.0430517139560024	2.37702384726891	0.17215155238268	0.866504833869314	0.94661742794948	-6.34302210204659
1900	0.0510076421134636	1.8784410382125	0.171409496478077	0.867074127300737	0.94661742794948	-6.34315691418212
89	-0.106290277301499	3.53386119753319	-0.171289001418189	0.867166576641086	0.94661742794948	-6.34317875032899
2010	0.0474979442517997	2.09634892868141	0.1710642754194	0.867339002295852	0.94661742794948	-6.34321943443857
1074	0.0439997228784736	1.19295352461613	0.170776605368876	0.867559733612063	0.94661742794948	-6.34327143634637
3620	0.0413310088774613	1.59288884863564	0.170772359106149	0.867562991888803	0.94661742794948	-6.34327220328838
2805	-0.0264856072293732	1.27965443729045	-0.17064982094995	0.867657019969225	0.94661742794948	-6.34329432744159
1966	0.0669560147027017	2.56553789115575	0.170358969204415	0.867880209896786	0.94661742794948	-6.3433467772308
3496	0.0349305988634208	1.09098101839956	0.170229248742118	0.867979756939843	0.94661742794948	-6.34337014125078
3064	-0.0219092343340349	1.34879662394246	-0.169994419121899	0.868159970486712	0.94661742794948	-6.34341239151438
2988	-0.0445463884525528	1.55954560417734	-0.168855003657846	0.869034494729965	0.947069299212201	-6.34361657025142
73	-0.0902219264254721	3.59169829788035	-0.168634468334302	0.869203781237265	0.947069299212201	-6.3436559315629
652	0.023570082017094	1.42027255408159	0.168451875410386	0.869343947732977	0.947069299212201	-6.34368848216911
1910	-0.0747366322389068	2.26897736893964	-0.16778244133252	0.869857875428235	0.947134434611887	-6.34380752130219
1145	-0.0617193234143664	0.870084636687532	-0.167606413027009	0.869993023644136	0.947134434611887	-6.34383874446605
3003	-0.0529073728779346	1.55394418007287	-0.16712569783058	0.870362121646001	0.947134434611887	-6.3439238456391
1767	-0.063088113855581	3.20408551187519	-0.167026656203738	0.87043817082956	0.947134434611887	-6.34394134880538
2340	-0.0465492525954456	2.09925553696851	-0.166703361697921	0.870686422284059	0.947134434611887	-6.34399841131097
145	0.0573499375037954	1.84421943128698	0.165401137224436	0.87168652207741	0.947943045510987	-6.34422714441335
734	-0.058212125521993	1.23332193164995	-0.164896554494382	0.87207410149706	0.948010486890626	-6.3443152936815
614	-0.023509061677167	1.55878260041549	-0.164651836445848	0.872262086665074	0.948010486890626	-6.34435794879456
3238	0.0621919239520559	2.50601954325772	0.163788669335355	0.872925211950784	0.948348885241665	-6.3445078982949
0	-0.0891842694004714	3.44537290136285	-0.163577864085688	0.873087177935109	0.948348885241665	-6.34454440027411
887	-0.0295183271752745	0.536134020101474	-0.162652499333517	0.873798226511154	0.948635570029996	-6.3447040785042
1736	0.0692755166698751	2.13942203007064	0.162565609779966	0.873864998286028	0.948635570029996	-6.34471902562302
571	-0.0257392018324001	1.7250509359558	-0.162099808347096	0.874222968939918	0.948745209090587	-6.34479901931884
1161	-0.035084804918234	1.52562567213746	-0.161618686078759	0.874592744662197	0.948867591329072	-6.34488140433381
2718	-0.0332535103082585	1.77791769325509	-0.160395373188888	0.875533086138544	0.949582794271735	-6.34508978095949
3391	-0.0445949362182801	2.50494423115143	-0.159766729654835	0.876016392923782	0.949582794271735	-6.34519624998873
2962	0.0206379361987482	1.11334974613635	0.159757403011646	0.876023563729559	0.949582794271735	-6.34519782644587
754	0.0198510483390242	0.984878709425609	0.159218737002289	0.876437737765324	0.949616391818346	-6.34528872030069
839	-0.0206889747033589	1.05481575989094	-0.159048060456627	0.876568977063088	0.949616391818346	-6.34531745631989
2611	0.0378952032404234	1.37629808592842	0.158065656546003	0.877324457940137	0.950156027783803	-6.34548226273002
77	0.0403401862750079	1.83246017904808	0.156145737473269	0.878801268207624	0.951476329097522	-6.34580141118815
3694	0.0450185960297645	2.09368145988245	0.155474994332319	0.879317320888163	0.951656523137058	-6.34591199390922
3194	-0.0389579513232746	1.39344900025551	-0.155259378931479	0.879483222357432	0.951656523137058	-6.34594744090798
1942	-0.0423365230112595	1.68528957871528	-0.154546892656635	0.88003147538008	0.951846881268072	-6.34606422482844
1249	-0.0343517226894869	0.80070176737637	-0.153363177900498	0.880942480679982	0.951846881268072	-6.34625706583748
3825	-0.0370558071416756	0.984785729607753	-0.15325921910625	0.881022497620036	0.951846881268072	-6.3462739314354
2285	-0.0488438530367925	1.56532278171773	-0.152870047798912	0.881322054570883	0.951846881268072	-6.34633696696718
3410	0.0322573735218486	1.70023236199666	0.152792979824238	0.88138137843346	0.951846881268072	-6.34634943102809
2700	-0.0336324220987241	1.9516943129541	-0.152646999196021	0.881493750604136	0.951846881268072	-6.34637302305334
4016	0.0227127790287027	1.29917555493438	0.152573693359581	0.881550180600444	0.951846881268072	-6.34638486159008
3428	0.0567401009198252	1.57660248508967	0.152350949400972	0.881721650578766	0.951846881268072	-6.34642079892138
361	0.027737926384455	0.850008577833834	0.151764987619976	0.882172758650037	0.952055488142629	-6.34651508789848
386	0.0456548359806415	1.46052559898987	0.151374826783641	0.882473151831631	0.952077257875559	-6.34657766929314
2596	0.0590409102791247	1.57436228227929	0.151068929883848	0.882708681936089	0.952077257875559	-6.34662662266836
3306	0.0291059239986435	1.70946961959901	0.150139392380231	0.883424466611029	0.952103846760936	-6.34677477364765
1788	0.0521683520498214	2.85922842067283	0.150105646408294	0.883450454543643	0.952103846760936	-6.34678013500088
2674	0.0322456502429175	2.12583056805411	0.150032244241453	0.883506982395169	0.952103846760936	-6.34679179254351
1815	0.072087328621362	2.12232308335656	0.149404167437482	0.883990699274653	0.952347143776486	-6.34689130994184
2390	-0.065555918121372	2.0346019070775	-0.149068291714676	0.884249396175097	0.952347949439457	-6.34694435812183
798	0.0424202434050654	0.844693440847249	0.14840005181998	0.884764127296988	0.952615396252007	-6.34704954630364
1493	0.0364779718021341	0.422616819544606	0.147847131720739	0.885190072103099	0.952615396252007	-6.34713622610302
3054	0.0202313548609399	1.38467135426512	0.14774106762628	0.885271783461711	0.952615396252007	-6.34715281665384
3013	-0.0259076988049635	1.42662295586924	-0.146238554198409	0.886429463391676	0.953583210618318	-6.34738656615627
109	-0.0823344517958232	2.58727614859256	-0.144202922808018	0.887998350373121	0.954992691400397	-6.34769945799862
1345	-0.0475189477911243	1.9190304529104	-0.143203101732092	0.888769109564784	0.955543259322418	-6.34785153823774
1883	0.0469281127448993	1.90152920427405	0.142703810224841	0.889154057064704	0.955678829310884	-6.34792708961046
544	-0.018236167483063	1.3477365670043	-0.141768922458846	0.889874924192329	0.956175267787567	-6.34806784729003
1792	0.0660093807544562	2.65734902447078	0.141267777559772	0.890261386660578	0.956312202371502	-6.34814292075771
2468	0.04661029583711	1.80196367421368	0.14020906392069	0.891077921345243	0.956910903317812	-6.348300649443
1339	0.105094361414176	3.09607009990474	0.139791289044055	0.891400167358607	0.956978603631281	-6.34836256488628
1402	-0.0247640539800297	1.8269987724376	-0.138342807582857	0.892517596037885	0.957551052846692	-6.34857580848971
3222	0.0582967075100007	2.54576621319944	0.137909192050447	0.892852155658343	0.957551052846692	-6.3486392144244
19	0.0761031159594968	3.74544379771475	0.137897990358939	0.89286079870475	0.957551052846692	-6.34864084977686
213	-0.0459417368525578	1.71224565389289	-0.137671625081547	0.893035461659355	0.957551052846692	-6.34867386883523
598	-0.0186020467563369	1.4071949188821	-0.137361507067565	0.893274757679938	0.957551052846692	-6.34871901684458
2447	-0.04539820057822	1.64485271566192	-0.136387588610583	0.894026333481159	0.957551052846692	-6.34886014353762
748	0.0257553962626063	1.12481012536074	0.136350153321818	0.894055224584382	0.957551052846692	-6.34886554816838
179	-0.0216428405974283	1.31520276612095	-0.135974724928332	0.894344974539003	0.957551052846692	-6.34891966799039
743	0.0396267591459827	2.47881743117708	0.13595930890715	0.894356872736112	0.957551052846692	-6.34892188710632
3449	0.0218955934005116	1.82465895720795	0.135457577456769	0.894744127546003	0.957551052846692	-6.34899397381881
556	-0.0239282218475991	0.355923861787385	-0.135218221044475	0.894928881761249	0.957551052846692	-6.34902826999334
621	0.0494342724550876	0.862158534469985	0.134738928635896	0.895298857157386	0.957551052846692	-6.34909676368714
2643	0.0202205613818496	1.70839415384016	0.134730909844827	0.895305047244524	0.957551052846692	-6.34909790755797
589	-0.027287733403744	2.61423781721217	-0.132826401567529	0.896775433660963	0.958845902425796	-6.34936766174626
3931	0.0198483262932594	1.10770673956247	0.131598958048341	0.897723303810148	0.959581481663887	-6.34953948834071
194	0.041821230972304	2.05569234514405	0.130700774591704	0.898417015002949	0.959818834666099	-6.34966421527507
1629	-0.0188369898813186	0.563048639507706	-0.130581855812146	0.898508868489944	0.959818834666099	-6.34968066519724
3136	-0.0686037649100146	2.68993687579109	-0.130301692876989	0.898725273954687	0.959818834666099	-6.34971936086905
2338	0.0621396931585131	2.30194600903946	0.129584311635375	0.899279437967793	0.960132933770125	-6.34981806681072
2255	-0.0287175211601435	0.682088538850524	-0.127961452769995	0.900533273960894	0.960873676948803	-6.35003935490774
4004	0.0171415859927278	1.1294685035087	0.127848442796838	0.900620597148724	0.960873676948803	-6.35005466106764
648	0.0238503483848487	0.958767246975837	0.126159749858585	0.901925619189391	0.960873676948803	-6.35028177303372
1547	-0.0265687398295298	0.592659810991562	-0.125828560111455	0.902181598362893	0.960873676948803	-6.35032596155642
1701	-0.0277420837481373	0.583423097523346	-0.125702858133441	0.902278757464143	0.960873676948803	-6.3503427028471
2313	0.0694601331925383	1.6911947712916	0.125209190697872	0.902660345092418	0.960873676948803	-6.35040828924801
759	0.0272468107614961	1.09276831377848	0.124392947982357	0.903291328515941	0.960873676948803	-6.35051616707767
390	0.0523501690785616	1.9782007746963	0.124294592612659	0.903367365295399	0.960873676948803	-6.35052911861743
3129	-0.0508006982639905	3.52008028405991	-0.12387588082163	0.903691075242038	0.960873676948803	-6.35058414072944
812	0.0266995076056861	0.982797098136226	0.123791004052753	0.903756696490003	0.960873676948803	-6.3505952716561
2012	0.0548385118447334	2.02634490399095	0.123665624501913	0.903853633255185	0.960873676948803	-6.35061170028877
2421	-0.0751895536726156	1.25314113139619	-0.123654635838746	0.903862129180218	0.960873676948803	-6.3506131393553
2178	0.0292244290530343	0.705792369934341	0.122738927175815	0.904570156830043	0.960873676948803	-6.35073261179179
1584	-0.0217100927725067	0.323441845960959	-0.122419554839314	0.904817116574574	0.960873676948803	-6.35077407200652
710	-0.0338676057380238	1.02809585144178	-0.122235922575223	0.904959117919041	0.960873676948803	-6.35079786197186
827	-0.0402326172854167	0.885949138582733	-0.122180450456274	0.905002014744186	0.960873676948803	-6.3508050415039
197	0.0219707724514676	2.0530018752365	0.122049480187742	0.905103295867483	0.960873676948803	-6.3508219795626
492	-0.0422722806314833	3.0002017757087	-0.121951839278673	0.905178804084867	0.960873676948803	-6.35083459543167
3152	0.0567582993101264	3.36560076985743	0.121667005231865	0.905399079155844	0.960873676948803	-6.35087134040124
1111	0.0246049119991297	1.3760847313364	0.121640145293228	0.905419851593197	0.960873676948803	-6.35087480104242
1076	-0.0243595440731153	1.79132994795881	-0.121333781111571	0.905656787034035	0.960873676948803	-6.35091421917261
2783	0.0199450371907533	1.68741761659847	0.121279309209084	0.905698915433866	0.960873676948803	-6.35092121738221
3393	0.0187761282495976	1.76227073435412	0.12073871994914	0.906117021925603	0.96103734247646	-6.35099049904237
1957	0.0393634249737678	1.27373948590801	0.120406753862122	0.906373788326932	0.96103734247646	-6.35103289069522
630	0.0320389279013839	0.901283823753393	0.119239355134841	0.907276827043427	0.961488768320507	-6.35118104168522
2479	-0.0413087211930712	1.46088795130156	-0.119183047709823	0.907320387006676	0.961488768320507	-6.35118815109839
3801	-0.0182117625963041	1.36381761205695	-0.118497327330842	0.907850892412215	0.961774890899827	-6.35127446188151
1723	0.0539245098416123	3.26834751009203	0.116941090838279	0.909055043970745	0.962447448901227	-6.35146850067076
601	0.0161651888080829	1.44277585461853	0.116939473640507	0.909056295416567	0.962447448901227	-6.35146870097977
252	-0.014350579611036	1.06681565622782	-0.116541130579733	0.909364555467088	0.962447448901227	-6.3515179563078
3151	-0.023106225113034	0.96367334292242	-0.116329310140757	0.909528480286127	0.962447448901227	-6.35154407974538
1866	-0.0512961070656051	2.20139909132106	-0.11556902491101	0.91011689044063	0.962594113321838	-6.35163745395722
683	0.045115048430616	3.24747650612452	0.115476465470564	0.910188529145865	0.962594113321838	-6.3516487799185
1955	0.0328503110732111	1.82766818770953	0.115058485737109	0.910512045463285	0.962660501675386	-6.35169981294144
1967	0.0502911553974468	2.02912998755075	0.112907404309337	0.912177249736656	0.963033101546147	-6.35195952861115
528	-0.0352392566061043	2.47347717931034	-0.112611809680289	0.912406111389448	0.963033101546147	-6.35199483579245
786	0.0338515092709478	2.67327450458566	0.112489991634127	0.912500430406623	0.963033101546147	-6.35200935943349
2328	0.0384187509174921	1.76184575430824	0.112387271951736	0.912579963393245	0.963033101546147	-6.3520215939037
2144	-0.0462191809189209	2.66168712612948	-0.112248473127637	0.912687433045229	0.963033101546147	-6.35203810788264
3974	0.015500113577448	1.21049966359626	0.111885887461835	0.912968185793329	0.963033101546147	-6.35208115147142
1364	-0.0382664580008528	1.12200278163274	-0.111765591026322	0.913061334956487	0.963033101546147	-6.35209540151437
2642	-0.0170389441886547	1.79632947675961	-0.111734129625677	0.913085696694739	0.963033101546147	-6.35209912583772
2359	0.0518003513426409	1.61192550078428	0.111446170493294	0.91330867855171	0.963033101546147	-6.35213316513079
2686	-0.02773960437283	1.8471738089763	-0.111052103702032	0.913613837786796	0.963033101546147	-6.35217960526295
799	-0.0219790789122147	0.495378627958996	-0.11089727803787	0.913733736380323	0.963033101546147	-6.3521978063103
2971	-0.020626979734533	2.47723294334694	-0.110187168914518	0.914283680958368	0.963124252506592	-6.3522809609971
1827	0.0436528047569432	2.36026465139204	0.110111924330895	0.914341956943555	0.963124252506592	-6.35228974100674
3416	0.0196740306023267	1.59951589688722	0.109398253507829	0.91489471218799	0.963188434784487	-6.3523727190575
2472	-0.0284154858377719	0.6072887974868	-0.10935959054057	0.914924658935319	0.963188434784487	-6.35237719900431
357	0.0128455604793724	1.3326618665725	0.108216036632089	0.915810471138267	0.963613279668525	-6.35250899015589
3002	-0.0332884881321699	1.27005304625162	-0.108109961808535	0.915892644203562	0.963613279668525	-6.35252114490573
121	0.0354452219849868	1.79488503356271	0.107827819526482	0.916111216586273	0.963613279668525	-6.35255341673145
1374	-0.0411334127141781	2.05049005955425	-0.107303152878962	0.916517689090992	0.96366431505091	-6.35261320510239
1532	-0.0243495425792988	1.72050825740195	-0.107091376763764	0.91668176447963	0.96366431505091	-6.35263725561158
3752	0.0153863950713203	1.43325102325341	0.105942072408699	0.917572268663956	0.964325879848371	-6.35276695037952
3497	-0.0174746018363749	1.19897488042249	-0.104375714956608	0.918786104328863	0.964513048539044	-6.35294145959736
1567	0.0287882893967071	1.63749484878315	0.104289814410953	0.918852678536892	0.964513048539044	-6.35295095482352
3935	-0.0131208668275311	0.996238318963079	-0.104158244963514	0.918954648089085	0.964513048539044	-6.35296548304744
1134	-0.0143766924019869	1.51357903323295	-0.104060869173135	0.919030117699856	0.964513048539044	-6.35297622373776
609	0.0176452054637403	1.32377662415368	0.10402672206686	0.919056583087854	0.964513048539044	-6.3529799878387
2094	-0.0425618029725769	2.53616244226849	-0.102741099131264	0.920053067211716	0.965284434255656	-6.35312080752864
2145	-0.0470154468932095	2.8425305305222	-0.102007525771703	0.920621723159708	0.965412195650283	-6.3532003758097
2632	-0.0304586673485019	1.54625195098462	-0.101909368129162	0.92069781714102	0.965412195650283	-6.35321097948159
3609	0.023008534621624	1.64504719562053	0.101342037974875	0.921137640313862	0.965427013147305	-6.35327206681691
2729	-0.0123086580415407	1.28145737285851	-0.100911455783536	0.921471467949706	0.965427013147305	-6.35331820261528
1755	-0.0240200980393936	1.67793122946243	-0.100687956803856	0.92164475153492	0.965427013147305	-6.35334207267395
3820	0.0148891946792185	1.30436863447774	0.100415585817292	0.92185593239655	0.965427013147305	-6.35337109093015
3073	-0.0163000168051266	1.84301212246299	-0.100204750467324	0.92201940638066	0.965427013147305	-6.35339349934511
2996	-0.0165643534554008	1.5451652918802	-0.0998239766230482	0.922314653977698	0.965462348308949	-6.35343385038085
66	-0.0559757881622545	2.93235459858397	-0.099078173724833	0.922892976300842	0.965793896967888	-6.35351243967694
1796	-0.0343224870494317	2.0022161638696	-0.0976355012837828	0.924011808370844	0.966690732928636	-6.35366279232661
1624	-0.0130715909183586	1.06885545752572	-0.0969386231966953	0.924552318237935	0.96681050613481	-6.35373463117685
3462	-0.0149775047221115	1.34667468055438	-0.096423968696647	0.92495151816369	0.96681050613481	-6.35378735544734
2148	0.0234933002986123	1.70765393662819	0.0963065540343817	0.925042595742905	0.96681050613481	-6.35379934485444
3971	-0.0136024261486278	1.36068776652302	-0.0959123029662976	0.925348421243305	0.96681050613481	-6.35383949580028
2956	0.0128784105244015	1.13167060771744	0.095752847025537	0.925472116806127	0.96681050613481	-6.35385568826541
1727	0.0490305496127652	2.84010690345327	0.0949235459459918	0.926115467895227	0.96681050613481	-6.35393946861672
1918	0.0266082392441381	1.2109942689267	0.0948282722785452	0.926189382379831	0.96681050613481	-6.35394904707242
2277	-0.0274298396331975	2.30309043243758	-0.0947072216541958	0.926283295996626	0.96681050613481	-6.35396120319583
1759	0.046410542558846	4.14982795602811	0.0944496999437083	0.926483090656814	0.96681050613481	-6.353987012428
256	0.0138106657585171	1.52972156659456	0.0936069244138156	0.927136983422896	0.967219480869548	-6.35407098623473
2787	0.0163049654144721	1.59901196862516	0.0912389201100864	0.928974570686767	0.968862744343374	-6.35430291136474
2022	0.0239525696546316	2.22778771435301	0.090707219890703	0.929387233628077	0.969019391853957	-6.35435417110243
372	0.0313593873184665	1.91623523390702	0.0902542879295008	0.929738780128685	0.969112246254971	-6.35439760107619
111	0.0409511938928223	2.67484686835637	0.0892630374559492	0.930508201175113	0.969640496398113	-6.35449189105767
512	-0.0239870499318155	2.90956809693789	-0.087351251964142	0.931992362276492	0.970659913540783	-6.35467080799169
2693	0.0134276815526993	1.95297737988127	0.0870218424044976	0.932248117657279	0.970659913540783	-6.35470124558428
854	0.0173750078110198	1.11970648666428	0.0869869560701715	0.932275204067069	0.970659913540783	-6.35470446237264
1193	-0.0174133795706927	2.60412226480795	-0.0862897479940472	0.932816548377494	0.970940704800453	-6.35476848023319
2957	0.0114200123169208	1.40695662521288	0.0859622289219905	0.933070861492959	0.970940704800453	-6.35479837554224
3206	-0.0181626686221079	0.82058281993179	-0.0851677909728317	0.933687761779619	0.971308880386124	-6.35487041864397
94	0.0240471944571281	1.83236897219411	0.084789829712301	0.933981273868714	0.971340524823463	-6.35490445932939
1699	-0.0141932927973149	1.66062922825192	-0.0834389959996408	0.935030369842651	0.972157737386389	-6.3550248848975
2487	-0.0211515539132533	1.43154425947821	-0.082993829307685	0.935376127378164	0.972243429695997	-6.35506414797041
2572	0.020470379680521	1.12927594085067	0.0812459125249412	0.936733855076368	0.973380634095679	-6.35521628296458
67	-0.0244712247699667	2.78364570221036	-0.0802004463587244	0.937546041787056	0.973847689450623	-6.35530573243877
1138	-0.0252364529914883	1.77352683999362	-0.0799882858846068	0.937710871071767	0.973847689450623	-6.35532374353699
2974	0.0229971457022593	1.30764008311364	0.0792474238604586	0.938286477012542	0.974171449136756	-6.35538626436212
1712	-0.0392358033045303	4.12463381937615	-0.0782759150974629	0.939041337693157	0.974484747462135	-6.35546736871092
2000	0.0238378742318455	1.99493240507831	0.0781590009951297	0.939132183996161	0.974484747462135	-6.35547706167607
646	-0.0219756271528459	2.79226844518445	-0.0773551941783047	0.939756794177528	0.974484747462135	-6.35554331089265
2755	-0.0149261487045711	1.76041410126206	-0.0770261688060815	0.940012480552786	0.974484747462135	-6.35557023162839
1798	0.0211217490815108	1.75335323993504	0.0769322032020154	0.940085502740751	0.974484747462135	-6.35557789881858
2377	0.014522412080795	1.60641095237979	0.076821021936587	0.940171904241638	0.974484747462135	-6.35558695865834
2234	0.00919518085585538	1.0156597893811	0.0758942116080257	0.940892180967802	0.974957600935483	-6.35566197246073
1258	0.0174148126818229	1.22853235277296	0.075020032380992	0.941571605807909	0.975125041178514	-6.35573189292952
4003	-0.0238428023358713	1.453032240244	-0.0750066495354949	0.941582007530174	0.975125041178514	-6.35573295705627
1622	0.00962584243157786	0.699731816345886	0.0743784163849394	0.942070310112172	0.975170211980586	-6.35578269712802
3967	0.0129519149570295	1.07952720048656	0.0739674833469907	0.942389726782086	0.975170211980586	-6.35581500647544
590	0.0146846863974853	1.92778024416058	0.0739310891733547	0.942418016345269	0.975170211980586	-6.35581785932453
3515	-0.0168545795685571	1.90563935102801	-0.0727570905944137	0.94333062180625	0.975697873138625	-6.35590913379506
2732	0.0123917140853112	1.88888083191064	0.0725748775329759	0.943472272434225	0.975697873138625	-6.35592316940873
2543	0.0182461087549591	1.84376879088457	0.072255219968364	0.943720775996217	0.975697873138625	-6.35594770723359
3292	-0.00897415233434043	1.1337310494287	-0.0710806184608878	0.944633971344205	0.976368595241547	-6.35603694363389
3135	-0.0397016140795096	2.72949304828679	-0.0693962489039377	0.945943631455941	0.977441580316641	-6.35616235799826
2120	0.0260575542413489	2.28029590626367	0.0690166483107378	0.946238808297669	0.977441580316641	-6.35619020731301
758	0.0180747922201289	0.528384662007676	0.0686126201689901	0.946552989241939	0.977441580316641	-6.35621968108564
1822	-0.0246992395751316	1.78952496587274	-0.0683836252952893	0.946731064792066	0.977441580316641	-6.35623630945022
3066	-0.0098817540226794	1.2221440116668	-0.0677009596049639	0.947261950903689	0.977550723447819	-6.35628555133814
2571	0.0190432042494957	1.2012659898221	0.0675667433882372	0.947366329495205	0.977550723447819	-6.35629517452887
2949	0.00917280912289816	1.38474518382875	0.0670301633326307	0.947783632674746	0.97770806701178	-6.35633345625065
570	0.0110662482082372	1.82615477580322	0.0660280280297367	0.948563046194559	0.978238761606232	-6.35640413585206
825	-0.0191795837254104	1.00956502863619	-0.06481873519978	0.949503651982236	0.978935348539071	-6.35648800970895
2810	-0.0116838874148419	1.40050007497098	-0.0643249994562538	0.949887710158721	0.978994878523009	-6.35652180877188
331	-0.0142044044606921	0.829785079968182	-0.0640627296042452	0.950091725283841	0.978994878523009	-6.35653965763898
963	0.0113685088214473	1.65339968147243	0.0628953797141093	0.950999831528062	0.97965719252277	-6.35661821810066
547	-0.0109139506016916	0.453585401851958	-0.0621770156707964	0.951558698441745	0.979795367415289	-6.35666584513261
3272	0.0146676155401266	2.161364202894	0.0620407258064471	0.95166473118939	0.979795367415289	-6.35667481935574
3500	-0.0146344257314219	1.43378084387651	-0.0603647306421283	0.952968725407039	0.980864380876161	-6.35678356899213
3278	-0.0142915996800537	1.34204385363449	-0.0599081008323288	0.953324027613452	0.980869090645878	-6.35681268229348
1247	-0.0217302840197302	1.0052437881479	-0.0595495899108616	0.953602991268282	0.980869090645878	-6.35683538502903
2036	-0.0161376479217252	1.90084242271486	-0.0593345460719949	0.953770323786215	0.980869090645878	-6.35684893736038
1500	-0.01273624207216	0.711583149795031	-0.0582834427851031	0.954588254416297	0.980892430260955	-6.35691447417586
2085	0.0153761711204931	1.00603879512429	0.0580701732074268	0.954754219813656	0.980892430260955	-6.35692762878836
1906	0.0277679037607587	2.68096415619612	0.0579374614147935	0.95485749664968	0.980892430260955	-6.35693579021696
2761	-0.0100515963214559	1.56333004118401	-0.0575438440558382	0.955163816311815	0.980892430260955	-6.35695988690119
75	0.0292791894877502	3.54706369167578	0.0572904310345729	0.955361030609233	0.980892430260955	-6.35697531361286
2597	-0.0166332234861046	2.11294489823074	-0.057248209027277	0.955393889459916	0.980892430260955	-6.35697787729693
59	0.0103337036977236	0.51441961186418	0.0569106019212064	0.955656631895	0.980892430260955	-6.35699830857431
1914	0.0149722721025008	2.06280585680843	0.0565741733226934	0.95591846264326	0.980892430260955	-6.35701854839223
321	0.0127319468311651	0.836461964017603	0.0559466074409787	0.956406889998418	0.980984907167805	-6.35705598275183
217	-0.0145427392994791	0.893145357077383	-0.0555014562565388	0.956753357447977	0.980984907167805	-6.35708228306361
229	-0.0135100178606129	3.36745270503209	-0.0551497040384144	0.957027137781288	0.980984907167805	-6.3571029166864
60	-0.0299754331596143	3.26289396742427	-0.0550928274303829	0.957071407263931	0.980984907167805	-6.35710624072816
561	0.0130484706074386	2.0992133050536	0.0545639025139357	0.957483099254592	0.981134499708008	-6.35713698854277
2383	0.0184517197780146	1.48844524373962	0.0538069451862589	0.958072304235241	0.981442657051269	-6.35718047677009
3546	-0.0298574899042777	2.46147489006072	-0.053482741113898	0.958324668183847	0.981442657051269	-6.35719891701556
2954	0.0130025269505384	0.907042784181867	0.0529412501787178	0.95874618121632	0.981442657051269	-6.35722946783784
2205	0.0157732517043959	2.4288392651964	0.0528115493469335	0.958847146257835	0.981442657051269	-6.3572367394094
587	-0.0100195116623389	1.74533819130919	-0.0519802827868543	0.959494259910243	0.981832818067799	-6.35728292042507
3868	0.0274752297602712	2.86230296425034	0.0511113283873346	0.960170744951878	0.982122872015299	-6.35733041234311
2812	-0.00884553772345825	1.74396452204436	-0.0509327898218517	0.96030974213847	0.982122872015299	-6.35734007110916
2773	0.0120126385835773	0.680604156160717	0.0498326938861425	0.961166227381399	0.982541766001523	-6.35739883988663
3161	-0.0192308501361425	4.53344899778188	-0.0497230591473425	0.961251586889897	0.982541766001523	-6.35740462645878
1130	-0.0140635117883754	1.64751427789864	-0.0476310535818571	0.962880478472926	0.983934327849998	-6.3575126027503
2386	0.0177301436724432	2.14939098787266	0.0468197287914591	0.963512245839147	0.984271965344931	-6.35755322999598
114	0.0207723791047713	2.50745584803804	0.0464349304599182	0.963811892159001	0.984271965344931	-6.35757225492849
1531	0.00933135006525206	1.01468491684331	0.0458463704863176	0.964270221011787	0.984271965344931	-6.35760105050018
1834	0.0164532223032215	1.3647569172718	0.0454734292792237	0.964560648233377	0.984271965344931	-6.35761910678623
2694	-0.00651419023841401	1.87793858497849	-0.0452345353344619	0.964746689246754	0.984271965344931	-6.35763059559027
3890	-0.0108665221012147	0.978551790426653	-0.0448188532444108	0.965070410999168	0.984271965344931	-6.35765044222398
1746	-0.0205222702791702	2.73010655571044	-0.0440824651268543	0.96564390590125	0.984271965344931	-6.35768515126278
2434	-0.0139386669105989	2.07897476283884	-0.0437563355546946	0.965897900286496	0.984271965344931	-6.35770033945697
1735	0.0212750064863935	2.14263892326318	0.0435495723466926	0.966058932489365	0.984271965344931	-6.35770991023898
1888	0.0203403959937375	2.47454371407529	0.0433534731484276	0.966211660766516	0.984271965344931	-6.35771894552847
650	-0.0145743020457819	1.16634510853436	-0.0431322605673	0.966383949845333	0.984271965344931	-6.35772908899273
56	-0.00762788212844028	1.64363953143946	-0.043098759680466	0.966410041813482	0.984271965344931	-6.35773062061718
423	-0.00826341715686771	0.777170662039548	-0.0426581772142802	0.966753190686918	0.984349911752923	-6.35775065286918
2437	-0.0164014666660202	2.10311272280181	-0.0421356746185807	0.967160152407001	0.984492771625765	-6.35777414312905
3780	0.0102834626232562	1.33896246620805	0.0411944058255533	0.967893303272561	0.984701895518323	-6.35781572969016
3422	0.012558629209774	1.71493356236622	0.0411870675056928	0.967899019186347	0.984701895518323	-6.35781605021772
3743	0.00901279636127821	0.989340593506064	0.0407205205680067	0.968262422587991	0.984732799884588	-6.35783631115208
552	-0.00490099055665211	1.12015574664498	-0.0404632266164272	0.968462837589637	0.984732799884588	-6.35784738605385
690	-0.0164416599904213	2.81606208745291	-0.0399597670340084	0.96885500594674	0.984860319921631	-6.35786885384349
1185	-0.00996497628478531	1.54632567095673	-0.0384176301746353	0.970056302080653	0.985630033338238	-6.35793293931465
189	0.00714646722293624	2.00977750542777	0.0379069572154163	0.970454124176369	0.985630033338238	-6.35795360531656
938	0.00642077609695111	1.60178040082968	0.0377451664772001	0.970580163412245	0.985630033338238	-6.35796009502191
2558	0.0140735128865586	2.20255648385441	0.0375530311841727	0.970729842945581	0.985630033338238	-6.35796776585407
3468	-0.0212133359175342	2.17633883147927	-0.0369468614841811	0.971202076218294	0.985630033338238	-6.35799171013825
2994	0.012663558464354	1.42263553586095	0.0366755883491529	0.971413413861664	0.985630033338238	-6.35800229951469
3817	0.00859068060476983	0.989067830727627	0.0365888912258137	0.97148095647829	0.985630033338238	-6.35800566735925
523	0.00888682160210282	2.59140756754551	0.0359361886171544	0.971989461126913	0.985875024857297	-6.35803076648288
1702	0.0106442981763822	1.67751773607587	0.0352600268338788	0.972516255984406	0.986138428205006	-6.35805629140943
1100	0.00630032595611615	0.961390680113911	0.0342501137344764	0.973303100589401	0.986665306802874	-6.35809351271438
3749	0.016321646832693	2.31669291199203	0.0331695102446234	0.974145054478039	0.987247746673873	-6.3581321418578
3079	-0.00413380769051335	1.29978227244391	-0.0324530651555926	0.9747032920265	0.987375623498386	-6.35815707063924
2991	0.00914774427193904	1.50706287789903	0.0320149967346132	0.975044631879148	0.987375623498386	-6.35817204516198
2593	0.00962234404642762	1.4334405485251	0.0317603083369301	0.975243085708027	0.987375623498386	-6.35818065765842
2995	-0.00908163687628747	1.22410119267147	-0.0316346749504992	0.975340980200057	0.987375623498386	-6.35818488072384
3682	-0.00629244005592116	1.77288582726623	-0.0307232444599052	0.976051186406434	0.987795505529206	-6.35821501663751
57	0.00588909721344955	1.11852259575789	0.0304156892265483	0.976290844982685	0.987795505529206	-6.35822498701822
442	0.009055405391252	2.12454938885003	0.0273456611643444	0.978683256224807	0.989944816981366	-6.35831901443536
374	0.00870331588074956	1.91201874908295	0.026229878816824	0.979552818678762	0.99010268622304	-6.3583507119914
905	-0.00591055120975749	1.10484538846646	-0.0261445447783144	0.979619323199086	0.99010268622304	-6.35835308185102
2416	0.0121711008460358	1.57026270245905	0.026113067267538	0.979643855030543	0.99010268622304	-6.35835395408125
1550	-0.00553823024752365	0.526620183196087	-0.0249197167709132	0.98057390243502	0.990377884224368	-6.35838624643996
604	0.00409399463958495	1.3721226773926	0.0248454971535178	0.980631747109935	0.990377884224368	-6.35838820496177
2968	0.0036298114061546	1.17455098187966	0.0247311130187947	0.980720895104087	0.990377884224368	-6.35839121191477
2695	-0.00317949534281914	1.75103239410316	-0.0226820335211801	0.98231793937873	0.991466383123394	-6.35844272810479
2483	0.00822626972695932	2.59957168535225	0.0224662464236666	0.982486127817264	0.991466383123394	-6.35844789411247
2713	-0.00315802387972092	1.34980997457701	-0.0223144852227237	0.982604413826787	0.991466383123394	-6.35845149774623
2989	-0.00586565554781661	1.55290652231236	-0.0215428692092949	0.983205834983516	0.991802170152771	-6.35846944232268
1350	0.0166892915064385	4.35551404984605	0.0207502353722122	0.983823649445991	0.992154305860311	-6.35848721828494
3711	-0.00488328616463372	0.975409801540665	-0.0204026976640811	0.984094539493051	0.99215648274395	-6.35849480222098
746	-0.00458223965256193	0.984911446875816	-0.0189534339297494	0.985224197752695	0.993024225526331	-6.35852504719685
3423	-0.0045089328394098	2.3218512970228	-0.0181503730840049	0.985850174718803	0.993383964263597	-6.35854084738057
522	0.00389395478649587	2.76682653363132	0.0172216571783554	0.986574110804476	0.993842187473431	-6.35855826702884
3081	0.00225777073162453	1.28502196031531	0.0155785421447372	0.987854953141697	0.994861016639155	-6.35858684574792
3584	-0.00624458210627595	1.39210868167023	-0.0144955593922884	0.988699180539921	0.995197223615889	-6.35860411662131
249	0.00216409373866246	1.42040620727254	0.0143427908437058	0.9888182707869	0.995197223615889	-6.35860645279554
3881	0.00234799947076645	1.83915235542508	0.0141129313244539	0.988997457596613	0.995197223615889	-6.35860992122764
3508	-0.00234364897156112	0.202224664460495	-0.0125513005575826	0.990214841934786	0.99546215466194	-6.35863200175917
594	0.00209335660143289	1.56652013643164	0.0124131752941935	0.990322520119617	0.99546215466194	-6.35863383027445
2633	-0.00308228715253214	1.89540044415822	-0.0121032699353975	0.990564113486468	0.99546215466194	-6.35863785920553
1821	0.00494199250777817	1.88538898648216	0.012060335934959	0.990597583685683	0.99546215466194	-6.35863840933705
343	0.00209549840857592	1.01795607130823	0.0120458555413853	0.99060887221776	0.99546215466194	-6.35863859443962
1856	-0.00352175148355967	1.84736226150122	-0.0115615446347726	0.990986429422229	0.995570584333842	-6.35864465727973
170	0.00157022228283795	1.558107488865	0.0103827695713338	0.991905383741072	0.996222708588694	-6.35865837422576
28	-0.00218979454638703	1.50246905499525	-0.00992766143997924	0.992260182177221	0.996308020831738	-6.35866327583785
3875	-0.00458630215131673	2.82626308853027	-0.00885981200379025	0.993092675268661	0.996787176432208	-6.35867391443132
3236	0.00206831595218722	2.26251937576314	0.008500847178025	0.993372525448212	0.996787176432208	-6.35867721907366
2980	0.00121833167984999	0.884941636664898	0.0082766021185498	0.993547348123111	0.996787176432208	-6.358679214131
2257	0.00268180879055	2.57356318727211	0.0076498808920771	0.99403594526879	0.997006441166089	-6.35868450712174
888	-0.00180870490770539	0.877669035000923	-0.00676623905643543	0.994724844184803	0.997372934610487	-6.35869126222473
1626	-0.000886022452374855	1.11059492463452	-0.00648816486997472	0.994941635474112	0.997372934610487	-6.3586932166926
2657	-0.00219338444978547	2.50694322935567	-0.00585996571854159	0.99543139159046	0.997593023276867	-6.35869733014481
2513	-0.0013789779277562	2.30209470774264	-0.00401576544277479	0.996869176117204	0.998363996860975	-6.3587069881131
838	0.000732754603385882	0.592133982545696	0.00390823405557679	0.996953010679076	0.998363996860975	-6.3587074399571
1656	0.00188985046462163	0.826328342775147	0.00383265674979484	0.997011932943233	0.998363996860975	-6.35870775019239
2204	0.00157027538670585	2.91903483791092	0.00258147573902337	0.997987392456286	0.998683850669409	-6.3587120058542
3271	0.000550133935425283	2.1555962527111	0.00235626011056784	0.998162977957844	0.998683850669409	-6.35871259556028
2656	-0.000772708931338194	2.40139319481264	-0.0021432612102366	0.998329038990716	0.998683850669409	-6.35871310378167
2630	-0.000716455432225284	1.7735797228414	-0.0020351177663952	0.998413351251568	0.998683850669409	-6.35871334339851
1803	-5.80008596578723e-05	1.23059010291176	-0.000193994477872981	0.999848755029977	0.999848755029977	-6.35871551972576
