logFC	AveExpr	t	P.Value	adj.P.Val	B
2231	0.988853349460338	1.45509407312837	9.19443281042573	2.06755423424679e-06	0.00478050527588223	5.31534455212512
2230	0.989460079138475	1.7565430588192	8.60947837543696	3.86936714888386e-06	0.00478050527588223	4.75453280731608
2054	1.01068147737476	1.95663750509091	8.46896546946397	4.52011747454915e-06	0.00478050527588223	4.61385084960497
2232	0.880792107150349	1.23147317091479	8.35634545998905	5.12717284900352e-06	0.00478050527588223	4.49936391463776
246	-1.17564198593496	1.85384605300461	-8.23091140146963	5.90873138261966e-06	0.00478050527588223	4.3700069743556
839	1.23633306465326	3.45377984124787	8.14298280152412	6.53294164170459e-06	0.00478050527588223	4.27815387325594
247	-1.19507543712433	1.814170349974	-8.0694783287616	7.10950104817238e-06	0.00478050527588223	4.20061665213411
29	-2.31095398513084	3.73664031685862	-7.82639437730024	9.44272065750989e-06	0.00478050527588223	3.93923510624787
4261	-1.08031145882154	2.12567000146135	-7.81098727996529	9.61619966962249e-06	0.00478050527588223	3.92240797845832
4500	1.48415961112795	1.73139485692678	7.72535586336036	1.06451991555124e-05	0.00478050527588223	3.82831064583724
4197	1.11218724547039	2.0728155545716	7.70789338044045	1.08692761543416e-05	0.00478050527588223	3.80900183715424
572	1.27210664747987	1.26661994186409	7.53349359298512	1.3408185489476e-05	0.00525392393277697	3.61390908489735
648	1.52126071235326	2.08538164543128	7.49109522534558	1.41176128826169e-05	0.00525392393277697	3.56585523969183
301	-0.956664434962274	1.47864972122421	-7.23238785544664	1.94247337509508e-05	0.0067126329919357	3.26724595303922
4172	1.04446815201508	2.16095901696853	7.12729646271131	2.21634314208844e-05	0.00703558351128246	3.14325819406668
399	-1.10673150942188	1.01853217532385	-7.08881919444455	2.3267742079479e-05	0.00703558351128246	3.09746833380375
4735	-0.823645640421092	1.13187601384321	-7.02352620692274	2.52794403453045e-05	0.00719423131709313	3.0192795682647
2711	1.09057261213296	2.80546350251367	6.89676944036165	2.97393059992942e-05	0.00799326457914364	2.86572435458974
470	-1.03494328259256	1.82253894948245	-6.7851352291715	3.43711682160902e-05	0.00875198483312864	2.72854171048214
3281	1.02935457795439	1.72725867704061	6.68612704971408	3.91307993440948e-05	0.00898403112305504	2.60533219100021
218	1.63577147394847	1.85687637178229	6.65596590194053	4.07178348801352e-05	0.00898403112305504	2.56750823392381
636	1.26292960341005	1.46109862516	6.6534485036335	4.08533866695351e-05	0.00898403112305504	2.56434510598897
20	-1.10879246160833	2.92148558438188	-6.59903988873223	4.39046376090635e-05	0.00923524507620214	2.49574803893533
809	1.94288707395638	3.36757862781554	6.52846202523492	4.82321244946181e-05	0.00972279242937343	2.40610122463824
2712	0.968347162113294	2.28285655790797	6.41316308084728	5.63167099448925e-05	0.0105475376828002	2.25802670149977
4053	-1.00727592503826	1.14362190050318	-6.40835782442527	5.66837494321629e-05	0.0105475376828002	2.25181152749769
959	1.75687129133384	3.16016752823139	6.37758183709769	5.9096167407736e-05	0.0105891577006899	2.21192180919746
227	0.827554487292892	1.37769760720832	6.34431230090013	6.18283655558678e-05	0.0106830583056889	2.16863698229118
3783	0.751038134293763	1.47513295492241	6.3065731178031	6.50924158740861e-05	0.0107330072030911	2.11933131123093
256	-1.16439284603782	1.18023520195068	-6.2903220381034	6.65544059720409e-05	0.0107330072030911	2.09803204424105
4179	0.877445090467709	2.90729647542608	6.2588016178564	6.94913132991892e-05	0.010845128185209	2.05660418687841
4690	-0.751832388503118	1.2649536414664	-6.20588570484524	7.47383923067905e-05	0.0112995106868829	1.98671080995245
837	2.05836241353153	3.96286752782319	6.16190556774038	7.94223809772516e-05	0.011628091593474	1.92829017622581
4260	-1.06023728529508	2.16189726740925	-6.13466683483228	8.24802248272691e-05	0.011628091593474	1.89195725848423
21	-1.03943759566949	2.80796465859054	-6.12048290076511	8.41222004488613e-05	0.011628091593474	1.87299205874991
4790	0.897948217271831	1.99783571795904	6.06893763458779	9.03900986332413e-05	0.0121474249218784	1.80380751819494
1820	1.39664524245513	2.13056446777122	6.00585994471497	9.87478669215749e-05	0.012763231514103	1.71857969770349
30	-1.99713078755846	3.99662854242791	-5.99514001175362	0.0001002486146209	0.012763231514103	1.704033516423
3835	0.626434565375873	1.33411862530421	5.95582713905256	0.000105964396954079	0.0131450192939444	1.65053465860678
4788	-0.863511626449282	1.33485367161688	-5.89539300960491	0.00011544090200054	0.0132196678589142	1.56781996319872
28	-1.52203907028806	3.28087304460393	-5.88723236804583	0.000116788396930817	0.0132196678589142	1.55660671012965
3806	0.636282871679409	1.36721335925798	5.88032625402718	0.000117941871260501	0.0132196678589142	1.54710907616597
4364	-1.04830248328218	1.9302234306184	-5.86736226244659	0.000120140139827124	0.0132196678589142	1.5292600799379
2713	0.894050945852857	1.98977894008073	5.84781672493193	0.000123537555224978	0.0132196678589142	1.50229951283094
1051	2.12538046163983	3.25711371073223	5.82879349173684	0.000126942874400827	0.0132196678589142	1.47600162035875
3251	1.02807782687427	1.73004081456454	5.81352696624769	0.000129748195961633	0.0132196678589142	1.45485579022012
573	1.1015572790382	1.37505567983853	5.80601994818791	0.000131151869493908	0.0132196678589142	1.44444426293029
975	1.42686101650452	3.01247769739288	5.79694547748772	0.000132870305696562	0.0132196678589142	1.43184696322928
1980	2.24869191516791	2.31847139570206	5.7916156625402	0.000133890807169656	0.0132196678589142	1.4244419899738
507	-0.969866873060111	1.74080712156489	-5.76502479633908	0.000139108691872635	0.0133653061509077	1.38743104044236
1061	1.13631743765819	2.94793570546284	5.7561852381776	0.000140890990842557	0.0133653061509077	1.37510283826448
1913	1.28185762672388	2.00733508054083	5.68960414582425	0.000155124584415358	0.0140159351517497	1.28184816710816
1068	0.932606663026921	2.51699161274136	5.68804268396618	0.000155476264763666	0.0140159351517497	1.27965275052393
2669	0.776677644686645	0.828709899780148	5.681122876104	0.000157045045470418	0.0140159351517497	1.26991885756775
4689	-0.965505683783299	1.35454163224832	-5.66728177014827	0.000160233828851932	0.0140159351517497	1.25042626597341
658	0.703391263557122	1.70266860543113	5.64812268070268	0.000164762224753144	0.0140159351517497	1.22339432234184
338	-0.988723689807825	1.17356716013073	-5.64405385926218	0.000165741375963196	0.0140159351517497	1.21764606957547
4489	1.11452045359484	2.47321440139231	5.63464682503252	0.000168028986937057	0.0140159351517497	1.20434620176886
198	1.84395673629417	2.05757752380206	5.61436021972615	0.000173077669274663	0.0141923688805224	1.1756169365583
937	1.15396849690883	2.89052614519972	5.56182949823072	0.000186917448693771	0.015071776946341	1.10092209910404
4698	0.91674833657588	2.35347185006203	5.52782162189432	0.000196502704058346	0.0155849193808898	1.05233269681978
4093	1.52675683839931	3.91357391554992	5.50088532727141	0.000204466150907162	0.0158496673835187	1.01371717965053
1876	2.08542510066328	2.37196473050666	5.49453578988792	0.00020639294029799	0.0158496673835187	1.00459786239977
1738	0.768729104276085	1.27092675343989	5.39888642674784	0.000237879464822563	0.0172538072658475	0.866453989924939
917	1.68902159970088	3.36209014703316	5.38428493028331	0.000243119436910515	0.0172538072658475	0.845238382608134
697	0.705090548336549	1.63420985483075	5.38365602213844	0.00024334787068975	0.0172538072658475	0.84432383964841
4428	-0.785002318799658	1.85373962015481	-5.38014598428547	0.000244626996482361	0.0172538072658475	0.839218482537518
696	0.680676084882144	1.8241156672794	5.37751230091567	0.000245591457261136	0.0172538072658475	0.835386509322815
1069	1.69048914642672	3.35411679553019	5.37215818597603	0.000247564637088438	0.0172538072658475	0.827592974636837
4514	0.894986604608732	1.4371110202339	5.36657102503604	0.000249641692560836	0.0172538072658475	0.81945539705285
67	1.95132528597452	2.16588360356721	5.3330662239038	0.000262492454365674	0.017408808594178	0.77055322248914
4494	1.22171247452475	1.70557645539713	5.33248485744499	0.00026272155048423	0.017408808594178	0.76970312474197
1625	0.850452854103717	1.18310853409947	5.32841896893335	0.000264329728640046	0.017408808594178	0.763756329849467
4536	1.134230273938	1.51006683702713	5.31785936135858	0.000268555446496362	0.017408808594178	0.748299628824387
906	0.853327726622395	2.13407507391027	5.30405183105117	0.000274189559744188	0.017408808594178	0.728062297782739
3808	0.660082370753471	1.43487380780866	5.29917306491975	0.000276210249557136	0.017408808594178	0.720904452906864
4697	1.01074245455803	2.54288591205341	5.29710203122757	0.00027707281144103	0.017408808594178	0.717864820333906
179	-0.658966024152373	1.38225630877998	-5.26293481405402	0.000291723918623288	0.0180943630551214	0.667620742302158
4787	-0.954011958283703	1.32986994592176	-5.25015551926819	0.00029741338590228	0.0182137463417118	0.648781265512183
4805	-0.736147448347646	1.35045431443882	-5.23576411357026	0.000303961997923664	0.0183821018244336	0.627534531430144
3153	0.823959669064195	1.30053583617836	5.2071587500933	0.000317437539530209	0.0189600347684833	0.585206722188923
4705	-1.31495128116775	3.19987028239114	-5.19131093345717	0.00032517502726836	0.0191374272198201	0.561701353550672
398	-1.31668070179491	1.3577807620908	-5.17802613007596	0.000331815435111337	0.0191374272198201	0.541967192792287
2580	1.18380017389814	2.7487530820522	5.17711823632126	0.000332274470125029	0.0191374272198201	0.540617538980753
2074	1.04469480042745	1.9289412779911	5.16242941104336	0.000339795623452724	0.019340367367815	0.51876359780618
4487	1.25316488156904	1.69250800385989	5.14629232799727	0.00034826707468245	0.0195920477594615	0.494716167175286
647	1.13392155406536	1.95642808387523	5.12071464342218	0.00036215685965507	0.0197013861340087	0.456517316078669
1739	0.763185292845865	1.28464414460471	5.11679873321322	0.000364334723449776	0.0197013861340087	0.450660140806233
300	-0.719092896834416	1.46659201840874	-5.10821877012764	0.000369155251015481	0.0197013861340087	0.437818436387401
1490	1.05267242918074	2.01472027465875	5.10660728145412	0.000370068164887843	0.0197013861340087	0.435405232155563
718	0.670391300608973	1.544644971989	5.10236300498221	0.00037248403953995	0.0197013861340087	0.429047499160536
5	-0.807663707458661	1.40521334133327	-5.08949218503481	0.00037991302969394	0.0197013861340087	0.409750507168994
3182	1.01934270638091	2.02528209063162	5.08748760512451	0.000381084136591175	0.0197013861340087	0.406742764030081
1590	0.834142404038994	1.1533081454275	5.08458205711081	0.000382788403595869	0.0197013861340087	0.402382070634704
2710	0.791788469470246	3.05285198913195	5.07054044865908	0.000391139260441769	0.0199192814949187	0.381289766904293
652	0.747962552529302	1.5053225533248	5.04200954069498	0.000408707948337184	0.0205971776464093	0.338338725195065
4789	-0.734551533973169	1.31138804709583	-5.00979620782502	0.000429554312447964	0.0210929516304569	0.289693101764129
3546	1.01839938257438	2.3436443717727	5.00973257458176	0.000429596589352823	0.0210929516304569	0.289596850523334
27	-1.1830428299376	3.04612032343584	-5.00668713228689	0.000431625095373136	0.0210929516304569	0.284989605629122
206	0.873985032257312	1.82610228118162	4.99429614316502	0.000439983707587634	0.0212864117730897	0.266229409907955
116	-0.756545631957624	1.40963535087511	-4.98429330446701	0.000446856390701928	0.0213600380093398	0.251067718936213
2552	0.7642833412954	2.24932070869745	4.97912883879634	0.000450449181668416	0.0213600380093398	0.243233729026455
1821	1.67497665177483	2.29905793373534	4.97300268423538	0.000454750705862339	0.0213600380093398	0.233935649421522
38	1.28534566079398	3.06253887959621	4.95839814486356	0.00046518181640973	0.0216399002672142	0.211746168294601
3550	0.602555171879949	1.17845505940978	4.92933665071543	0.000486699644581945	0.0218653866230202	0.167494464591807
1035	1.65668686222257	3.21246827321327	4.92697830822902	0.00048849144503824	0.0218653866230202	0.163897783675595
749	0.615874417613467	1.42812483604934	4.92678824996688	0.000488636149506756	0.0218653866230202	0.163607891119691
4706	-0.966088926384738	2.44156268834747	-4.92262916706525	0.000491814132039541	0.0218653866230202	0.15726273701135
565	0.752564644069044	1.08890331923707	4.92157053443025	0.000492626527885324	0.0218653866230202	0.155647251972684
4264	-0.89891765604902	2.2198860384879	-4.90972548600072	0.000501813893979293	0.0220706874461075	0.13755995025496
464	-1.49345164964696	3.49234046434524	-4.90203820116869	0.000507873266428519	0.0221359537205511	0.125810110707035
4439	1.44146089002329	1.56376451376471	4.89020879596928	0.000517349291467099	0.0223476417153377	0.10771161207681
1767	0.652268295917829	1.24927357633941	4.86842315705474	0.000535293641810533	0.0227400889032654	0.0743250140066491
4499	0.739253830142157	1.39583915676005	4.86777787203718	0.000535835083706543	0.0227400889032654	0.0733350168801286
1944	-0.843261971688704	1.23947960414173	-4.8454980688441	0.000554889247929818	0.0233439494042127	0.039114768763401
1026	1.50784835356789	2.95655492681696	4.82679559029354	0.000571437072698984	0.0236849318700801	0.0103313259861588
4313	-0.941981980463184	1.71308199830691	-4.82529671211976	0.000572785661182176	0.0236849318700801	0.00802225094697917
6	-0.81234317717126	1.41553822792325	-4.80749786505651	0.000589059506400776	0.0241514397624318	-0.0194232619064927
606	0.585624934589393	1.34250749311355	4.78417964629392	0.000611122824423483	0.0246483929407742	-0.0554512800000815
458	-1.36610925428932	3.22369712948191	-4.78066885092854	0.000614519586793631	0.0246483929407742	-0.0608826943155547
3658	-0.740879520287191	1.88392729465738	-4.77038769295594	0.000624582022849332	0.0246483929407742	-0.0767988313097199
4539	1.26410519060865	2.07589654525141	4.7683425472118	0.000626604333081157	0.0246483929407742	-0.0799667723433242
2577	0.652434029981223	2.10394950956268	4.76741466533126	0.000627524134219532	0.0246483929407742	-0.0814042711130814
180	-0.581443256805109	1.43836114843193	-4.76317124901717	0.000631748806253825	0.0246483929407742	-0.087979912761023
1634	0.840015464916631	1.2901040540454	4.7239614221433	0.000672236588654823	0.0260182449272963	-0.148866126573047
3750	-0.867453101638538	1.70024459353857	-4.71717311471855	0.000679519996557975	0.026091410661488	-0.159430284146955
1199	-0.659020339330836	1.31227318357559	-4.6999466420047	0.000698379268955391	0.0263604205121054	-0.186269048159462
3556	0.781716781256874	2.33952993429393	4.69721071858887	0.00070142498896003	0.0263604205121054	-0.190535615071076
2263	-1.39208216103013	1.29986620412653	-4.69591537086065	0.00070287189873121	0.0263604205121054	-0.192556042779134
2317	-0.661924641477432	2.28793591334013	-4.68124712756102	0.00071947790692614	0.0266080217517233	-0.215452088164497
751	0.510320081953953	1.28636855925891	4.68037908088682	0.000720473511673367	0.0266080217517233	-0.216808031560908
626	0.830625495531783	1.62840251027428	4.66690133942688	0.00073611965685744	0.0268558388462986	-0.237875225492484
2553	0.997633497326858	2.87897303134338	4.66505927164354	0.000738285772335204	0.0268558388462986	-0.240756638139866
2816	0.603724980182563	1.42289936532012	4.65423166101941	0.000751154761911132	0.0271200502845228	-0.25770346662178
129	1.32173644493109	2.93510129976029	4.63380336412534	0.000776082948087104	0.0276540733373745	-0.289723163530614
4804	-0.660230152930264	1.31876216121284	-4.63276119854496	0.000777377836685186	0.0276540733373745	-0.291358294175311
4399	-0.936256388967164	2.50733882362564	-4.61666098459386	0.000797674315536564	0.0280438811585101	-0.316639043653637
4134	0.763841351992653	1.81531013592334	4.61489930320017	0.00079992881353336	0.0280438811585101	-0.319407526240731
1077	1.44206375371589	3.02002219544164	4.59530594498057	0.000825460820924969	0.0287307874218345	-0.350228576899933
4200	1.0524170417762	1.97078968122206	4.58649879960349	0.000837215787355127	0.0289317855658865	-0.364100471213098
482	-1.60139831939858	3.93029845346332	-4.57249791730934	0.000856267285574882	0.0290552138321859	-0.386175703258515
1116	-1.59716232317301	7.11360264243852	-4.57222514907552	0.000856642954617351	0.0290552138321859	-0.386606055471951
1111	-8.37479131597664	17.087572279468	-4.57065821282672	0.000858804377429224	0.0290552138321859	-0.389078449307648
936	1.20788400211428	2.91520045941244	4.56181636874081	0.000871108895646449	0.0291928135484665	-0.403036123024166
41	1.17623061230028	4.00348846830001	4.55909048301063	0.00087493963714916	0.0291928135484665	-0.407341429072438
950	1.38650565917128	3.07702822960183	4.54748821341584	0.000891444070920815	0.0293536489302651	-0.425678027561721
1747	0.631653376960939	1.23027872869956	4.54717463483191	0.000891894665719092	0.0293536489302651	-0.426173881962971
1227	-0.674101231665774	1.31149495896743	-4.52934031862104	0.000917920345472621	0.0300060718337604	-0.454397736771079
576	0.665908264470876	1.55526821493918	4.50952244063583	0.00094778086717372	0.0307742539287682	-0.485813243174984
601	0.739458412551389	1.66853738527756	4.50309910996644	0.000957677168239435	0.0308882809329492	-0.496007395020052
2	-0.735385155289528	1.94817346494872	-4.47813707018366	0.00099717991490268	0.0316945005490285	-0.535678093103642
2610	-0.747982833426658	1.49517231792135	-4.47765858624344	0.000997953654413979	0.0316945005490285	-0.536439366252932
607	0.535901638109506	1.26222836027719	4.47496133307574	0.0010023271153372	0.0316945005490285	-0.54073131957526
2677	0.570701737170431	1.46759020894322	4.45915867544208	0.00102835858136282	0.0320269502472907	-0.56589724224892
536	0.612137749840784	1.45588274315873	4.45640750274557	0.00103296272682908	0.0320269502472907	-0.57028204435325
674	0.753551932611611	2.57219029309489	4.45458767531917	0.00103602015175882	0.0320269502472907	-0.573183047561525
3088	-1.05573625690789	1.69207179394736	-4.44934741378579	0.00104487738011034	0.0320269502472907	-0.581539143297223
112	-0.674107811597803	1.91144185961667	-4.44617874009211	0.00105027174568194	0.0320269502472907	-0.586593728062364
2092	0.546322789370692	1.48729326615697	4.43944043508629	0.00106184062142347	0.0320269502472907	-0.597347079544237
1275	-0.692959852034507	1.34238279220068	-4.43608067714239	0.00106765889913722	0.0320269502472907	-0.602711089779307
213	1.06089994928878	1.52231110328701	4.43419137172261	0.00107094542354322	0.0320269502472907	-0.605728133253709
4704	-1.19046626726729	3.47684467782002	-4.43223438610972	0.00107436089333313	0.0320269502472907	-0.608853770809145
1197	-0.736591238539616	1.43488608762486	-4.4295642633378	0.00107903945645068	0.0320269502472907	-0.613119254199392
31	-1.43298238459517	3.94467841540477	-4.41965609367172	0.00109658843958217	0.0321174321054074	-0.628955925110685
24	-0.970637603974924	2.70360242707285	-4.41594654515166	0.00110323558949599	0.0321174321054074	-0.634888505586543
4459	1.2612913881232	1.60323075567029	4.41441728154118	0.0011059881924176	0.0321174321054074	-0.637334760591427
1932	1.2764889759261	2.46337080674719	4.41294655369245	0.00110864224092663	0.0321174321054074	-0.639687680064442
838	1.22858345091084	3.68854880037481	4.4017788677753	0.00112901483864194	0.0323317179362851	-0.657563697612273
4699	0.655488667430832	1.69512836596853	4.39396886974151	0.00114349560796179	0.0323317179362851	-0.670075131118589
1715	-1.10627613212426	1.05184358501783	-4.39262090438517	0.00114601459036163	0.0323317179362851	-0.672235374030477
3659	-0.784849769010921	2.13610365478739	-4.39240543439633	0.00114641778538982	0.0323317179362851	-0.672580707952331
1423	0.508526175368071	0.824574104594008	4.38989449558742	0.00115112734154353	0.0323317179362851	-0.676605453378089
2532	1.26464269062125	2.62819114902494	4.38382755327478	0.00116259064520158	0.0323317179362851	-0.68633356942635
1663	-1.01108398152047	1.03928580260039	-4.38370727063637	0.00116281912379363	0.0323317179362851	-0.686526488256976
2907	-1.8079756903315	3.29430519118253	-4.3734443345784	0.00118248841371819	0.0326854593889234	-0.702994158232364
2896	-0.92702712645965	3.32183857422705	-4.37005868849523	0.00118905350402037	0.0326854593889234	-0.708429787176623
131	1.06413007197488	2.9598360009275	4.35544143564795	0.00121784006628525	0.0331716982596929	-0.731915265364798
4470	1.00527966320529	2.1359787895096	4.35182709623625	0.00122507017450126	0.0331716982596929	-0.737726802146495
257	-1.07653534037132	1.31471021217935	-4.34768337995333	0.0012334147095744	0.0331716982596929	-0.744391667059666
4427	-0.645151377008463	1.98916040659259	-4.34731066867361	0.00123416818659461	0.0331716982596929	-0.744991257715998
4252	0.900278385673787	2.07903753792191	4.34068503830214	0.00124764355167111	0.0333486160385902	-0.755653162472897
4441	1.11538138940535	2.54955728755474	4.33343123535492	0.00126257370853767	0.03356226154893	-0.767332581479429
1800	1.48637349386535	2.33185184303692	4.32756442896964	0.00127478615816583	0.0337017236787228	-0.776783866346925
3039	-1.14641740107478	3.35290725312808	-4.3240971255091	0.00128206196578309	0.0337098684264054	-0.782371741674361
1112	-7.85844962933555	16.5547774312306	-4.31675772952643	0.00129760706076701	0.0337269954990627	-0.794205060959783
1036	1.62729961994501	3.44251166820371	4.31418443105869	0.00130310410008224	0.0337269954990627	-0.798355667937055
3122	0.996649664317581	1.67092607084165	4.31239819714373	0.00130693418186521	0.0337269954990627	-0.801237287771063
1156	-1.38138440698704	4.36291498696914	-4.31069443913014	0.00131059841955845	0.0337269954990627	-0.803986243651299
1635	0.671535384070502	1.22898639794115	4.3017333985143	0.00133004890072196	0.0338398657135872	-0.81845082538438
459	-1.17026977582842	2.94579995410021	-4.30066492508245	0.00133238820385883	0.0338398657135872	-0.820176215114029
2980	-2.12133078702983	3.43581664858777	-4.29903355076743	0.00133596824127639	0.0338398657135872	-0.822810874055599
1003	1.40741092935767	3.47828673211062	4.28963163584968	0.00135679817357514	0.0340370628646023	-0.838001652518903
2589	0.510358944686433	2.01432990493359	4.28150656216832	0.00137507352336943	0.0340370628646023	-0.851138661854471
4043	1.36764916141359	3.57344901519147	4.28023981047612	0.00137794593880162	0.0340370628646023	-0.853187576505627
1817	0.695748453580869	2.45247868105915	4.2792371268088	0.00138022402745779	0.0340370628646023	-0.85480951984148
4075	-0.75267427608999	0.952717235158023	-4.27899355830658	0.00138077800872306	0.0340370628646023	-0.855203536395661
1302	1.23995113616912	1.55258268029127	4.26612814011435	0.00141037338378681	0.0340370628646023	-0.876026569812949
750	0.502834317319284	1.29235811397551	4.26594528386399	0.00141079878273752	0.0340370628646023	-0.87632268115558
727	0.631417422450707	1.98874953095555	4.26586879972957	0.00141097675621534	0.0340370628646023	-0.876446538297674
2148	-0.623708529586418	0.79288549676002	-4.26395584742089	0.00141543573003539	0.0340370628646023	-0.879544585867572
2587	0.612567476127815	1.66087189017696	4.26246116197404	0.00141893002459162	0.0340370628646023	-0.881965572313752
2591	0.746728191961721	1.90043123048363	4.2615168310175	0.00142114235193255	0.0340370628646023	-0.883495280882356
4456	0.976353104394517	1.059516078247	4.25521215039245	0.00143600553663372	0.0342236196366204	-0.893711071243049
463	-0.640784249004898	2.35353527085216	-4.25138672634872	0.00144510322456749	0.0342716147081251	-0.899912074687384
1824	1.68452297973406	3.77253782437335	4.24113289956458	0.00146978813157457	0.0342834513786901	-0.916542703366916
4002	1.42173659699973	4.29973390088276	4.2402784866661	0.00147186487069606	0.0342834513786901	-0.917929074662665
469	-0.525524130194166	1.29847614226858	-4.2385719608946	0.00147602196350746	0.0342834513786901	-0.920698362549074
4331	-0.672769973951536	1.52244337438408	-4.23828296464828	0.00147672717443806	0.0342834513786901	-0.921167371713636
3189	0.700861090511391	0.629912700334131	4.23364565475078	0.00148809156520379	0.0342834513786901	-0.928694663832203
2825	0.513189090898784	1.35287055296386	4.23363407904914	0.00148812004744211	0.0342834513786901	-0.928713456945022
3268	0.758919022839864	1.65961825474822	4.22777542825546	0.00150260889535927	0.0344531840556785	-0.938227130839463
3807	0.48483780955797	1.26942400525836	4.2197612252719	0.00152266823961323	0.0347484384115511	-0.951248149054461
2383	-1.1972243320966	2.56205845295244	-4.20553866749821	0.00155896024787331	0.0352744112211237	-0.974376006890498
3569	0.569709170215473	1.25086757987056	4.20502087501199	0.00156029847071527	0.0352744112211237	-0.975218487065651
2622	0.624887727623551	1.83327584890805	4.19256041631868	0.00159286748676632	0.0358040454156303	-0.995502492242022
1192	-0.660379424093522	1.88596041186846	-4.18825125959594	0.00160429562293679	0.0358040454156303	-1.00252172724993
1001	1.07925093944347	3.17794932827561	4.18563470691368	0.00161127670954194	0.0358040454156303	-1.00678498205151
1	-0.503271454798521	1.63936731989325	-4.18486804546711	0.00161332821426362	0.0358040454156303	-1.00803429485235
4688	-0.936279143007276	1.29921082763514	-4.17727691864668	0.0016337893793928	0.0360925708561752	-1.02040832794281
2265	-0.608838689476362	1.47648693277193	-4.17295076777999	0.00164557138673911	0.0361556454967432	-1.02746341201594
908	0.818036817185882	2.5860955000685	4.17075292873973	0.00165159108201328	0.0361556454967432	-1.03104852749745
2844	0.537070326671278	1.39541867183894	4.16657341713921	0.00166310204773045	0.0361956819970142	-1.03786778228862
574	0.969249930117962	1.50261255673607	4.16454315736512	0.0016687239221922	0.0361956819970142	-1.04118110854186
207	1.69173199842507	2.07819010351936	4.16163699779041	0.00167680581204705	0.0361956819970142	-1.04592475550778
117	-0.601798139844289	1.50037428730037	-4.15644915582415	0.00169133487546221	0.0361956819970142	-1.05439529473154
181	-0.551130038543772	1.58508870294414	-4.15622478322264	0.00169196621542111	0.0361956819970142	-1.05476171700681
2470	-0.50869610355763	1.51700594064852	-4.15397539633321	0.00169830918009967	0.0361956819970142	-1.05843552317431
2897	-1.13425387902064	3.00192055668549	-4.14632121503273	0.00172007982850066	0.0363274131354256	-1.07094130303997
352	-0.841824434197709	1.09270740874711	-4.14447082099638	0.00172538653930755	0.0363274131354256	-1.07396563450713
2581	0.960491215235858	2.28029614100662	4.14336958420916	0.00172855287807598	0.0363274131354256	-1.07576572083132
4156	0.639508609563872	1.47514554081623	4.14047961720674	0.00173689119904687	0.0363274131354256	-1.08049037034057
1038	0.867524788098493	2.90073963512349	4.1387044493472	0.001742033866767	0.0363274131354256	-1.08339299553876
2384	-0.929315713575706	2.11055292603193	-4.13388497592538	0.00175607632673496	0.0364630784066256	-1.09127536321367
755	0.461420998598783	1.48468049444257	4.12855613127618	0.00177174076851328	0.0364786811554616	-1.0999940726254
2908	-1.74443037230583	3.49591268122513	-4.12749858515498	0.00177486681505601	0.0364786811554616	-1.10172476625012
920	0.911456030429859	3.25192539698243	4.12414882191724	0.00178480662834042	0.0364786811554616	-1.10720759972433
2588	0.480329415409653	1.95060915613631	4.12341633386842	0.00178698789455238	0.0364786811554616	-1.10840670223695
1110	-5.85706556534659	13.8171464003934	-4.11516836564716	0.00181174258626427	0.0368286161022963	-1.12191326977658
2664	0.579697432039011	1.81711668275822	4.10307569549715	0.00184868608703253	0.0372754842873535	-1.14173040849478
4703	-0.949797197319683	3.28280251118671	-4.10293023704441	0.00184913522715272	0.0372754842873535	-1.14196888730897
995	1.23630924331543	3.67651490319527	4.09746963429575	0.00186607895795363	0.037460954350953	-1.15092334088745
1967	2.05903279956451	2.41900042782868	4.08923018205665	0.00189195278319252	0.0378234196904356	-1.16444127821586
158	0.710574990075099	1.20678901213882	4.07258059994062	0.00194538635487246	0.0386366256983892	-1.19178142486225
2113	-1.25593599845231	1.28775441993575	-4.07129114026927	0.00194958982928053	0.0386366256983892	-1.19390018298762
2026	1.51844711027914	2.89133586552117	4.06915076818702	0.00195658811411851	0.0386366256983892	-1.19741753188739
2989	-0.908506606185841	1.47441582227908	-4.05256294170735	0.00201172168816063	0.0395638598671591	-1.22469482831588
592	0.59252482261794	1.60121902187528	4.04710018123048	0.00203023138646703	0.0397248760823155	-1.23368480150217
1117	-1.45509141527713	7.32244405545185	-4.04408358203759	0.00204052873052057	0.0397248760823155	-1.23865062963445
1155	-1.5672884806361	4.8860162043973	-4.03947607561202	0.00205636203374967	0.0397248760823155	-1.24623735930009
4149	0.789479839548586	2.75903910041752	4.03904679338886	0.00205784373842119	0.0397248760823155	-1.24694433927917
1798	1.47610739654543	2.40880253077976	4.03796689572742	0.00206157602561773	0.0397248760823155	-1.24872290294597
328	-0.731244260866162	0.952089583754512	-4.0349059775338	0.00207219343883348	0.0397248760823155	-1.25376487566775
4347	1.06714325662064	1.84035455117929	4.03341494334094	0.00207738603737615	0.0397248760823155	-1.2562213056087
801	0.985516146188199	2.43319445360491	4.02556540981497	0.0021049471089369	0.0400934413899083	-1.26915729853363
675	0.621790687500992	2.22776762037242	4.00914722612342	0.00216383430680536	0.0410534524561739	-1.2962367740315
1185	-1.32051156140964	3.03600246553499	-4.00661308412743	0.00217307543992383	0.0410677303841854	-1.30041916582473
108	1.20434718100827	1.67522591901197	4.00064879535028	0.00219498786033153	0.0412749496372417	-1.31026554593348
921	0.972820386259653	3.29509481310804	3.99899536562335	0.00220110314311872	0.0412749496372417	-1.31299587304444
1184	-0.995978249938015	2.67174096745054	-3.99425761362954	0.00221872446880858	0.0414447450968954	-1.32082104885022
1756	0.594744969743952	1.3953798908321	3.98876422331019	0.00223934049095407	0.04166895882783	-1.32989738140968
1091	1.47324007276413	3.53852523204196	3.98184299986228	0.00226559954993164	0.0419960560251696	-1.3413375333151
3358	0.556452016475271	3.97908915443272	3.97030659424343	0.00231008397851433	0.0425579534051506	-1.36041777458885
497	-1.16285367537225	3.13179440543578	-3.96664920708962	0.00232437607796894	0.0425579534051506	-1.36646979866499
841	0.784986681954591	3.02112537260542	3.96576890531983	0.00232782979614164	0.0425579534051506	-1.36792668485798
754	0.444369585771024	1.34967768972331	3.96493684962547	0.00233109914269634	0.0425579534051506	-1.36930380139756
3086	-1.12530575810073	2.22485086934259	-3.95966191646165	0.00235193719130094	0.042700570949816	-1.37803595893901
1157	-1.17631512023796	4.15749581854139	-3.95849751008842	0.00235656313427054	0.042700570949816	-1.37996392768921
894	1.34492804001148	3.4594818746603	3.95306754052717	0.0023782607189938	0.0429016405760236	-1.38895653261117
2564	-0.47645956755179	1.54528632916796	-3.95129338484647	0.00238539506303231	0.0429016405760236	-1.39189540602143
1875	1.77417234431336	2.24506497348567	3.93980349749481	0.00243214162139534	0.0435584084450034	-1.41093641643208
2590	0.522170985428287	1.9866747078947	3.93750111633333	0.00244162299592713	0.0435584084450034	-1.41475359974215
657	0.67104703627004	2.28581752243865	3.93573489254298	0.00244892250868973	0.0435584084450034	-1.41768225187532
2158	0.836443026219787	1.67511735260504	3.93104913290775	0.0024683982572909	0.0437439954900124	-1.42545350525872
836	1.9419518675809	3.83977105731656	3.91780596248239	0.00252431816875467	0.0445717200745806	-1.4474295210485
3651	0.48577695586559	1.71757807771361	3.88998245146563	0.00264613998976744	0.0463886356032024	-1.49365960561858
437	0.730340525298951	0.869705077660823	3.88992541258387	0.00264639591287389	0.0463886356032024	-1.49375445976819
1291	1.02414181081937	1.39247848393002	3.88575071107843	0.00266519708808428	0.0464599801899545	-1.50069777309355
2382	-1.11631994936027	2.57754158697368	-3.88476152964057	0.00266967228044798	0.0464599801899545	-1.50234322623275
2173	-0.591173533020322	0.625452449670598	-3.8790050843994	0.00269587069806318	0.0466306629879062	-1.51192073944599
1874	1.31310489308751	1.97093316805723	3.87837448411462	0.00269875684923806	0.0466306629879062	-1.51297012829497
4251	-0.786385933782943	1.79271131859384	-3.87549205822544	0.00271199017752148	0.046692556864231	-1.51776731305953
465	-1.48502260332914	3.96652997656886	-3.86919345836975	0.00274114254197028	0.047027119212951	-1.5282528866361
1198	-0.729159265479734	1.34301681298072	-3.86664321835876	0.00275303849749861	0.04702979759377	-1.53249951571726
2621	0.485487467517559	1.66853326797995	3.86378298281856	0.00276644432131432	0.04702979759377	-1.53726311460528
2841	0.970766989148119	1.2152335876434	3.86292870947022	0.00277046141261357	0.04702979759377	-1.53868602738579
4131	1.14163732884673	3.33892811921536	3.85765771257152	0.00279538192062298	0.0472412521402656	-1.54746721317785
1568	1.05247272348298	2.02343061305559	3.85617220708096	0.00280244716086321	0.0472412521402656	-1.54994247741783
4687	-0.901922620728405	1.24014727121585	-3.85107806582195	0.00282681671624126	0.0474865946985251	-1.55843237768539
84	-0.725207040274834	2.82524568091991	-3.84411026652545	0.00286050655291807	0.0475554591116069	-1.57004903231925
902	1.32783365311325	3.13989721930266	3.84314107794444	0.0028652255858824	0.0475554591116069	-1.57166523014442
1196	-0.606455657977023	1.45082749057381	-3.84224889124297	0.00286957684008157	0.0475554591116069	-1.57315310204178
605	0.634078788337735	1.59525615529837	3.84211418512716	0.00287023440690145	0.0475554591116069	-1.57337775394451
25	-1.02468391860806	2.68464775306862	-3.83424183978109	0.00290893628670274	0.0480321971162725	-1.58650966484496
537	0.665759554678458	1.95719681752117	3.82968257325434	0.00293159789311299	0.0482417367580974	-1.5941177418993
1864	0.706444510536607	1.88159774357266	3.82582856699964	0.00295089697957601	0.0482478508785854	-1.60055050278983
272	-1.27292567011191	3.52781419339231	-3.82562603404799	0.00295191481191841	0.0482478508785854	-1.60088859190942
271	-1.42858846605873	3.93286792479031	-3.81519805385386	0.00300481632528904	0.0489471426994895	-1.6183013433036
630	0.612864481929092	2.12956777049375	3.81171218087776	0.00302271895019874	0.0490735378559111	-1.6241243898381
1386	0.534913133826297	1.9578732567599	3.8063357995122	0.00305054810531633	0.0491075993910887	-1.63310771786337
1869	-0.704646956670065	1.40415213035043	-3.80456494412329	0.00305977248385971	0.0491075993910887	-1.63606721172473
2906	-1.49836175524452	3.0522436411672	-3.80222631656917	0.00307199875487557	0.0491075993910887	-1.63997602881544
562	0.722628704972877	1.58850800647305	3.79904563297293	0.00308870867333458	0.0491075993910887	-1.6452930898969
4696	0.767622311937691	2.49722432384595	3.79856117751695	0.00309126205356137	0.0491075993910887	-1.6461030233822
2649	0.471255664576314	1.89594841401459	3.79789875603772	0.00309475696980392	0.0491075993910887	-1.64721052343762
452	-1.78714147128905	5.39401268336943	-3.79657367956376	0.0031017603411019	0.0491075993910887	-1.64942603626527
3099	0.985065334229595	1.98878402309459	3.79552531993168	0.00310731284120918	0.0491075993910887	-1.65117899710199
4450	0.90919373304076	2.07376623913447	3.79385692900723	0.00311617052771067	0.0491075993910887	-1.65396892145952
899	1.33474651384939	2.92099550238941	3.78694824108596	0.00315312928612613	0.0492247184731036	-1.66552453502832
4686	-0.808794408083778	1.16799420176726	-3.78657566146759	0.00315513531512613	0.0492247184731036	-1.66614784420588
591	0.558833176577608	1.7871741790622	3.78511655149951	0.00316300415041651	0.0492247184731036	-1.66858899307623
1392	-0.60820071928197	0.748860249370207	-3.78487646976106	0.00316430083611724	0.0492247184731036	-1.66899067805072
2102	-0.482109677919456	1.43096275958787	-3.77894539471659	0.00319651032523873	0.049440831638107	-1.67891573709692
2403	1.11875463672662	2.65744550898834	3.77855693612661	0.00319863172855054	0.049440831638107	-1.67956589552833
342	-1.34899717880148	1.75517371563368	-3.77319570092966	0.00322805942591377	0.0496616016948738	-1.68854032964215
1664	-0.939095774207535	0.978135180101658	-3.77222011560261	0.00323344450886425	0.0496616016948738	-1.69017368972424
4308	-0.679685490367878	1.63611336786918	-3.76410406933247	0.00327860647387657	0.050195880128528	-1.70376519110857
620	0.830209031088599	1.57820743163068	3.76022890281482	0.00330040009902288	0.0503701440980211	-1.71025680518626
264	-1.0922321541579	1.18318095603717	-3.75603011440483	0.00332418330290911	0.0505658174642336	-1.71729205589801
1084	0.701196030654619	2.33620868523553	3.7540516620065	0.00333545135079305	0.0505658174642336	-1.72060758055525
223	1.14465197787906	1.51614514182204	3.75245451310132	0.00334457659953591	0.0505658174642336	-1.72328436298199
611	0.612667192332293	1.47489534065933	3.74934663097786	0.00336240758843202	0.0506770339963679	-1.72849374274052
2895	-0.790151431954757	3.15002440239994	-3.7377919494862	0.00342956923178618	0.0514166743609319	-1.74786893675534
3864	0.508215098755407	1.31669766596901	3.73725261311967	0.00343273787072778	0.0514166743609319	-1.74877359455427
3037	0.79522192433901	1.58797854159812	3.73022953261006	0.00347427690186322	0.051795077376072	-1.76055608190239
454	-1.43424147681241	5.33548024326467	-3.72876500114812	0.0034830044915012	0.051795077376072	-1.76301363407294
39	1.04214551927256	3.44706585437297	3.72604605995723	0.003499267747005	0.051795077376072	-1.76757663243701
2743	-0.572654492713374	2.05252177714215	-3.72484426548906	0.00350648128231964	0.051795077376072	-1.76959371715813
1945	1.04277455391205	2.04543478835238	3.72400454618684	0.0035115306695642	0.051795077376072	-1.77100317032048
1749	0.412136802769387	0.928386001254243	3.71884170100261	0.00354274170553081	0.0520966090314834	-1.77967022986264
564	0.593987287460556	0.903343892668144	3.71336028319312	0.00357619311624816	0.0524291584739655	-1.78887456300368
3709	0.460766960104578	1.78234068198202	3.7046831201817	0.00362981717971773	0.053054548385119	-1.80345032127125
604	0.580930938731533	1.80360735056303	3.69974539526175	0.00366070272989624	0.0533004987824284	-1.81174743607808
3497	-0.658856050619246	1.92390385294047	-3.69847731466026	0.00366867839903858	0.0533004987824284	-1.81387858370687
655	0.677812116649517	2.63005137696265	3.69072880024859	0.00371780532808817	0.0538525214888939	-1.82690368432018
2206	-0.564527520015171	0.678434193246813	-3.68728102455335	0.00373988315135272	0.0539067219618914	-1.83270090886502
561	0.67968578333158	1.77373857618846	3.68593740267704	0.00374852371770388	0.0539067219618914	-1.83496038933692
268	-1.27332617607357	1.61984063539307	-3.68256554829525	0.00377029850093385	0.0539067219618914	-1.84063126019014
619	0.544082706519842	1.57318077972843	3.68016375572144	0.00378588856797291	0.0539067219618914	-1.84467121726545
887	1.64442665695959	3.81465935432591	3.67972537528421	0.00378874128892352	0.0539067219618914	-1.84540864929614
2093	-0.534107999104214	1.42454036422942	-3.67856426725021	0.00379630784152391	0.0539067219618914	-1.84736190943994
1301	1.20607510447287	1.52265302322211	3.67627100898746	0.00381129818867002	0.0539067219618914	-1.85122003418993
4465	0.955756716591904	1.40970559588167	3.67539802659231	0.00381702068985727	0.0539067219618914	-1.85268883048369
2949	-0.773397209716243	1.79517289189464	-3.67438316858385	0.00382368437250208	0.0539067219618914	-1.85439640975067
3027	-0.954476228891786	1.77765389712518	-3.67297193275082	0.00383297072238335	0.0539067219618914	-1.85677106306879
4311	-0.519283693773801	1.29434312859767	-3.66748176543129	0.00386932006046736	0.0542602042102641	-1.86601074730844
3283	1.06599753188953	1.50173956946706	3.66421963503172	0.00389108661953935	0.0543459200882895	-1.87150188549574
832	1.95657116531494	4.66178489724618	3.66306213373661	0.00389884043928925	0.0543459200882895	-1.87345050712986
1757	0.541916061935537	1.08666014248271	3.66152947802812	0.00390913191209689	0.0543459200882895	-1.8760308530966
4890	0.623628214988826	1.34544621446452	3.6576857927942	0.00393506518650556	0.0544700013589521	-1.88250280864987
4155	0.504596859643952	1.36623379135411	3.65642554049329	0.00394360674545661	0.0544700013589521	-1.88462505923383
1783	0.588861052470028	1.65522349334364	3.6548486658308	0.00395432125966044	0.0544700013589521	-1.88728067258219
125	-1.11442336576593	2.73914707051056	-3.65356110151707	0.00396309228572781	0.0544700013589521	-1.88944920200567
1200	-0.60474041452433	1.25884477179099	-3.64897140482156	0.00399452171224303	0.0547464477162373	-1.89718026267166
4394	1.00963396700735	2.202711226036	3.64704630382088	0.00400778103389222	0.0547730074631937	-1.90042346041866
290	-0.557469283412312	1.36145225310102	-3.6380553835094	0.00407031172926755	0.0554708961864688	-1.91557412917225
3635	-0.641955874221212	1.49327996415826	-3.63462876508069	0.00409440792695481	0.0556425436814813	-1.9213499677816
1190	-0.700561980053701	1.98328702398219	-3.63226416904505	0.00411112180306992	0.0557131856673733	-1.92533619963958
3787	0.446333859092083	1.63027068050177	3.62925426548397	0.00413249896044215	0.055846452431897	-1.93041089738681
673	0.621884994590224	2.45692007531574	3.62247614978932	0.00418106038745542	0.05620918406991	-1.94184127735449
1748	0.556368878145111	1.14837472022473	3.62226581120107	0.00418257673938975	0.05620918406991	-1.94219603965174
3184	0.883165097331583	1.99992682572612	3.61882786247043	0.0042074419088387	0.0563867145566805	-1.94799503263104
729	0.487416025747257	1.96037815087871	3.6164870475432	0.00422445929008526	0.0564583813409738	-1.9519439224946
208	1.32153081065878	1.59260145683745	3.60575262348243	0.00430341183950298	0.0573104960902236	-1.97005771789164
3887	0.537451849869009	1.39962041627362	3.60460934773783	0.00431190999934713	0.0573104960902236	-1.97198742913947
3201	0.464030427867899	1.27367451453382	3.60174301093824	0.00433329219103718	0.0573192400528648	-1.97682587173894
1933	1.27979119980764	2.44911971674288	3.59978394155063	0.0043479693117365	0.0573192400528648	-1.98013316426745
468	-0.66115450412835	2.12137272665212	-3.59617831404043	0.00437511649802712	0.0573192400528648	-1.98622088363989
2521	-0.963304105421152	2.42878491777827	-3.59554856117376	0.00437987589250311	0.0573192400528648	-1.9872842491653
279	-0.450568388851287	1.06881932834647	-3.59322769810012	0.00439746212302771	0.0573192400528648	-1.99120337105086
4520	0.574508609335448	1.0731247171366	3.59250125452592	0.00440298167337197	0.0573192400528648	-1.99243015697905
1877	1.70688183014369	2.34632282909325	3.59230644438434	0.00440446306451099	0.0573192400528648	-1.99275915008975
154	0.633476088005073	2.81962750388168	3.5919270468112	0.00440734958653694	0.0573192400528648	-1.99339987998232
4072	1.31074757303514	3.37388390072251	3.58848643495998	0.00443361562384027	0.0574444273710138	-1.99921087633052
788	0.93245356235827	1.07462272455151	3.58260510067354	0.00447888899146852	0.0574444273710138	-2.00914602689301
329	-0.688574206564561	1.19148818846681	-3.5823122383702	0.00448115581378091	0.0574444273710138	-2.00964081261263
4488	0.96423974924457	2.3377518397357	3.58007715648418	0.00449849489022283	0.0574444273710138	-2.01341713936894
3258	0.593317527084251	1.24026939451534	3.58007249022102	0.00449853116194645	0.0574444273710138	-2.01342502370648
2513	0.617217838835118	2.39141798419116	3.57909620297089	0.00450612665996741	0.0574444273710138	-2.01507463749323
2128	0.726699595137571	1.57307778490103	3.57869638895428	0.00450924102236322	0.0574444273710138	-2.01575021446873
2304	-0.915855035171843	1.0864920629315	-3.57834703812559	0.00451196411760753	0.0574444273710138	-2.01634053137002
2852	0.617563993727439	1.54696920152235	3.57430575658234	0.0045435883740398	0.0575336909986045	-2.02316991022145
87	1.22269082726609	3.25087072953812	3.57336442948412	0.00455098731062969	0.0575336909986045	-2.02476082305145
1598	1.14810500343083	2.03251051622314	3.57289884638827	0.00455465143705364	0.0575336909986045	-2.02554771541741
2990	-0.748994993435207	1.70135800321955	-3.57066289215868	0.00457229076695305	0.0576061008607262	-2.0293269566315
289	-0.569655882509464	1.36617330107987	-3.56503975067283	0.00461696343065148	0.0580178417597191	-2.03883276247794
4256	-0.734096427737551	1.68984380409703	-3.5634793594364	0.00462943943468009	0.0580239066968453	-2.04147094853987
378	-0.62051237947831	1.28021771585327	-3.56164078716917	0.0046441842264367	0.0580393015154904	-2.04457966983463
3657	-0.491126554771206	1.49590738623373	-3.55955947281783	0.00466093416771428	0.0580393015154904	-2.04809909939938
2391	-0.659235861765368	2.3634652579139	-3.55885008752412	0.00466665735624757	0.0580393015154904	-2.04929871076041
890	1.31598997208759	3.46456570530723	3.55488217736118	0.00469880355276072	0.0582524081529702	-2.05600928862209
1054	0.602834761657441	2.04185118955908	3.55197393246824	0.00472250969439941	0.0582524081529702	-2.06092840545934
1796	1.59795596247896	2.62183335005461	3.55048824395003	0.00473466760142516	0.0582524081529702	-2.06344156950707
1489	1.00771654818951	2.11076329774842	3.54889466410259	0.0047477442776727	0.0582524081529702	-2.06613740050692
453	-1.8326500347406	5.64835164599438	-3.5474220460499	0.00475986144467413	0.0582524081529702	-2.06862874928002
460	-0.636827280525806	1.77567891600948	-3.54646691649847	0.00476773758436359	0.0582524081529702	-2.07024469544682
4341	0.577995600359927	1.14375583125882	3.54642586509758	0.00476807640111124	0.0582524081529702	-2.07031415002245
543	-0.54635454511647	1.43163787675212	-3.54315131194052	0.00479518291663408	0.0584360074324325	-2.07585469370697
774	0.38871893104601	1.26835286708548	3.53346887566301	0.00487626592353807	0.0592748103971789	-2.09224138801535
590	0.604474479165732	1.81421251488019	3.53076574281607	0.00489915380498985	0.0593467545280694	-2.09681726857193
1247	-0.497429048292459	1.45957219823158	-3.52754917892819	0.0049265332110539	0.0593467545280694	-2.1022628847566
1191	-0.626800016508211	1.93161931765014	-3.52752173459006	0.00492676749411048	0.0593467545280694	-2.1023093505717
2207	-0.657948866957311	1.10895624563998	-3.52673178628184	0.00493351593631969	0.0593467545280694	-2.10364682655585
3226	0.398368812906559	0.899870333377331	3.52556297704154	0.00494351841149483	0.0593467545280694	-2.10562583004169
4150	0.909576949716313	3.03516302491492	3.51750102269991	0.00501308243019347	0.0599419313968499	-2.11927845836498
3048	-0.720750767269304	1.91334196446287	-3.51694977644916	0.00501787561300625	0.0599419313968499	-2.12021211938103
467	-0.828229455249458	2.61278321168824	-3.51009562036706	0.00507786922796386	0.060509190455392	-2.13182273038392
1046	0.61729670212109	2.39338909890742	3.50741359581856	0.00510154518527562	0.0606419548067898	-2.1363667200551
478	-0.554163117419483	1.70663792660114	-3.49758919426643	0.00518924606268787	0.0615332658119703	-2.15301524260931
4113	0.927096230072261	2.03457501809275	3.48929986528589	0.00526444955187797	0.0622723885867619	-2.16706679772136
2184	-0.509987815083894	1.35059467461466	-3.48349729269257	0.00531775863098475	0.0627495518456201	-2.17690529999394
4309	-0.691618118124709	1.73944455946128	-3.47231870446693	0.00542202832866256	0.0637197147611356	-2.19586438810884
409	0.62319105939466	1.19935425683683	3.47186364901921	0.00542631717271349	0.0637197147611356	-2.19663631690024
159	0.95075354197287	1.58997161836869	3.46645620905641	0.00547754940102029	0.0641655786976663	-2.20581003898461
1982	1.14413762527573	2.11608422888166	3.46332101063246	0.00550748094417726	0.0643603691012792	-2.21112962847394
1432	0.422426870627487	1.02540655624126	3.46092547424804	0.00553046422858082	0.0643685912076733	-2.21519456562037
2566	-0.657476337371481	2.04849043063827	-3.46047531740224	0.00553479411789833	0.0643685912076733	-2.21595846183886
4377	-0.569487577498786	1.42689605471647	-3.45905950844755	0.00554843497248403	0.0643724901603782	-2.21836109714149
457	-1.11647192590256	4.44236045525217	-3.45493708883329	0.00558835019552051	0.0646804742725556	-2.22535746900318
672	0.562587660547929	2.23701929409983	3.45269218576419	0.00561021036843652	0.0647785149462909	-2.22916778580389
2399	-0.631701566024513	1.34169021437243	-3.44561565307414	0.00567969612648887	0.0654246901427456	-2.24118063198991
360	-1.0308394714837	1.26059588446551	-3.44341010490239	0.00570153301917406	0.0655202298022901	-2.2449252105255
598	0.571883059962537	1.81055574183835	3.43836560557067	0.00575180278990563	0.0659412841174489	-2.25349068604097
2776	-0.900057037955124	2.38839856453178	-3.43202256911416	0.00581565943212937	0.066259551201712	-2.26426286388904
1183	-0.726318027767661	2.67328546957536	-3.43111663393298	0.00582483888934175	0.066259551201712	-2.2658015473711
4438	0.665722762910929	1.08706292235101	3.43096972118883	0.00582632889500561	0.066259551201712	-2.26605107477601
2192	-0.498490305671833	0.849730555694545	-3.43017984762733	0.00583434659196555	0.066259551201712	-2.26739267224345
4312	-0.507587143988659	1.32276923936685	-3.42362112117675	0.00590136069298265	0.0668636604980095	-2.27853381923799
1716	-0.753004734665357	0.955442072485832	-3.42073127504566	0.00593113809316326	0.0670440329315978	-2.28344338758911
1677	-0.85671127066043	1.04841279242388	-3.41573097819968	0.00598302663819431	0.067206077971342	-2.29193934403704
898	0.967710188163308	2.75944067265027	3.41554878179967	0.00598492607911487	0.067206077971342	-2.29224893443529
66	0.636587257821627	1.34242332019398	3.41533577598209	0.00598714750013402	0.067206077971342	-2.29261087855251
964	1.36649628279215	2.74424990160652	3.41378252468231	0.00600337183568952	0.067232205882097	-2.29525026107235
3579	0.704707730193428	2.36732422596073	3.41146564970466	0.00602765640124473	0.0673482717533996	-2.29918744981126
4257	0.687862208354524	1.64423730770477	3.40172480597232	0.00613086372774137	0.0683435915087852	-2.31574327836731
37	0.689717832688525	2.94164326788906	3.39158782082344	0.00624019410061105	0.0693319666237808	-2.33297691550101
1169	-0.753451029383865	3.0724575942956	-3.39085372058378	0.00624818880693849	0.0693319666237808	-2.33422511588762
3810	0.440141583610174	1.33278609665173	3.38519462306486	0.00631017267229557	0.0695656026979305	-2.34384813209364
656	0.718954403524218	2.65392389464886	3.38475875655566	0.00631497276794837	0.0695656026979305	-2.34458935823686
15	-0.712553376978858	1.8669932708038	-3.38245362158124	0.00634042098998127	0.0695656026979305	-2.3485095595236
1315	-0.494012125780186	1.53128963856804	-3.38244595902175	0.00634050575814209	0.0695656026979305	-2.34852259114023
4491	1.06109695522949	1.84887552934899	3.38138052007773	0.00635230364572122	0.0695656026979305	-2.35033459344824
128	0.836404886363458	3.0427016043647	3.38109058524527	0.00635551806376297	0.0695656026979305	-2.35082769664282
26	-0.970504191455327	2.77950523058521	-3.37746766818806	0.00639582507768064	0.0698487623607651	-2.3569896243259
2346	-0.869190599787971	1.22811502039886	-3.37310640299103	0.00644469433364805	0.0701432059011747	-2.36440806597333
1113	-4.68112185920959	12.5011663136558	-3.37116804794949	0.0064665368267151	0.0701432059011747	-2.3677054250163
4319	-0.456990596208823	1.492491983544	-3.37046156738691	0.00647451670158525	0.0701432059011747	-2.36890726527236
119	-0.407581006742045	1.60926892673851	-3.3699076957402	0.00648077987553226	0.0701432059011747	-2.36984950655087
711	0.451289767832341	1.71724438238799	3.36383477521549	0.00654986090130774	0.0701835953475935	-2.38018150325077
152	0.685527534755055	1.32524002406086	3.36261174623412	0.00656386417424281	0.0701835953475935	-2.38226244586837
4230	0.535671409152393	1.55466477297841	3.36255974125672	0.00656446029308762	0.0701835953475935	-2.38235093187993
541	0.659550167405693	1.63669698935391	3.36241724954651	0.00656609392076035	0.0701835953475935	-2.38259338081124
907	0.865292076951365	2.42370393433382	3.3622718808874	0.00656776096095721	0.0701835953475935	-2.38284072567156
1016	1.05180126382051	2.94461950863591	3.35946272417544	0.00660006071806227	0.0701835953475935	-2.38762066845722
2970	0.944395217698963	2.23060850368454	3.35773264285355	0.00662003414554424	0.0701835953475935	-2.39056465335809
466	-0.888004382179828	3.08549410058138	-3.35627191416801	0.00663694614443897	0.0701835953475935	-2.39305038471003
231	0.980678064989965	1.86323740535268	3.35608378669463	0.00663912745714155	0.0701835953475935	-2.3933705283399
259	-0.639125746324983	2.03437958337584	-3.35550697535837	0.00664582008422749	0.0701835953475935	-2.39435211835926
846	1.4326627375646	3.11231654077093	3.3548109167218	0.00665390551351999	0.0701835953475935	-2.3955366545276
4408	0.9519679552175	2.38340868546653	3.35440782420942	0.0066585924482318	0.0701835953475935	-2.39622263622937
3231	0.42674755358123	1.28879311850362	3.34862075108112	0.00672625517714439	0.0707426577109229	-2.4060717316132
1714	0.52791072037198	1.55037020598269	3.34617091102888	0.00675511051701989	0.0707669541657331	-2.41024151970347
3780	0.357156157862946	1.27451078076735	3.34594143018961	0.00675781993066736	0.0707669541657331	-2.41063212234945
2334	-0.84788784185463	1.22824986064606	-3.3384826378901	0.00684649206136147	0.0715406665072717	-2.42332887356596
4344	0.695657165664415	1.27325875648816	3.33703571763378	0.00686383088529676	0.0715672711704003	-2.42579212697644
1768	0.394545334063647	0.907696260900955	3.33277025070497	0.00691520704536594	0.0717778387171107	-2.43305413104141
1226	-0.543959408137502	1.49164627155988	-3.33190684740423	0.00692565425217446	0.0717778387171107	-2.43452416106214
1004	1.11193773307039	3.27835647097745	3.33166903220673	0.00692853465913409	0.0717778387171107	-2.43492906958182
130	1.13496477231473	2.91610371573094	3.32757016193226	0.00697837306174189	0.0720488328260744	-2.44190818335461
4701	-0.708224141130553	2.64479930479061	-3.32695329941947	0.00698590521868636	0.0720488328260744	-2.44295855929
3675	1.15883962540217	2.44384743636033	3.32514216633216	0.00700806802572504	0.0720488328260744	-2.4460425785696
4853	0.580613335880244	1.18524822523824	3.32463703356512	0.00701426214573813	0.0720488328260744	-2.44690274417832
1424	0.376917535193577	0.706918920339718	3.32320941265145	0.00703179844472612	0.0720759340584427	-2.44933381479698
2010	-0.636008499142756	1.90064000261317	-3.32030300390695	0.00706763826785712	0.0722901351794773	-2.45428329368331
2529	-0.75075048305985	1.65871545921722	-3.31654824126287	0.00711421616247236	0.0726130333207621	-2.46067788427281
1758	0.424906827408316	1.05581439816769	3.31092111856612	0.00718460919921197	0.0730234937854142	-2.47026205518199
1903	0.629725909980279	0.753979308092173	3.31044049605602	0.00719065450867006	0.0730234937854142	-2.47108070192996
840	0.715120559153647	2.74114347027784	3.30972116950841	0.00719971197512249	0.0730234937854142	-2.47230594776396
3172	0.931327353543952	1.94444010021602	3.30779088563848	0.00722407501248592	0.0731173115280479	-2.47559392404097
1638	1.08587218161286	2.13884912306726	3.30401985443749	0.00727191444901759	0.0732010683433544	-2.4820176889008
3448	0.619426810099272	2.15723467552783	3.30364449708664	0.00727669393291522	0.0732010683433544	-2.4826571148744
2336	-0.603717471786824	0.589477307900325	-3.30356225189837	0.00727774160255342	0.0732010683433544	-2.48279722114784
7	-0.453511282492503	1.55796801043487	-3.29910735237692	0.00733472071984345	0.0736211179307108	-2.49038652676556
2094	-0.68624886360911	0.852540122470657	-3.29685971326613	0.00736364134311016	0.0737583785051076	-2.49421579313289
3798	0.427340278352708	1.7310612783173	3.29354237054956	0.00740653903434716	0.0739523809819123	-2.49986775990578
714	0.839975563659769	1.00004987122401	3.29242119884662	0.00742109495393812	0.0739523809819123	-2.50177804128478
923	1.32133580718186	3.27843947970142	3.29071447750579	0.00744330906642427	0.0739523809819123	-2.50468606455882
2784	0.539404092414094	1.468806224735	3.28952420547609	0.00745884144874145	0.0739523809819123	-2.50671417544775
2586	0.52016295588954	1.62493630101656	3.2894785274353	0.00745943818089566	0.0739523809819123	-2.50679200728226
4791	0.457480349809648	1.48238425600297	3.2837930849427	0.00753409420645053	0.0745397704924492	-2.51648000156797
960	0.76229345628183	3.10922778543805	3.28252930764425	0.00755079239645499	0.0745525175796923	-2.51863359553591
1784	0.577626687976574	1.80712782784969	3.27976654233919	0.00758742836358614	0.0746868982847867	-2.52334175011605
3895	0.420925432759017	0.993743714307596	3.27669547722717	0.00762836568947514	0.0746868982847867	-2.52857552370478
2157	-0.491759496386495	1.43817401770067	-3.27593462143685	0.00763854272142693	0.0746868982847867	-2.52987222720245
2702	-0.849052719517519	2.62254194356669	-3.27545716499994	0.00764493614759972	0.0746868982847867	-2.53068594921161
2053	-0.515496962716083	0.959157368899359	-3.27483406522049	0.00765328804439659	0.0746868982847867	-2.53174789764451
896	1.06783286295208	3.35620104921703	3.27455526663536	0.00765702801762179	0.0746868982847867	-2.53222305698713
761	1.22041818380989	1.32632722320597	3.27190226585437	0.00769271048121511	0.0748839704388706	-2.53674469053557
2994	1.16761961000626	1.87802868933083	3.26951629833973	0.00772494637713135	0.0750467682179949	-2.54081135430648
4761	-0.482232409176001	2.37173516512829	-3.26836853543447	0.00774050245635271	0.0750471961599888	-2.54276766045296
2639	0.48783964298431	0.853975089975203	3.26567631598355	0.00777711675751588	0.0752513817457237	-2.54735654109496
4713	-0.405385279501444	1.42502015891075	-3.26141745830476	0.00783539880715254	0.0756562280109962	-2.55461609868448
73	-0.379329392457618	1.54104888903761	-3.2591124212252	0.00786712874243594	0.0756562280109962	-2.5585453886588
163	-0.622448261474266	1.92865657588723	-3.25783326397407	0.00788479349614967	0.0756562280109962	-2.56072596025133
589	0.671303663259663	1.77399592170382	3.25767552869586	0.00788697457154038	0.0756562280109962	-2.56099485314162
2671	-0.576840137534539	1.99266798484538	-3.25694047699555	0.00789714657824578	0.0756562280109962	-2.56224791030871
1632	0.474587900479638	1.92611535324209	3.25082691833652	0.00798226937627758	0.0763205913882034	-2.57267026938331
965	1.17020698168258	3.25471557858462	3.24648970086663	0.0080432262084265	0.0767517325372139	-2.58006481040326
1220	-0.488919987537284	1.52246813579269	-3.24412057082211	0.00807672313268882	0.0769196584959616	-2.58410411237218
1478	1.55982655548984	2.32928202147584	3.24048289713853	0.00812843306888939	0.0769521808176084	-2.59030646268385
2898	-0.860381703802028	3.36872151978959	-3.23938139871816	0.00814415749191044	0.0769521808176084	-2.59218460339618
639	0.545556855605626	1.72932296206121	3.23886278284676	0.00815157172159018	0.0769521808176084	-2.59306889191799
581	0.776794628784739	1.7335050246981	3.23654778435543	0.0081847513983053	0.0769521808176084	-2.59701624249969
3121	1.05725020758694	1.74310031431529	3.23629855371565	0.0081883316932867	0.0769521808176084	-2.59744121665411
1797	1.30455131051383	2.38213111014784	3.23517112474846	0.00820454760942672	0.0769521808176084	-2.59936365983282
202	-0.373291901541208	1.27641597401492	-3.233875601754	0.00822322167162311	0.0769521808176084	-2.60157275842701
3183	0.773115333189894	2.0702637065465	3.23203651315135	0.00824980530024178	0.0769521808176084	-2.60470878575573
4467	0.961464015165158	1.99987793727705	3.23166873640522	0.00825513193693011	0.0769521808176084	-2.60533592860226
1242	-0.987695762517048	2.22318857811397	-3.23113139436074	0.00826292075014283	0.0769521808176084	-2.60625222308446
2371	0.439956000786881	1.8158757814298	3.22989605335954	0.0082808555318232	0.0769521808176084	-2.60835878910051
270	-1.03392414486717	3.53110519005627	-3.22920654915223	0.0082908830605082	0.0769521808176084	-2.60953457815799
1860	0.552536310346614	1.51902589740676	3.22898223712041	0.00829414792048176	0.0769521808176084	-2.60991709193194
1481	0.729378126094714	1.94505635690002	3.22838692680944	0.00830281901339222	0.0769521808176084	-2.61093226412303
842	0.898825115967212	3.23376205742585	3.22556950698713	0.00834398213426132	0.0771858232611018	-2.61573684238192
23	-0.795171515492066	2.75410612702673	-3.22293215951141	0.00838270283392295	0.0773960234933573	-2.62023446115229
2228	0.897617037100382	1.84181132939728	3.21944305854106	0.00843421025069261	0.0776882770375371	-2.62618479633051
905	0.584234666140948	1.90747233350408	3.21861561963302	0.0084464724517868	0.0776882770375371	-2.62759594408734
1914	1.36055863711228	2.35646685207201	3.2104835800259	0.00856795568875092	0.0786561093399942	-2.64146520065138
4680	-0.465447231886229	1.35878506612849	-3.20933083126159	0.0085853198845799	0.0786662454575711	-2.64343129987757
635	0.511643782272284	1.70930374051788	3.20778629765015	0.00860864185469248	0.0787308304215543	-2.64606564621927
1942	0.468892328039705	1.48288020132654	3.20432180646382	0.00866118955260179	0.0788825561524609	-2.65197477619656
187	0.763332255448665	1.74257800556466	3.20321880732483	0.00867798776416855	0.0788825561524609	-2.65385611435598
255	-0.78331964853269	1.33282150086753	-3.20281367378185	0.00868416610481313	0.0788825561524609	-2.65454713711179
3840	0.488649264773823	1.57394215759051	3.20240184749809	0.0086904511015423	0.0788825561524609	-2.655249577585
456	-1.34018665092305	5.10581543516193	-3.19998274299747	0.00872746336269047	0.0790629484306129	-2.65937581864258
886	1.95070378343043	4.26980797372423	3.19896980255881	0.00874300897279411	0.0790629484306129	-2.6611036017887
1564	1.04139699215643	2.27766235518062	3.19757397330509	0.00876447698677187	0.0790647864142769	-2.66348450254107
3266	1.08824982242003	2.53837828192002	3.19683286460114	0.0087758971278352	0.0790647864142769	-2.66474863946655
2658	0.489033802558555	1.16589695669421	3.1950283091189	0.00880376788497195	0.0791684554414392	-2.66782676400805
3243	-0.51393123647105	0.608244274653864	-3.19198692945649	0.00885094504569187	0.0794450317830376	-2.67301468686534
121	-0.454361862584293	1.54711756873822	-3.18817813082571	0.0089103893444161	0.0795221887116729	-2.67951179691213
783	0.413767658544817	1.31162029034452	3.18752724698607	0.0089205883317633	0.0795221887116729	-2.68062209994183
4253	1.00983345766198	2.58871394106784	3.18722827312957	0.00892527706675932	0.0795221887116729	-2.68113210261905
3898	0.395842503458102	1.64620590566866	3.18563966565238	0.00895023291622984	0.0795221887116729	-2.68384203344785
2400	-0.881326525772058	1.50541136097626	-3.1854003845671	0.00895399799384347	0.0795221887116729	-2.68425021392559
141	1.14447172222298	3.49554263267767	3.18513580283456	0.00895816305247246	0.0795221887116729	-2.68470155445068
192	0.897347219359118	1.4570959555244	3.1839315588244	0.00897714524277401	0.0795447411804774	-2.68675583966063
800	0.48441297209959	2.31153954342978	3.18226726616798	0.00900344645210495	0.0796319450370818	-2.68959493077816
281	-0.527032859245989	1.36066862555712	-3.17943460091101	0.00904839215056437	0.0797686097111683	-2.69442718759698
2635	0.488044266732548	1.84746395727191	3.17833512214287	0.00906589893935794	0.0797686097111683	-2.69630281213223
728	0.456915589535187	1.58300076282216	3.17738326950669	0.00908108293346907	0.0797686097111683	-2.69792660617844
2903	0.689543571360259	1.94738273080709	3.1763796755634	0.00909712032687702	0.0797686097111683	-2.6996386752496
147	-0.533290989819359	1.97148768275674	-3.17490164947558	0.00912079160422936	0.0797686097111683	-2.70216011067799
4444	0.973358573537112	2.02492064439578	3.17477181557821	0.00912287394592249	0.0797686097111683	-2.70238160134618
2880	0.581313899249551	1.58674959481755	3.17405908347505	0.00913431372054304	0.0797686097111683	-2.70359749188025
3229	0.353786908936167	1.27028538855596	3.16914037685921	0.00921366070338866	0.0802008583472837	-2.71198869603327
637	0.704027465701065	1.31919586765005	3.16893647222255	0.00921696511804253	0.0802008583472837	-2.71233655642336
945	1.60193717677354	3.47563578204893	3.16594855154575	0.00926552487556689	0.0803643859654732	-2.71743396624833
1415	0.340211825130321	1.11514402395968	3.16573653515607	0.0092689804400029	0.0803643859654732	-2.7177956695349
2967	-0.802693924580926	3.06601879132488	-3.16403679815637	0.00929673113285298	0.0804590061681054	-2.72069545713435
1243	-0.583715838164914	1.90966691365159	-3.16303326594279	0.00931315490990885	0.0804590061681054	-2.72240751229532
4329	-0.683709736350953	1.35544834627889	-3.16180073264603	0.00933336688278461	0.0804601307409968	-2.72451025754714
1097	0.544104377590753	1.80952089836348	3.16099847667977	0.00934654681199674	0.0804601307409968	-2.72587893884281
1547	1.31853713170041	2.19039862067849	3.15897660146599	0.00937984735294589	0.0805934081031444	-2.7293283546228
4558	-0.61957404783493	2.61631523856193	-3.15748509246	0.00940448997681706	0.0805934081031444	-2.73187295287474
2456	0.639386736435766	2.26401011775356	3.157031089319	0.00941200404677069	0.0805934081031444	-2.73264750978077
72	-0.418893687931401	1.5846443316969	-3.15483955600288	0.0094483613733703	0.0807594645010854	-2.73638641106817
712	0.450822852100175	1.82070236233536	3.15220374705704	0.0094922783325496	0.0807594645010854	-2.7408833013757
4495	0.868216381758083	2.16522492863642	3.15132176126227	0.00950701995946891	0.0807594645010854	-2.74238804177297
897	1.23731166798341	3.20154143826312	3.14965543783164	0.00953493463919436	0.0807594645010854	-2.74523093378719
188	1.70334327677024	2.14904517021484	3.14956736290368	0.00953641240849655	0.0807594645010854	-2.74538119748115
4502	0.938114024360369	1.876412684517	3.14914210998899	0.00954355080971305	0.0807594645010854	-2.74610671726569
2921	-0.762340739375737	2.01835192788585	-3.14886258718094	0.0095482459062879	0.0807594645010854	-2.74658360865065
618	0.487560381635453	1.76006902285762	3.14592248870434	0.00959777263642085	0.0810366911256615	-2.75159969753858
3901	0.726282772218569	1.99407986687384	3.14284655176836	0.00964986701855293	0.081334593442089	-2.75684756149895
4055	-0.57876591478318	1.46330064299679	-3.14117676156915	0.00967826695612936	0.0813549478051615	-2.75969640226905
3888	0.454790059221796	1.28483400169071	3.14072802405566	0.00968591358738591	0.0813549478051615	-2.76046199722138
1232	1.00898615924652	1.5686405352129	3.13831349728255	0.00972716336951397	0.0815598204189057	-2.76458144658485
1304	0.805736759919089	1.41300580817375	3.13497710198721	0.00978445615318145	0.0817664505243123	-2.77027371384333
1607	1.22488901702065	2.26639326428224	3.13475728263429	0.00978824291664284	0.0817664505243123	-2.77064875068578
1814	-0.364917690893029	1.44295107847758	-3.13392988677708	0.00980250957091797	0.0817664505243123	-2.7720603823144
2051	-1.31040085128609	1.02965461427941	-3.12969990291004	0.00987577711159657	0.0822358169809023	-2.77927721573511
145	0.739018926969224	1.62214780395047	3.12818160303075	0.00990221098405938	0.0823142555685211	-2.78186760569051
142	1.12273428137271	3.08762089591329	3.1241465369152	0.00997281187268302	0.0825708829306744	-2.78875186851267
2636	0.677647411158409	2.10122515733856	3.12370211106022	0.00998061909431458	0.0825708829306744	-2.7895101059788
1000	0.679907244198301	3.29738288185748	3.12349360196636	0.00998428410798771	0.0825708829306744	-2.78986584440049
168	0.810839753268126	1.40444854118217	3.12159690279393	0.0100176856345622	0.0827057390785187	-2.79310180853245
3270	-1.00847111199297	2.46088844693207	-3.12021922303755	0.0100420181409097	0.0827653897201386	-2.79545226713931
720	0.749955078219767	0.854674142400435	3.11711617779785	0.010097043902362	0.0830773782306591	-2.8007463527028
1963	-0.488563575828809	0.624170177896605	-3.11243866908985	0.010180568175011	0.0836223919027218	-2.80872656240618
4695	0.628814989082643	2.29765157926677	3.10954707174773	0.0102325524924019	0.0839069304376952	-2.81365982003445
1804	1.34107707527119	3.36013137214554	3.10713662781405	0.0102760925276245	0.0841213801161544	-2.81777216915218
833	1.8801455674847	4.08080228236151	3.10410828804338	0.0103310601382894	0.0841385741396339	-2.82293864088756
1259	0.746147788260521	1.39012308273505	3.10377997872103	0.0103370371944252	0.0841385741396339	-2.82349874706589
3660	-0.560684104220159	1.88367029403841	-3.10350260491803	0.0103420896739272	0.0841385741396339	-2.8239719551495
849	1.08566439588234	3.31051194503161	3.10271524582606	0.0103564453980359	0.0841385741396339	-2.82531521113465
4538	0.72015326424485	2.49935141996739	3.0999015807547	0.0104079116104901	0.0841385741396339	-2.83011536984061
3113	-0.935303552941046	2.04770649555606	-3.09956052025287	0.0104141677256268	0.0841385741396339	-2.83069722129088
4498	0.920753415223626	2.72413130490714	3.09832503329231	0.0104368623602701	0.0841385741396339	-2.83280496379214
3462	1.03713534532441	2.63325471640426	3.09722213856336	0.0104571637731321	0.0841385741396339	-2.83468649513209
588	0.582936710851966	1.71833029490306	3.0968977468206	0.0104631425954314	0.0841385741396339	-2.83523990377782
3087	-1.13959891656384	1.75009367139659	-3.0954054794388	0.0104906910591789	0.0841385741396339	-2.83778568550208
4702	-0.665188509305045	2.86206746914067	-3.0950701559179	0.0104968915151514	0.0841385741396339	-2.83835773928644
782	0.341702704724584	1.10316799239044	3.09367529366058	0.0105227237650164	0.0841385741396339	-2.84073733149784
3476	-0.763197558238532	1.84169894638892	-3.09297919447504	0.0105356393204727	0.0841385741396339	-2.84192484984921
1189	-1.18011418729785	2.49076694406929	-3.09292708600205	0.0105366067971999	0.0841385741396339	-2.84201374474346
400	-0.562219975217212	1.07482556101179	-3.09205894251151	0.0105527385187864	0.0841385741396339	-2.84349475842438
4471	0.867250727754381	2.20771458151445	3.09185929162184	0.0105564519435217	0.0841385741396339	-2.84383535300752
2943	-1.30042077918943	2.23090744857746	-3.08709638489859	0.0106454338563013	0.0847082384815551	-2.85196053970516
461	-0.516388547746099	1.7582255907189	-3.08556315296397	0.0106742395618861	0.0847979819382674	-2.85457608456693
4469	0.953642909682259	2.46987436843111	3.08311061530129	0.0107204811233817	0.0849769465205898	-2.85875983055867
4375	-0.53143073562695	1.24660189407646	-3.08136694063387	0.0107534807926979	0.0849769465205898	-2.86173430293713
3947	1.05957285964422	4.15544513157535	3.08082695223984	0.0107637211258446	0.0849769465205898	-2.86265544373821
1323	-0.514953112854632	0.731533063935778	-3.08065283117081	0.0107670252619102	0.0849769465205898	-2.86295246805166
3809	0.520390062671484	1.43288988848089	3.07398300667354	0.0108943690409459	0.0855862581571969	-2.87432994231167
2850	-0.668992674035689	2.12824433451362	-3.07388545401005	0.0108962428452797	0.0855862581571969	-2.87449634528218
1023	0.834110982227731	3.17194970693116	3.07317226634531	0.0109099517684879	0.0855862581571969	-2.87571288019136
4259	-0.442214096491791	1.51897027901273	-3.07266551015965	0.0109197032729385	0.0855862581571969	-2.87657728665634
3071	0.926751753885308	2.41691899904788	3.07199184105078	0.0109326803516221	0.0855862581571969	-2.87772640250817
1154	-1.67777740527696	5.9499240950463	-3.06820188553652	0.0110059790058948	0.085981814704034	-2.88419104380716
2593	0.597815469601821	1.963929329468	3.06754403428586	0.0110187526077927	0.085981814704034	-2.88531314233892
2592	0.644861652550027	2.21813664139776	3.06437500814942	0.0110804967550247	0.0863243853475193	-2.89071847982617
280	-0.470643926450667	1.29350124311313	-3.06097339484026	0.0111471624529349	0.0866108374280328	-2.89652038629259
1420	0.39355888761576	1.46824023529683	3.0606729665392	0.0111530698052221	0.0866108374280328	-2.89703279923365
2703	-0.667355819214142	2.28204043546986	-3.05609878602364	0.0112434048364142	0.08712608802273	-2.90483439781321
4792	0.376266228041915	1.31918627096987	3.05549232928979	0.0112554371670538	0.08712608802273	-2.90586873079396
767	0.386733282457633	1.32890344483857	3.05136695750481	0.0113376326792569	0.0875325016519805	-2.91290454498245
4440	1.17750393586044	2.19570508080613	3.05104238193315	0.0113441253691178	0.0875325016519805	-2.91345809666557
970	0.971550966867521	2.80656850046025	3.04822550119128	0.0114006314639523	0.0877670015839987	-2.91826211117775
3559	0.677201302866107	2.17460646577598	3.04772015624509	0.0114107986763818	0.0877670015839987	-2.91912393164498
1012	0.896094779093638	3.13215732603181	3.04664443225335	0.0114324721052336	0.0877695195243005	-2.92095846813048
1381	-0.473699707028123	0.832552971701963	-3.04590424376664	0.0114474094294819	0.0877695195243005	-2.9222207719834
3540	0.480702820911449	1.76173449090938	3.04378443772784	0.0114902973686678	0.0879589535911631	-2.92583579812213
1940	0.483940446821235	1.39086099172628	3.04194614558606	0.011527621297931	0.0880127733589344	-2.92897067880524
1292	0.919972382900306	1.41250043342088	3.04164673907377	0.0115337119283928	0.0880127733589344	-2.92948125772337
2276	0.829148569551889	1.22880217598896	3.04073122625682	0.0115523558065703	0.088016216365649	-2.93104247474414
1368	0.44600992576734	1.83397271004364	3.03975219074039	0.0115723270175291	0.0880297454572414	-2.93271199968942
1249	-0.480584760699977	1.13423009558477	-3.03793338909461	0.0116095212435597	0.0881212845230526	-2.93581351008248
4799	-0.430509302697676	1.32427336767315	-3.03738353390178	0.0116207894844373	0.0881212845230526	-2.93675113816854
889	1.06943067501239	3.41345982919486	3.03296180625106	0.0117118074466594	0.0884281850901994	-2.94429097879095
3915	0.612190317810753	1.21668119584276	3.03275981567334	0.0117159824465565	0.0884281850901994	-2.94463539995118
4684	-0.424460835004149	1.41827650866749	-3.03068940545706	0.0117588631942572	0.0884281850901994	-2.94816568155792
3836	0.52020360258283	1.43533845958317	3.03021141818795	0.0117687854242326	0.0884281850901994	-2.94898069120591
3850	0.361962603294543	1.15137523737314	3.02951823352701	0.0117831898389124	0.0884281850901994	-2.95016262277055
2718	0.472963391095183	1.28011987622531	3.02947082961355	0.0117841755456675	0.0884281850901994	-2.95024344962132
3827	-0.43591049953002	0.895469972904315	-3.02922896346475	0.0117892061560931	0.0884281850901994	-2.9506558469049
1109	-2.59260274093199	9.70687132100459	-3.02716794288141	0.0118321618009836	0.0884721855026255	-2.95416997007701
455	-1.34052756587688	5.29571459969352	-3.02663677009799	0.0118432580864648	0.0884721855026255	-2.95507562673409
4685	-0.414171395392571	1.40531432063136	-3.0263174846326	0.0118499330726956	0.0884721855026255	-2.95562000984003
1168	-0.635048474600212	3.01791982044667	-3.02360614227733	0.0119067699083029	0.088759557498258	-2.96024277287096
1961	0.458097786189911	2.40131892759492	3.02156828518865	0.0119496700331248	0.0887912031372681	-2.96371715761062
3820	0.404376255776238	0.97854747499986	3.0211698030102	0.0119580769570395	0.0887912031372681	-2.96439652744996
88	0.785000017054627	2.6810365553512	3.02079102688152	0.0119660736762089	0.0887912031372681	-2.96504229729882
2116	-0.690002439993991	0.740116463170615	-3.01799141347733	0.0120253469200502	0.0890943773341542	-2.96981521717883
2645	-0.601516556010927	1.36854243965695	-3.0165744832653	0.0120554590652854	0.0891809036052761	-2.97223080215391
3284	0.640079567232382	1.62321904393683	3.01490206323953	0.0120910988432427	0.089307994203982	-2.97508188674838
2272	0.751370005035629	0.961361538371722	3.01377187267966	0.0121152438030286	0.0893499230473357	-2.97700855990205
3026	-0.810968534710715	1.23953619018935	-3.01231725119667	0.0121463914860665	0.0894432907299688	-2.9794882565054
1115	-1.9537921790137	7.43077650469645	-3.00869130723953	0.0122243861074853	0.0896565385219105	-2.98566918877771
3618	0.593730995746597	2.18219438455853	3.00868712253837	0.0122244764126879	0.0896565385219105	-2.98567632200396
426	-0.667660564151173	1.94463051287312	-3.00838741875101	0.0122309457264285	0.0896565385219105	-2.9861871948502
2120	-0.519188078235036	0.89363306944998	-3.00737739445734	0.012252773273369	0.089680661265596	-2.98790885827303
1195	-0.527612331181935	1.62160292466555	-3.00393120526747	0.0123275451093832	0.0900916363129845	-2.99378295671757
2796	-0.36186438839084	1.42329493646096	-3.00232647447602	0.0123625199624333	0.0902109676896716	-2.9965181484583
3361	0.652735660209604	3.13179408596924	3.00122082930399	0.0123866756048127	0.0902511093013307	-2.9984026320182
1878	1.22292522841678	2.83533079091574	2.99974857598923	0.0124189147318439	0.0902607132399682	-3.00091191968715
1244	-0.590867925691559	1.80181866166164	-2.99867127291793	0.01244255897561	0.0902607132399682	-3.00274802316641
3254	0.878334920123762	2.25222457637845	2.99854325439688	0.0124453716975521	0.0902607132399682	-3.00296620969872
4177	0.850486653133712	2.79766249960165	2.99775884321938	0.0124626201827819	0.0902607132399682	-3.00430309999733
1271	0.99787948587692	1.47132376531907	2.98834515632713	0.0126715107301727	0.0914692122386158	-3.02034573659014
2979	-1.8284800846629	3.78675896382867	-2.98775341535647	0.0126847589467188	0.0914692122386158	-3.02135408667102
40	0.798722662429886	3.64315315128702	2.98719561996518	0.0126972599678151	0.0914692122386158	-3.02230458277015
4307	-0.359307871334641	1.29707695428916	-2.98684574125378	0.012705107611482	0.0914692122386158	-3.02290077943646
1790	-1.48007464299557	3.79463210029785	-2.98490474336449	0.0127487324064934	0.091646905471939	-3.02620819272565
3179	0.608629377347347	1.34287409546926	2.98377077928244	0.0127742886603469	0.091694374686585	-3.02814038808615
654	0.549229514836805	2.33401172370061	2.97811840193418	0.0129024497521397	0.0924771139271882	-3.03777106011905
4762	0.383779949770873	1.29313677743777	2.97578513608445	0.0129557312987097	0.092721639087511	-3.04174625173821
1120	-2.41292697864702	10.3345424668852	-2.97333544334302	0.0130119103269359	0.0928596021721983	-3.04591961388898
273	-0.840173483899132	2.84607241498439	-2.97327080143114	0.0130133960877946	0.0928596021721983	-3.04602973696847
258	-0.492544332420677	1.99427310565165	-2.96960474622076	0.0130979390188421	0.0933252267645921	-3.05227495574075
2831	0.830757308838334	1.38676124641445	2.96507407641862	0.0132031862867066	0.0938184104512638	-3.05999245129891
2042	1.33217967413906	2.38985010564295	2.9649560260486	0.0132059399581047	0.0938184104512638	-3.06019352779268
2501	-0.492591332017954	0.917676579578633	-2.96237215481949	0.0132663571695962	0.0941094369303612	-3.06459454429397
2948	-1.02155590796952	1.81759406005137	-2.95908037843689	0.0133437306219261	0.0944111420667281	-3.07020097455058
3097	-0.906516972049372	3.36552713474048	-2.95890283323511	0.0133479167370074	0.0944111420667281	-3.07050335205099
2794	-0.623316122899432	1.94974805864163	-2.95609921003895	0.01341419554893	0.0945504822822748	-3.07527805796156
3319	-0.712849203561142	2.84930503637646	-2.95577721825368	0.0134218287659002	0.0945504822822748	-3.07582640748635
196	0.917646878591384	1.67609075349633	2.95559094274319	0.0134262466572804	0.0945504822822748	-3.0761436315324
2910	-0.937628506496767	3.10977279057868	-2.95105899387134	0.0135341833428739	0.0951063296148473	-3.08386107363267
197	1.02279913495977	1.64303036879699	2.95018728358643	0.0135550447468234	0.0951063296148473	-3.08534541952558
2764	-0.984360235489068	3.03562393132551	-2.9498071529484	0.013564152012039	0.0951063296148473	-3.08599269605531
2912	-0.849710690932694	3.34164636213172	-2.94647950003945	0.0136441403323112	0.0953255661453162	-3.09165870419441
211	0.919837886465118	1.83649748747282	2.94624749810878	0.0136497347519237	0.0953255661453162	-3.0920537191508
2936	-1.2816233506859	2.61458542098948	-2.94604870394912	0.0136545302477685	0.0953255661453162	-3.09239219170675
1276	-0.378966526789214	0.923095231445683	-2.94461505642119	0.0136891642887222	0.0954121211283342	-3.09483311561199
3946	1.02369750218093	4.18704494135899	2.9434335354163	0.013717773944449	0.0954121211283342	-3.09684471006347
4245	0.814031988138029	1.27600069804345	2.94245203011736	0.0137415861444293	0.0954121211283342	-3.09851572723905
671	0.4271271748784	1.95612467885367	2.94178368407333	0.0137578246344965	0.0954121211283342	-3.09965356784531
1123	-1.15356279385338	8.53736644102421	-2.94146659897759	0.0137655354583665	0.0954121211283342	-3.10019339030336
3713	0.494342819872467	1.56082191337155	2.93909923417716	0.0138232423291251	0.0956750305984367	-3.10422359215212
1340	0.500214147605272	1.97855854168325	2.93662849998651	0.0138837286755899	0.0959563990464339	-3.10842953199085
194	0.948734767625794	1.76392932029652	2.93112419554943	0.0140194398255053	0.0967561339169681	-3.11779863847208
340	-0.518132609549099	1.33536433942531	-2.92740223007902	0.0141119623826826	0.0971543390653485	-3.12413323933761
4700	-0.60860916375708	2.39686363798651	-2.92718823544049	0.0141173006124308	0.0971543390653485	-3.12449742985157
2448	0.94691505526542	3.22755153854585	2.9259002249246	0.0141494737807215	0.0971830894348254	-3.12668941187685
2857	0.75410836922892	1.41825673987081	2.92541340763375	0.0141616531731195	0.0971830894348254	-3.127517876374
1201	-0.545434897478722	1.24793166790748	-2.91791780634031	0.0143505179930781	0.0982307053733878	-3.14027257404004
4493	0.816620828761869	1.19410090114274	2.9177442398663	0.0143549211862309	0.0982307053733878	-3.14056788967963
4578	-0.413040719902271	0.878099604984727	-2.9161839152442	0.0143945659875763	0.0982825906078908	-3.14322265217103
2860	0.442418568368322	1.16741198227737	2.91584731175478	0.0144031328526239	0.0982825906078908	-3.14379534066963
3095	0.785982101858627	1.86019609912771	2.91492125108551	0.0144267284038944	0.0983049465042831	-3.14537089005716
913	1.16986440218014	3.29277128676006	2.91199408822455	0.0145015669105511	0.0986759222408527	-3.15035075011369
282	-0.460204763723512	1.28063971026354	-2.90897919533144	0.0145790564692644	0.0990638696605355	-3.15547945027068
1218	-1.33440800348036	3.13051703714513	-2.90665129141092	0.0146391735249687	0.0991765292311476	-3.15943920899803
1370	-0.413448539522728	0.692505114526717	-2.90616259387579	0.014651825526216	0.0991765292311476	-3.1602704499369
1428	0.315434896933057	1.05575358917943	2.90531572329041	0.0146737763805128	0.0991765292311476	-3.16171089189817
2641	0.632761716327665	1.78520284389928	2.90483890777066	0.0146861499616345	0.0991765292311476	-3.16252189233189
614	-0.507901698402877	1.74521953914118	-2.90250881210851	0.014746768006571	0.0991765292311476	-3.16648492238311
3868	0.472929615998834	1.385180405716	2.90187732262986	0.0147632396325316	0.0991765292311476	-3.16755891575731
744	0.501409266308024	1.01741315215246	2.90185836393765	0.0147637344324434	0.0991765292311476	-3.16759115908506
2193	-0.842295089385852	0.907156984897715	-2.90127610507181	0.0147789388322222	0.0991765292311476	-3.16858140688546
4330	-0.634328842412335	1.62771873567539	-2.90029931215096	0.0148044809605928	0.0991765292311476	-3.17024260200503
802	0.568248419863523	2.49720118953421	2.90017522205546	0.0148077289625314	0.0991765292311476	-3.17045363406651
123	-0.625452223407458	1.82611828196337	-2.89966349456585	0.0148211307635634	0.0991765292311476	-3.17132388825241
4345	0.65287107805077	1.5602563133226	2.89656839941383	0.0149024493991215	0.0994837994968264	-3.17658719695725
4602	-0.64808167518585	0.745010395082753	-2.89537478835953	0.0149339292350232	0.0994837994968264	-3.17861684470756
171	0.952908213732234	1.48820047296469	2.89504212345042	0.0149427147078898	0.0994837994968264	-3.17918250429664
10	-0.44127977455231	1.55428330163246	-2.89431767121164	0.0149618650081979	0.0994837994968264	-3.18041433548036
4559	-0.588808892299658	2.60045648323913	-2.89329736184856	0.0149888778667845	0.0994837994968264	-3.18214918643522
1025	1.31797540834563	3.49996377042718	2.89323887391205	0.0149904278282733	0.0994837994968264	-3.18224863297832
1188	-1.30515645711291	2.74705487390267	-2.8908497637671	0.0150538783031163	0.0996933472101739	-3.18631066939157
2964	1.0195509123143	2.04251395544709	2.89049904108773	0.0150632155458117	0.0996933472101739	-3.18690695425009
78	-0.622906919336784	1.86783325250567	-2.88937244965115	0.0150932480047749	0.0997206939288859	-3.18882229818979
4207	0.588765033132962	0.950626336635662	2.88879849676089	0.0151085714447857	0.0997206939288859	-3.18979806374272
643	0.622073790204385	1.27850398132384	2.886832279894	0.0151611841868066	0.0999316200214858	-3.19314066054187
2446	-0.497076835809885	1.33438325897394	-2.88422348425916	0.0152312753689528	0.100257020727883	-3.19757534165002
3811	0.383079451388797	1.57422491426949	2.88300372459919	0.0152641584913567	0.100318938494039	-3.1996486842769
3293	0.454641541480916	0.710546127232821	2.88233734522469	0.0152821533009729	0.100318938494039	-3.20078136027298
1290	0.876110330688349	1.69460173093175	2.88093786068872	0.0153200141301101	0.100431203741833	-3.20316005286668
666	0.474543618207367	1.87814374163973	2.88003233466312	0.0153445618546845	0.100456008461385	-3.20469911281922
4742	-0.360954605430317	1.444636307972	-2.87841879196051	0.0153884009583293	0.100531318193205	-3.20744143136041
3028	-0.374861976506175	1.22879343992778	-2.87783314818067	0.0154043436662359	0.100531318193205	-3.20843673574716
2823	0.842847998808677	0.897935772872016	2.87676889300668	0.0154333578358561	0.100531318193205	-3.21024539521501
922	1.13254733415097	3.15552764874208	2.8765554493194	0.0154391834265298	0.100531318193205	-3.21060812693844
4691	-0.717864761817004	2.39681196247802	-2.87566550602204	0.0154634967420985	0.100554297363269	-3.21212049301673
621	0.637026930109304	1.66887535297094	2.87311860438227	0.0155332908175665	0.100872565067633	-3.21644844926851
2169	-0.691713716615071	0.954791405496655	-2.86581207619946	0.0157352743749144	0.102047261964927	-3.22886246124355
230	1.01452884380928	1.66360842987685	2.86398979713429	0.0157860591005342	0.102239563491813	-3.23195810109404
811	0.659284376400741	3.20530532219805	2.86135739967879	0.0158597112422607	0.102529494884844	-3.23642961397482
888	1.51417125231252	3.47389102873624	2.86087625845329	0.0158732103490592	0.102529494884844	-3.23724685979632
2930	-1.39771015822348	3.1547891706507	-2.8592259568333	0.0159195995212074	0.102692029978135	-3.24004988946794
2401	0.379292490430627	1.36834311016059	2.85772623430898	0.0159618738772317	0.102723937833193	-3.242597023866
3788	0.40575443715958	1.43350564996773	2.85726828390587	0.0159748050559325	0.102723937833193	-3.2433747823617
3143	1.05422918286424	2.56516022667783	2.856792739711	0.0159882441480765	0.102723937833193	-3.2441824081983
713	0.90001455599589	1.19314867727838	2.8543226765538	0.0160582317936173	0.10303677111077	-3.24837714958634
1246	-0.474240086207899	1.54813685037414	-2.8529962272394	0.0160959425418367	0.103098420042337	-3.25062961966872
4003	1.05984809088953	3.35221276858004	2.8524864155009	0.0161104600148835	0.103098420042337	-3.25149531327635
4545	-0.738803874717019	1.43557345932065	-2.85123894341956	0.0161460385830795	0.103189609861214	-3.25361353671239
4098	0.606223562887433	2.43666206780009	2.8446760432796	0.0163345169533931	0.104214176647291	-3.26475587404671
3306	0.744203698886342	2.30754459128995	2.84375070280831	0.0163612683361378	0.104214176647291	-3.26632668330691
4446	1.08345844910062	2.25023598980539	2.84341534035268	0.0163709744216496	0.104214176647291	-3.26689596388512
1458	-0.584729703206439	2.89591628478836	-2.84237002405678	0.0164012650738244	0.10426980345225	-3.26867035231339
2678	0.528729122691669	1.66772697318117	2.841038159591	0.016439940533414	0.104378520079602	-3.27093104790015
4461	0.878984432292054	2.69589226385925	2.83580367276799	0.0165928297292559	0.105211153643696	-3.27981494219962
1986	0.646500732846295	1.38620136363444	2.83453772912636	0.0166300188311124	0.105308941236809	-3.28196322207842
4380	-0.327461084210803	1.22717388909613	-2.83336609822632	0.0166645117148771	0.105389421799445	-3.28395136370652
2947	-0.948307915445075	1.72735269913621	-2.82812455438153	0.0168197022725765	0.10609590671205	-3.29284465721137
2027	0.943765240106388	2.0559457619743	2.82811176266785	0.0168200827714226	0.10609590671205	-3.29286635863746
2455	-0.630278822453561	1.22400927096214	-2.82537839433475	0.0169015867579684	0.106471193665431	-3.29750333146378
679	1.11699731287634	1.43252732609369	2.8232644337269	0.0169648921387762	0.10649358931093	-3.30108918187721
763	0.317148028663331	1.24413897624754	2.8232349367278	0.0169657771426024	0.10649358931093	-3.30113921467894
432	0.711442964989121	1.76295720717614	2.82165829334031	0.0170131487589398	0.10649358931093	-3.30381343197791
153	-0.424575972435466	1.55680421913887	-2.82125770650173	0.0170252058111348	0.10649358931093	-3.30449285914056
629	0.43144744566628	1.33283707558348	2.8206775459162	0.0170426829198786	0.10649358931093	-3.30547683851601
1865	0.603041071026381	1.82375922618509	2.82036300836415	0.0170521657435257	0.10649358931093	-3.30601029936592
3707	0.635199653922803	1.70479792864332	2.82012896420253	0.0170592252410026	0.10649358931093	-3.30640723776973
2115	-0.456146788342764	0.532610535410885	-2.81863137919513	0.0171044663228683	0.106638412461388	-3.30894705100466
2637	0.483436013016425	1.61800126132643	2.81775647566051	0.0171309521292764	0.106666082884735	-3.3104307637952
4793	0.357551988608837	1.24679427477604	2.8155065248123	0.0171992531057689	0.1068317764068	-3.31424612251849
2505	-0.80224201854714	1.25113001591032	-2.81542520789781	0.0172017267095696	0.1068317764068	-3.31438400934421
90	1.0407180290894	3.13206005325986	2.81221836616334	0.0172995608682915	0.107301635231788	-3.3198213977104
2761	0.554105057513668	1.2262744143508	2.80909283062685	0.0173954500752271	0.107478540311029	-3.32512023860665
787	0.861807564433245	1.17551573271011	2.80891447905082	0.0174009377781518	0.107478540311029	-3.32542258426762
4046	0.552727638995834	3.26359665486519	2.808102265912	0.0174259506812514	0.107478540311029	-3.32679943819187
633	-0.489145624857059	2.47436047982244	-2.80790364004865	0.0174320730297016	0.107478540311029	-3.32713613928436
448	0.687354393826058	2.49420341274189	2.80767381925866	0.0174391595998672	0.107478540311029	-3.32752571705316
4556	-0.374667546910047	2.25424686214234	-2.80459096165092	0.0175344990914742	0.107792277552375	-3.3327512216641
1851	-0.375293232530589	1.37974469589842	-2.8033497714862	0.0175730307335486	0.107792277552375	-3.33485487229982
4412	0.554653223027066	2.13585296725065	2.80310064836375	0.0175807747332062	0.107792277552375	-3.33527708923534
2584	-0.744716498411496	1.07619028037182	-2.80221026138148	0.017608480336059	0.107792277552375	-3.33678609161232
331	-0.36882965723787	1.74900465207649	-2.80218027409945	0.0176094141905245	0.107792277552375	-3.33683691220705
3367	0.506271070617591	2.25844309740905	2.80172020467457	0.0176237477354131	0.107792277552375	-3.33761660134987
3615	0.419143308030138	1.28963807165662	2.79964040882321	0.0176886898131816	0.108045555223689	-3.34114108341119
1975	0.448190724719981	1.73335459045204	2.79877234014014	0.017715866149606	0.108045555223689	-3.34261204482911
2982	-1.44659849592378	3.62507465148697	-2.79825264543115	0.0177321560247229	0.108045555223689	-3.34349265264497
4797	-0.941696357391428	2.52477422348484	-2.79149164841419	0.0179454491696748	0.109207651676587	-3.35494715940528
1799	1.38227748613508	2.38715647692809	2.78963782992957	0.0180043791821914	0.109350859793596	-3.35808731264696
1438	0.386176313675636	1.31021726246817	2.78820522064493	0.0180500519986415	0.109350859793596	-3.36051380960535
844	1.0718106600474	3.29525388124925	2.78701842036549	0.0180879758507901	0.109350859793596	-3.36252384766446
4396	1.29126259877158	2.59603472488755	2.78700055717658	0.018088547271273	0.109350859793596	-3.36255410104703
4724	-0.63540897736683	1.07373853138332	-2.78525909714975	0.0181443409890367	0.109350859793596	-3.36550334926734
2714	0.377705212965035	1.77531648331981	2.78456299465752	0.0181666911031502	0.109350859793596	-3.36668216847057
3186	0.554754890653793	1.3485520405604	2.78453441019533	0.0181676094663859	0.109350859793596	-3.36673057421938
627	0.706817106900956	1.95763116391664	2.78443927031537	0.0181706664598787	0.109350859793596	-3.36689168637336
83	-0.54325180288905	2.59317268585047	-2.78371953401856	0.0181938093644133	0.109350859793596	-3.36811048264225
1941	0.423647671314607	1.35798845555815	2.78368232398017	0.0181950066419688	0.109350859793596	-3.36817349277527
4674	-1.12685018506655	2.62649661157467	-2.78080907136328	0.0182876949814234	0.109771548784276	-3.37303863338016
1480	0.979284262896884	2.38768895031976	2.77841463713382	0.0183652971578769	0.110099331004072	-3.37709252616958
2471	-0.60187667859033	2.03615688250924	-2.77718825275575	0.01840517076743	0.110099331004072	-3.37916868125795
3504	0.353407797322338	1.45831092177009	2.77671976599276	0.0184204255471805	0.110099331004072	-3.37996175487515
789	0.346549394198431	1.20016306005374	2.77572451779186	0.0184528745362564	0.110099331004072	-3.38164649473443
1981	1.18778183216488	2.32407118404916	2.77496995797332	0.0184775141652727	0.110099331004072	-3.38292374933247
1121	-2.05631314817115	9.70028631179193	-2.77492906361587	0.0184788504799943	0.110099331004072	-3.38299297053661
2842	1.20010305614262	1.1048929591764	2.77366309566337	0.0185202665685117	0.110099331004072	-3.38513578828957
3383	0.806937774337287	3.8438620401732	2.77336297852897	0.018530098465688	0.110099331004072	-3.38564375754127
646	0.651893478734261	1.63450751708976	2.77274627973603	0.0185503179947708	0.110099331004072	-3.3866875409929
4516	0.697453750112269	1.99126629553021	2.7721504331995	0.0185698747621585	0.110099331004072	-3.38769600261513
2454	-0.631884608783351	1.30849439000205	-2.77087575469805	0.018611781150825	0.110108292671374	-3.38985328258145
1742	0.387602299151477	0.63633264661957	2.77072011641568	0.0186169043830475	0.110108292671374	-3.39011667764794
1778	-0.603930989576337	1.33051617346513	-2.76941522408811	0.0186599136519331	0.110227914832787	-3.39232494112112
2953	-0.537082018494796	0.485359870924107	-2.76840683676183	0.0186932180146484	0.110230555075028	-3.3940313369297
1118	-1.32731904138196	8.43445502329984	-2.76802243936713	0.0187059292510537	0.110230555075028	-3.39468179372155
810	1.21667302387239	3.21564482476714	2.76516478601199	0.0188006967629428	0.110606385015567	-3.39951698811184
578	0.347295643735903	2.07511788589533	2.76472177777919	0.018815430935885	0.110606385015567	-3.40026650568922
2114	-0.414763499293555	0.591979121329638	-2.76272455652528	0.018882000407516	0.110863007247042	-3.40364536922812
3551	0.336918509455863	1.31409995555211	2.75679349464135	0.019081076737008	0.111800412132983	-3.41367749975737
1680	-0.470294057610519	0.515178870710896	-2.75659203877625	0.0190878752422167	0.111800412132983	-3.41401820223529
1119	-2.14274202205487	9.92489230791582	-2.75545047556106	0.0191264450755242	0.111890860066972	-3.415948751656
4902	0.343257448290749	1.33139257041741	2.75370502212749	0.0191855687547288	0.112101185549973	-3.41890035592478
4535	0.86178870736083	1.62616723494507	2.75238761915078	0.0192303137288125	0.112199339188583	-3.42112794649159
2482	-0.41588691375151	1.32170132265703	-2.7518457042588	0.0192487497987854	0.112199339188583	-3.42204422526674
1187	-1.48237386717125	3.40888977415257	-2.75059392156869	0.0192914031182141	0.112312645350084	-3.42416066518326
3058	-0.903610537121175	2.00407613534448	-2.74873369779349	0.0193549625869245	0.112547246388871	-3.42730557477982
2426	0.480756707492221	0.823300436155669	2.74769719460278	0.019390467966006	0.11260852663686	-3.42905776725056
610	0.381169756729402	1.07829952424668	2.74706799728513	0.0194120527521995	0.11260852663686	-3.43012137054053
326	-0.432154078794887	1.16047133780233	-2.74482647878041	0.0194891434413843	0.112920330502296	-3.43391018532092
3067	-0.387811186442196	1.01384325525083	-2.7431674686108	0.0195463967878489	0.113116588109585	-3.43671411254413
4348	0.815249706404647	2.15276950100598	2.7419575833429	0.0195882562337264	0.113223397441778	-3.43875881360241
3580	0.617967754959793	2.27090347329046	2.74072595320729	0.0196309597410449	0.113288806195749	-3.44084013211019
3132	-1.04749982843513	2.19099857341847	-2.74028114105793	0.0196464052083988	0.113288806195749	-3.44159178272269
2047	0.440615054030072	0.58437864819091	2.73916776308494	0.0196851187654608	0.113330726064317	-3.44347311027891
2911	-0.819223816580419	3.1059775227615	-2.73789146218151	0.0197295908518744	0.113330726064317	-3.44562960215063
411	0.414148204118224	1.47739342955463	2.73722254870738	0.01975293877326	0.113330726064317	-3.44675976912514
850	1.13904797129633	3.19102440134221	2.73671531178419	0.019770661841238	0.113330726064317	-3.44761674805447
339	-0.445777287996489	0.950571784892564	-2.73574544953925	0.0198045933344935	0.113330726064317	-3.44925527087178
4009	0.984838682776161	3.54493247479771	2.73344697731239	0.0198852392023378	0.113330726064317	-3.4531380643312
532	-0.59028588136708	1.07305728791355	-2.73319794553146	0.0198939965248277	0.113330726064317	-3.45355872367552
4781	-0.295143687287964	1.03390140851489	-2.73281267822426	0.0199075522024086	0.113330726064317	-3.45420949830912
261	-0.438910062423962	1.70379866109844	-2.73250483296	0.0199183903865816	0.113330726064317	-3.45472948585685
1248	-0.503129645440792	1.18992831198039	-2.73249541882513	0.019918721918806	0.113330726064317	-3.45474538732491
3671	0.386746900602973	1.67258742787213	2.73201705060998	0.0199355755751907	0.113330726064317	-3.45555339128318
3022	-1.14462698042001	2.63395267733442	-2.73158970562207	0.019950643611951	0.113330726064317	-3.45627519534017
3858	0.292116544082323	1.27995681279821	2.73108229507581	0.0199685494594238	0.113330726064317	-3.45713221221631
1172	-1.00718038102493	3.22995149413421	-2.73071166659915	0.0199816385601251	0.113330726064317	-3.45775818938416
2620	-0.592537014681644	1.23097210546653	-2.72971290314235	0.0200169533933696	0.113330726064317	-3.45944500049068
2701	-0.939509657569736	3.62094977278761	-2.72938738106722	0.0200284768054963	0.113330726064317	-3.45999475506444
4557	-0.501418617626018	2.4911725995706	-2.72716335467469	0.0201073837628918	0.113519119329326	-3.46375052158633
506	-0.454580047567693	2.15975602267107	-2.72684119812481	0.0201188392918549	0.113519119329326	-3.4642945177212
3263	0.842601902846129	1.97481879309671	2.72646673478994	0.0201321629567098	0.113519119329326	-3.46492682760788
362	-0.580740875764189	1.22722432651188	-2.72510795859923	0.0201805829533232	0.113659674421627	-3.4672211170939
3900	0.737683838511491	2.27478004182484	2.72430443506826	0.020209271041221	0.113688899183055	-3.46857778450058
4392	0.728614676424068	1.1326981502336	2.7222205074923	0.02028386249345	0.113853888235747	-3.47209600640378
1050	0.638811187434582	2.38322968087044	2.72217021839911	0.0202856659072373	0.113853888235747	-3.47218090276394
2130	0.463849400654474	1.51759578455338	2.72056761173847	0.0203432205163468	0.114044612813541	-3.47488624687129
1448	1.13710329600537	1.96153481605214	2.71957013754398	0.0203791249410352	0.114113664889732	-3.47656995254607
831	1.41994940359806	5.02720244156462	2.71353754675496	0.020597617726776	0.115203785620974	-3.48675079426188
548	-0.298453345281547	1.20121431792292	-2.71244269136688	0.0206375211053589	0.115293680262963	-3.48859814790851
827	0.839533459749401	4.20003441862453	2.71108399866713	0.0206871472918085	0.115387489805551	-3.49089051673345
4445	0.651936369864663	2.12490401779229	2.71067761537936	0.0207020134665602	0.115387489805551	-3.49157612718356
3609	-0.960430257992193	1.53634253157949	-2.70997220275711	0.0207278438616514	0.115398513927123	-3.49276619343207
1356	-0.385373791327722	0.655758793278439	-2.70795379727512	0.0208019298600807	0.115668433565864	-3.49617108057902
3624	0.342412934256407	1.08147282308249	2.70735000314486	0.0208241433724406	0.115668433565864	-3.49718955643085
3332	0.49941883283242	1.96843648432837	2.70557229802022	0.0208896819632536	0.115682892175495	-3.50018797304458
770	0.374057647223028	1.37844012860387	2.70541050231022	0.0208956570518062	0.115682892175495	-3.5004608551708
44	-1.05008668302968	4.15265328621338	-2.70480245342848	0.0209181273908216	0.115682892175495	-3.50148635824917
772	0.330894128341971	1.27024885740916	2.70417522236166	0.0209413317752691	0.115682892175495	-3.50254417536216
3801	0.887215663911342	2.32536675900842	2.70352095503495	0.0209655636324092	0.115682892175495	-3.50364754799432
764	0.348632648022041	1.34490409689883	2.70266966397047	0.0209971343168524	0.115682892175495	-3.5050831238732
2481	-0.585718441627895	1.32476016367145	-2.70199807461986	0.0210220739882223	0.115682892175495	-3.50621560956833
2709	0.450249569012035	2.75755145412421	2.70134588660218	0.0210463213654675	0.115682892175495	-3.50731533699503
317	-0.58166402213996	1.70984684619681	-2.70118492171325	0.0210523100756755	0.115682892175495	-3.50758675154958
893	1.15549720983887	3.18367815695641	2.70033708486632	0.0210838818729765	0.115682892175495	-3.50901630867572
3562	0.411075572420591	2.00957167184373	2.70017908309107	0.0210897707521262	0.115682892175495	-3.50928271128051
1823	1.18570376467368	3.89969538703431	2.69884134736106	0.0211396950131866	0.115698475892422	-3.51153813352738
2596	-0.357777330194616	1.66541226329544	-2.69882138704256	0.0211404408203599	0.115698475892422	-3.51157178528548
4391	1.08326268083562	2.20656204700098	2.69744705238393	0.0211918550686251	0.115848807708484	-3.51388872663198
1317	0.728621249168705	1.28102970351235	2.69292874897197	0.021361763373604	0.116459270770938	-3.5215046488936
1055	0.502969472213567	2.13347264153684	2.69255615757514	0.02137583472475	0.116459270770938	-3.5221325871791
3206	0.81225309945931	1.83055123459179	2.69185658282204	0.0214022798657538	0.116459270770938	-3.52331156162786
901	0.898078538214183	3.01669989937094	2.69136819541886	0.0214207610199506	0.116459270770938	-3.52413459855933
1437	0.374062998395878	1.42734286857185	2.69055784672119	0.0214514605478816	0.116459270770938	-3.52550015591593
434	0.501795986564688	1.28939029071176	2.69013531596572	0.0214674851786741	0.116459270770938	-3.52621215642127
3100	0.716202896385428	1.85793830482218	2.69001560029656	0.0214720275997678	0.116459270770938	-3.52641388429602
2745	-0.367636119625687	1.4949144938618	-2.6886248027953	0.0215248692248951	0.116543999723786	-3.52875735277508
1906	0.584163698420316	1.05987837249119	2.68798764491807	0.0215491203667188	0.116543999723786	-3.52983088669053
1791	-1.62583983094565	4.62637137587218	-2.68770420355258	0.0215599172701093	0.116543999723786	-3.53030843783287
4534	0.629486316527727	1.06182797003176	2.68202813237051	0.0217772657411284	0.117479142929186	-3.53986993672992
4889	0.482372276202678	1.31894370351124	2.68133817218184	0.0218038335979051	0.117479142929186	-3.54103196796685
2240	0.539975582064632	0.743209141173612	2.68128815787279	0.0218057607173231	0.117479142929186	-3.54111620017378
1870	-0.385660006647383	0.757211443716205	-2.67644376150505	0.0219932254544574	0.118357313402297	-3.54927371751249
3781	1.23164854065634	2.46158287465341	2.67550169746177	0.0220298660738079	0.118422768961203	-3.55085978197227
742	0.56888809543546	0.874631812892179	2.67468844109271	0.0220615455671119	0.118461440015191	-3.55222891012277
2826	0.35328720311326	1.53330794635264	2.67160421112104	0.022182099643183	0.118926572997014	-3.55742061928424
4376	-0.447924571374282	1.21714070928752	-2.67121567689151	0.0221973326614931	0.118926572997014	-3.55807457066461
1089	0.427534682176093	1.92314096249568	2.66827306817041	0.0223130391210167	0.119414251402079	-3.56302682502261
3676	1.09425477990463	2.35522893296186	2.66643760865421	0.0223855140915118	0.119550506567451	-3.56611533716378
4346	0.803730309723151	1.30218879125867	2.66637676872603	0.0223879204113499	0.119550506567451	-3.56621770580093
895	0.998305793196828	3.43987394551814	2.66283313769116	0.0225285204019765	0.119925179799	-3.57217949405421
4802	-0.349541764423133	1.41855198569882	-2.66260672194756	0.0225375335607301	0.119925179799	-3.57256036865444
515	0.735038894438822	1.70787341634393	2.66254869174062	0.0225398442030388	0.119925179799	-3.57265798566925
3061	-0.691848071211245	1.61705443159118	-2.66187921047511	0.02256651855025	0.119925179799	-3.57378414445005
3207	-0.570951371052522	2.02395703921625	-2.66149037566198	0.0225820253817465	0.119925179799	-3.5744381952508
2422	-0.924865598390367	2.24947820602823	-2.66014504277027	0.0226357591621418	0.119961889076909	-3.57670102407791
4510	0.700151739492354	1.03166082633069	2.66007577280696	0.0226385292945883	0.119961889076909	-3.5768175297224
599	0.423443986381496	1.7045503518125	2.65915829638233	0.0226752512518568	0.120025017020223	-3.57836059035065
759	0.50540592445146	2.2269782423608	2.65816527127612	0.0227150635931838	0.120104347173577	-3.58003060885717
1477	1.56289291636853	2.24832455998616	2.65748080725255	0.0227425454456272	0.120118378674612	-3.58118164219355
2807	0.716183326098045	1.28443468173235	2.65573583774978	0.0228127567669226	0.120255418765893	-3.5841158480347
3236	-0.317044148670225	0.42481754771045	-2.65560066186744	0.0228182047182906	0.120255418765893	-3.58434313532938
569	0.367088007428783	2.0893897786514	2.65406906986189	0.0228800221438242	0.120449996879022	-3.58691824196747
3003	-0.892680877353654	2.63330909741503	-2.65300943272784	0.0229228878526952	0.120544490686238	-3.58869968598973
1071	0.464952416102515	1.74247826963299	2.64948542804002	0.0230660183533483	0.121165468831161	-3.59462328277831
4782	-0.350411874221876	1.27015243497084	-2.64869895372749	0.0230980823598729	0.1211796224144	-3.59594509937735
596	0.569297379655482	2.3824473587752	2.64819117335048	0.0231188076660792	0.1211796224144	-3.59679848195876
4723	-1.12715953518681	3.15149839405681	-2.64657491163034	0.0231848989110906	0.121394524818026	-3.59951459987821
3376	-0.659429056879323	1.72821631326962	-2.64487593849074	0.023254574129496	0.121627707717299	-3.60236939547811
1186	-1.44351616071796	3.37253031093253	-2.64310959686172	0.0233272320479184	0.121734917383242	-3.60533704337953
315	-0.919732787812294	2.0353542068779	-2.64260273176839	0.0233481232740417	0.121734917383242	-3.60618856678603
3963	0.80087074836169	1.26003625689871	2.64254367073793	0.0233505587704937	0.121734917383242	-3.60628778625087
4157	0.394492349821688	1.43605377491254	2.64181384233865	0.0233806754365411	0.12176071879654	-3.60751382718796
494	-0.344136401967968	1.21940078412287	-2.63878970525473	0.0235058781421344	0.122276441503719	-3.61259343384179
2909	-1.10521472881309	3.18472708713336	-2.63820279690399	0.0235302536254574	0.122276441503719	-3.61357913488475
2164	-1.09731641124995	0.734014222269273	-2.6374035511755	0.0235634881582789	0.122317763637074	-3.61492138845735
1153	-2.04534443799453	6.28751323350342	-2.63473519463266	0.0236747816833025	0.122763766113416	-3.61940209178331
4707	-0.500519935955927	2.13806133454577	-2.63394133365844	0.0237079928677045	0.122804357059908	-3.62073498317934
1179	-1.23419496257256	4.32697701801939	-2.63182303199598	0.0237968379101468	0.123132729207797	-3.62429124856146
2904	0.621655736327254	1.84845886995861	2.63071137367945	0.0238435944412215	0.123242852464348	-3.62615732212264
1595	1.25288832954878	2.41402848266731	2.6283811306106	0.0239419000732777	0.123618903473338	-3.63006848856049
1255	0.669969044213316	1.33894413400495	2.62701184459768	0.0239998529102688	0.123662555822388	-3.63236644999112
3018	-1.2252531792426	2.93087960243786	-2.62685356246265	0.0240065608909603	0.123662555822388	-3.63263206771792
1020	0.546674540677274	1.87428122242871	2.62637068914627	0.0240270364764459	0.123662555822388	-3.63344237272413
3155	0.606511483107173	1.57837892488571	2.62490629048006	0.0240892380195575	0.123850938935833	-3.63589959645415
157	0.823288426371049	2.20599075083877	2.62338276903731	0.0241541199308175	0.123948349564457	-3.6384557555293
1173	-1.05256127453408	3.28492818921635	-2.62302630617772	0.0241693254824213	0.123948349564457	-3.63905378767179
375	-0.335785747272319	1.07794762902094	-2.62251059712054	0.0241913407208226	0.123948349564457	-3.63991895774373
22	-0.707766361952271	2.79506571861743	-2.62205833998683	0.0242106635672617	0.123948349564457	-3.64067765260747
2656	0.374411736981249	0.992881330054228	2.62119890398257	0.0242474253538226	0.124005331777795	-3.64211935257885
4350	-0.477610567185805	0.902212750376472	-2.61737120666623	0.0244118240634844	0.124714260632669	-3.64853921668237
1296	0.817416147923836	1.60117556332645	2.61664604370016	0.024443093602033	0.124742285703202	-3.64975526979669
369	-0.579262772244496	2.82528895704938	-2.61598291060797	0.0244717230336356	0.124756792451769	-3.65086724675905
1867	-0.757349093482018	2.54764904162201	-2.61314292781801	0.0245947090405342	0.125251791934847	-3.65562887519506
1400	-0.47716422923159	0.691699431497574	-2.60893267697879	0.0247781598721506	0.125997776953943	-3.66268612987548
2006	0.549505085658361	2.27163037083228	2.60759397996262	0.0248367730157243	0.125997776953943	-3.66492960566435
4754	-0.289832615405186	1.07226810461598	-2.60748054978341	0.0248417457036068	0.125997776953943	-3.66511968914925
3287	0.362417324426007	1.77061139226489	2.60705958812673	0.0248602089263977	0.125997776953943	-3.66582511230416
597	0.476228880680068	1.91328767931719	2.60680437568567	0.0248714090514708	0.125997776953943	-3.66625277180888
2578	0.445586186768049	2.00933729332899	2.60520722946917	0.0249416139290857	0.126221263795938	-3.66892892576623
3267	0.688364747537524	2.25051186021194	2.60448871171762	0.0249732612403912	0.126249360377234	-3.67013275948137
2827	0.283969813548144	1.47834642731374	2.60270560310294	0.0250519702383511	0.126515064731881	-3.67311997285382
260	-0.536567998328941	1.87714204448057	-2.59952414414754	0.0251930135774521	0.127094681634737	-3.67844882816869
86	0.927673310815567	3.03410108495257	2.59779699205827	0.0252699114268306	0.127289005522512	-3.68134122468959
3784	0.453131649236149	1.27875143198674	2.59747768148158	0.0252841534326446	0.127289005522512	-3.68187592066214
624	0.461285586024629	2.06300905626914	2.59575812719082	0.0253609859999529	0.127543087596437	-3.68475514753938
2447	0.882289855530188	2.81287049049529	2.59488583370378	0.025400049625776	0.127606895212362	-3.68621557435088
1216	-0.640991295007581	3.05092994389704	-2.59238452544923	0.0255123945883932	0.127946813936032	-3.69040281977289
3848	0.471563767946476	2.00522252436357	2.5922022040608	0.0255206026143594	0.127946813936032	-3.69070799844128
349	-0.676389606881043	1.18342129041191	-2.59002578194865	0.0256187856676301	0.127979268080219	-3.69435067235106
2550	-0.62530181138272	1.39941201375833	-2.58991659946507	0.0256237209321409	0.127979268080219	-3.69453339479395
1250	-0.426163589898038	1.109669119098	-2.58989834135491	0.0256245463264629	0.127979268080219	-3.69456395052023
3110	-1.27007528194141	3.16954484497194	-2.58971385846978	0.0256328877159431	0.127979268080219	-3.69487268808248
170	0.433272332454025	1.63108791714243	2.58798974104791	0.0257109733202604	0.1282014188742	-3.69775783666061
891	1.32756622756012	3.57498282372577	2.58756204976456	0.0257303798525937	0.1282014188742	-3.69847347820841
4783	-0.339359796553544	1.32441914279416	-2.58548170646223	0.0258249819791875	0.128373599274386	-3.70195410798229
2058	-0.449892630722854	1.25914751852563	-2.58528595886963	0.0258339011083763	0.128373599274386	-3.70228158494912
622	0.424401008646611	2.10081041328476	2.58505254962782	0.0258445402425077	0.128373599274386	-3.70267206163241
4448	1.20991579117433	2.55564656879232	2.5812755630596	0.0260173029869074	0.12904078460023	-3.70898969365536
4779	-1.00456203770819	3.18550840894875	-2.5807506493029	0.0260414030082481	0.12904078460023	-3.70986755000499
4786	-0.329136469130052	1.41947491473333	-2.58004023698918	0.0260740547757446	0.12904078460023	-3.71105557294456
843	1.09881918581907	3.40787027174514	2.57934788204142	0.0261059154509297	0.12904078460023	-3.71221333440632
3224	0.295880498555361	0.815748739646233	2.57921094368283	0.0261122216047179	0.12904078460023	-3.71244231631338
3897	0.449856886858979	1.61156412712198	2.5761897165576	0.0262517351147496	0.129597851515468	-3.71749363816739
1194	-0.560983486851347	1.69436026543498	-2.57463578734527	0.0263237781009283	0.129821038177667	-3.72009124744065
4875	0.398099395916669	1.28542216856349	2.57024576042052	0.0265283626780513	0.130696760322212	-3.72742804187582
1850	-0.282275324865806	1.38828719577631	-2.56628842976691	0.0267141254460976	0.131478066030743	-3.73403946817909
1792	-1.66521997381912	4.73113491429105	-2.56533579061009	0.02675903479535	0.131565254410471	-3.73563070405678
2295	0.695885232900318	1.78336328585122	2.56435198672661	0.0268054913998127	0.131659865372887	-3.73727386584247
1939	-0.734613307247017	1.10237764014032	-2.56180389076331	0.0269261858682175	0.132118546886852	-3.74152911240692
2869	0.315343625312983	1.68188381967912	2.55771204873492	0.0271211232909162	0.132940217306436	-3.74836050095486
4314	1.14629929298118	2.41918610309593	2.5518667372758	0.0274020100316069	0.134125154823309	-3.75811529937906
4490	0.651192296902261	2.06880288696687	2.55152936936208	0.0274183088301474	0.134125154823309	-3.75867816132378
3325	0.558542513808536	2.06678615138915	2.54954360190676	0.0275144381158929	0.134327363427571	-3.7619908754771
2603	0.590964614238979	1.23244356959173	2.54951203018719	0.0275159691518008	0.134327363427571	-3.76204353983678
2285	0.804659099497034	1.95134669730352	2.54870887600259	0.0275549454468442	0.134327363427571	-3.76338322317392
4169	0.629664895473853	1.2752106745152	2.5483844439392	0.0275707052260393	0.134327363427571	-3.76392435895934
3173	0.514406791067871	1.82741448259362	2.54497026043189	0.0277370932174044	0.135002069402216	-3.76961813450594
146	0.654065236004682	1.86854220788395	2.54327014044458	0.0278203156016189	0.135271042091088	-3.77245277692277
1202	-0.384999906809753	1.10770053827038	-2.54194392859526	0.0278854053868419	0.135451396848937	-3.77466370831739
335	-0.41835616968639	0.871673391164801	-2.54017909976149	0.0279722546617294	0.135736978990418	-3.77760546807
2171	-0.559526912745205	1.19113118720329	-2.53758775801344	0.0281002599867108	0.136111555405144	-3.78192411378565
820	1.04159319441758	3.78584561888618	2.53736644181088	0.0281112190804385	0.136111555405144	-3.78229290719488
1551	-0.474665184900625	1.49802892832117	-2.5369097298163	0.0281338477480661	0.136111555405144	-3.78305393332008
4521	0.65796452632856	2.07787736853029	2.53596658719428	0.028180634261071	0.136147582249267	-3.78462541049208
3839	0.412505466097834	1.45006436994576	2.53562542840791	0.0281975769768014	0.136147582249267	-3.78519382214715
2866	0.796583703746999	1.28919712891166	2.53144516011587	0.0284059936088039	0.137017145642466	-3.79215727622062
918	1.47464131821044	3.20159050207332	2.5302097651554	0.0284678764127866	0.137056692191201	-3.79421469698478
3085	-1.2087550226521	1.91920716200339	-2.52992526934054	0.028482146002243	0.137056692191201	-3.79468846318656
826	0.713707157786257	3.69917698506985	2.52958584437679	0.0284991798975502	0.137056692191201	-3.79525368642881
193	0.975528599932917	1.41283626997874	2.52742943743062	0.028607632383442	0.137441634032862	-3.79884422015073
436	0.349561540893331	0.985727432621676	2.52626654583458	0.0286662861134573	0.137586797834233	-3.80078021228708
3600	0.423889263894213	1.92347254440325	2.52288796326797	0.0288373657578704	0.138235288893359	-3.80640376804734
2694	0.674285930709769	1.47447123755696	2.52198931452119	0.0288830388534623	0.138235288893359	-3.80789925746114
999	1.08736615249093	3.04017754546526	2.52190912174821	0.0288871180386907	0.138235288893359	-3.80803270467945
3560	0.452173132470999	2.20838259696207	2.51919096348766	0.0290257184695799	0.138761290470185	-3.81255536901657
451	-1.09466210931646	4.29075995027218	-2.51852431562629	0.0290598108530106	0.138787132188416	-3.81366441564702
1660	0.420973660390596	1.63037926333982	2.51708368140661	0.02913361930582	0.13897231009413	-3.81606085049092
2828	0.372800286273628	1.76380101051328	2.51664687948648	0.0291560344658004	0.13897231009413	-3.81678739039314
1253	-0.391637457896464	0.976873450068705	-2.51484710356282	0.0292485715264571	0.139276170319881	-3.81978068331061
3570	-0.747400649999433	1.62634708590258	-2.51353220339244	0.0293163605416029	0.139461703343436	-3.82196724593567
4675	-1.14591206692538	2.97163433177744	-2.51191429835873	0.0293999825357139	0.139495289775447	-3.82465731809289
1151	-1.52975753365623	5.4218389946951	-2.51176335431872	0.0294077960648374	0.139495289775447	-3.8249082706775
1343	0.622808794837154	3.35127284423892	2.51172231990095	0.0294099205396767	0.139495289775447	-3.82497649200307
1122	-1.23061817385628	8.88163676363904	-2.51093236769931	0.0294508481165471	0.1395525986169	-3.82628976835233
4899	0.392080010129187	1.3174462659569	2.50908556790991	0.029546749454722	0.139870033133019	-3.82935965580401
172	0.453787718366773	1.26210409514651	2.50492496757645	0.0297639272602694	0.140760391090111	-3.83627379408469
3050	0.708392709605408	2.35438436736962	2.50281694525153	0.0298745603738933	0.1411456280165	-3.83977591171772
2539	-0.406380812689088	1.85725338352425	-2.50140205498444	0.0299490427543768	0.141301005858194	-3.84212612236308
2286	0.569274955550513	1.41573809459796	2.50108306194047	0.0299658602750118	0.141301005858194	-3.84265594433105
1535	-0.280163473564294	0.861984086864628	-2.5000859881421	0.0300184864108643	0.141411331310381	-3.84431190196826
3656	-0.348316868264897	1.28381096220824	-2.4974687924181	0.0301570552077665	0.141560147259288	-3.84865784709114
2347	-0.531114673738101	2.32258854051144	-2.49727563410515	0.0301673068998856	0.141560147259288	-3.84897855069278
4677	-0.935815198439698	3.0623720224957	-2.49679814062948	0.0301926640781372	0.141560147259288	-3.8497713150183
3968	-0.51627077274158	1.76782141412512	-2.49676674152575	0.030194332252409	0.141560147259288	-3.84982344450507
919	1.36237759157225	3.43169968029551	2.49672825653806	0.0301963770094222	0.141560147259288	-3.84988733792179
2739	0.429411730092827	0.761290624954135	2.49531164684649	0.0302717378789566	0.141776057946169	-3.85223905472225
214	0.486135212266503	0.481019602607411	2.49341290381568	0.030373036632014	0.142050396235912	-3.85539066576448
3357	0.419989225545467	4.11887640779846	2.4922886909832	0.0304331704418271	0.142050396235912	-3.85725641128196
3392	0.598990768442535	2.01190253681241	2.49211812032217	0.0304423044084247	0.142050396235912	-3.85753947313809
3078	-1.30161187979968	3.27088974448222	-2.49201627241783	0.0304477595900455	0.142050396235912	-3.85770848744161
885	1.41236417934287	4.76667847061185	2.48967732347284	0.030573302514964	0.142498687444504	-3.86158946695337
4716	-0.539722325122107	0.90629951610389	-2.48440645649612	0.0308580788404061	0.143672838189296	-3.87033212687803
3674	0.787811340582234	2.15434643392009	2.48391779398657	0.0308846117645449	0.143672838189296	-3.87114243366464
4829	0.33021917145192	1.35816409951696	2.48311277206275	0.030928370818716	0.143738192143081	-3.87247724795476
4457	0.860176392528495	1.12915673996096	2.47961113465545	0.0311194191748936	0.14420908856749	-3.87828212577606
285	-0.36590859061287	1.12550563261264	-2.4795273013633	0.0311240072365642	0.14420908856749	-3.87842107695924
3301	-0.674217778990773	1.44542891245968	-2.47940207389855	0.0311308619690267	0.14420908856749	-3.87862863562158
228	0.573566560925603	1.33629708196635	2.47892775681644	0.0311568386666647	0.14420908856749	-3.87941477086038
1619	0.928406418279756	2.40858013052433	2.47852829530052	0.0311787322533266	0.14420908856749	-3.88007681174641
3583	0.396001965488218	1.89058624277628	2.47757149999403	0.0312312333361026	0.144313951174847	-3.88166243477411
819	1.134186599143	3.78819285562457	2.47546482873782	0.0313471355461257	0.144486912528868	-3.88515313148805
1252	-0.433850382149974	1.05647442369223	-2.47530834970352	0.0313557612995078	0.144486912528868	-3.88541238399514
4560	-0.40793916556543	2.39716695878606	-2.47520860347419	0.031361260925528	0.144486912528868	-3.88557764020602
2555	-0.716890567137279	1.3854143963077	-2.47341807699476	0.0314601445166276	0.144486912528868	-3.88854384675743
3279	0.271786167948695	1.49344332417356	2.47340958258384	0.0314606143556204	0.144486912528868	-3.88855791743978
3965	0.800915867715434	1.7895283654457	2.4732089043878	0.0314717161751858	0.144486912528868	-3.8888903301103
4678	-0.770669413078233	2.78611938046534	-2.47310042047758	0.0314777192652805	0.144486912528868	-3.88907002513064
1127	-1.14572031646379	6.5370302991277	-2.46989474684083	0.0316556159947792	0.145165753727718	-3.8943790939584
4623	-0.489014440387968	0.686523913427704	-2.46885954764846	0.0317132736195486	0.145292441071379	-3.89609317362395
2851	0.357865739098889	1.58001642851779	2.46647586430921	0.0318464290331089	0.145568835160538	-3.90003939247439
288	-0.379601137715679	1.24574059093541	-2.46635237763967	0.0318533420326026	0.145568835160538	-3.90024380049823
4255	0.652621250376885	2.39374072826548	2.46616439174629	0.0318638686306344	0.145568835160538	-3.90055496948761
4447	0.678431974457443	2.34711378213065	2.4650694353573	0.0319252503143831	0.145711661340552	-3.90236730992937
4333	-0.535364468011714	2.81936841396693	-2.46404504389472	0.0319827809738426	0.145836658201179	-3.90406267189867
2548	-0.618161319047024	1.24274279928205	-2.46259369746968	0.0320644634594755	0.146071444648722	-3.90646434092266
327	-0.893778961739007	1.21300475732414	-2.46194379937971	0.0321011061627472	0.14610080114334	-3.90753966915316
653	0.377655075590195	1.85946891379171	2.46033769808533	0.0321918375245272	0.146376043180134	-3.91019683649583
4204	0.453295993650321	1.2530065903797	2.45919753418996	0.0322563994878814	0.146531888002226	-3.91208288337455
732	0.33376262838516	1.33230527035101	2.45519861684412	0.0324838412855849	0.147426664296116	-3.91869610978812
1584	-0.414739459269359	0.571482994841469	-2.45357636670767	0.0325765545623394	0.147708876262978	-3.92137813754064
4891	0.434942842334432	1.10111388488445	2.45278785440038	0.0326217122395361	0.147724569692628	-3.92268160401969
4497	0.759801216364885	2.24949452762579	2.45244992284286	0.0326410841259651	0.147724569692628	-3.92324019618024
4803	-0.284578145305382	1.3437875340244	-2.4514525239706	0.0326983254953113	0.147734050489544	-3.92488875679844
1398	-0.660313168269208	0.890874840559066	-2.45113256557492	0.0327167088938272	0.147734050489544	-3.92541756708189
296	-0.835547527882432	2.08374494077204	-2.45045054682632	0.0327559284070136	0.147734050489544	-3.92654471289278
4881	0.33963510227165	0.935168864709773	2.44985404450784	0.0327902679622871	0.147734050489544	-3.92753046352402
560	0.366037522621311	1.79452750709213	2.44975696630566	0.032795859906112	0.147734050489544	-3.92769088443655
2257	0.607675673311116	1.63387429332187	2.44914414203434	0.0328311816133603	0.147755587577151	-3.9287035339592
3244	1.11895183259753	1.86229101400904	2.44745578435429	0.0329286868780039	0.148056679475635	-3.93149309292146
1581	-0.28323005402635	1.41148149088158	-2.4447997959402	0.0330826472734642	0.148610814771606	-3.93588040526031
1538	-1.04402712090996	0.830500344201527	-2.44320880265646	0.03317520939703	0.148888370188155	-3.93850791206218
3381	0.822400166548078	3.24644894287468	2.44054273985447	0.0333308852571609	0.149448399327289	-3.94290989481957
1334	-0.500706395484886	1.45997707801719	-2.43951344832241	0.0333911780163854	0.149534717742612	-3.94460904355645
1583	-0.482233635582926	0.658211260290207	-2.43915920286552	0.0334119532616294	0.149534717742612	-3.94519378704214
2925	0.535510489822283	1.2680544378635	2.43630498818036	0.0335798040577949	0.150147035149364	-3.94990435826488
3773	0.331326619338141	1.51811126821333	2.43424496235854	0.033701461410873	0.150399244976439	-3.95330331484389
2991	-0.528985494415643	1.55935671654665	-2.4341795181805	0.0337053333405514	0.150399244976439	-3.95341128270806
1344	0.57026852669803	3.16363054327354	2.43310553587864	0.0337689363405508	0.150399244976439	-3.95518299846998
706	0.351880956642807	1.52091259458306	2.43286426286309	0.0337832410334763	0.150399244976439	-3.95558099105439
1723	-0.526092251530303	0.859316255282266	-2.43272255943162	0.0337916451610973	0.150399244976439	-3.95581473353494
1295	0.885759250609619	1.29306081524141	2.43197894474665	0.0338357808211341	0.15045726802633	-3.95704128151843
2172	-0.468223874311905	0.583706694905556	-2.43098110451699	0.0338950939087744	0.150582611873876	-3.95868700488144
1690	-0.683072181086285	0.988566828204076	-2.42906386029421	0.0340093426371877	0.150756471223437	-3.96184858995937
244	-0.779527317382216	2.91433622361512	-2.42891869917112	0.0340180080864902	0.150756471223437	-3.9620879376674
225	0.339885934438543	0.511367691316669	2.42841502810059	0.0340480916352618	0.150756471223437	-3.96291838230127
1056	0.47886340980555	2.28879649983884	2.42823464342978	0.0340588720643275	0.150756471223437	-3.96321578656409
2163	-0.726919316046863	0.724039012465591	-2.42601574948981	0.0341917538043749	0.151206311613863	-3.96687364991877
4615	-0.356713288193499	0.953600213436532	-2.42355102048692	0.0343399506965462	0.151722996776156	-3.97093573691573
3852	0.298739344816961	1.33256364471001	2.41984250082198	0.0345641142461808	0.152533707759419	-3.97704563110785
4830	-0.420438573237219	1.78649330741024	-2.41947347674523	0.0345864980182064	0.152533707759419	-3.97765347259417
1214	1.28415472386198	4.40803149840171	2.41865248454786	0.0346363473861122	0.152614434111121	-3.97900568878651
856	0.579918640294123	2.40268415631808	2.41753952135077	0.0347040366438039	0.152773548027955	-3.98083860016456
3217	0.652999239154037	1.37318196685397	2.4162628482707	0.0347818413900859	0.15287752359507	-3.98294084292963
2884	0.290971922142809	1.14701341923574	2.41611513702877	0.0347908543774642	0.15287752359507	-3.98318405346675
3884	0.29797618726545	1.24666696755798	2.4145688579158	0.0348853414017621	0.15315361315946	-3.9857298038907
2445	-0.584271445020328	0.850909931420014	-2.41395157674927	0.0349231308379714	0.15318051404724	-3.9867459558161
3020	-1.21535569350778	3.14799785444466	-2.41156580932085	0.0350695609620074	0.15368345646213	-3.99067268452745
3774	0.361149910626867	1.34300426929812	2.41096199818622	0.035106715567651	0.153707049698005	-3.99166632951056
2255	0.478534239507914	1.74835479783415	2.40983243646407	0.0351763244620869	0.153749270443374	-3.99352498052343
1203	-0.406752260136815	1.00785153726651	-2.40977418534792	0.0351799178133144	0.153749270443374	-3.99362082413227
2016	0.955129473133448	2.55836281352986	2.40901087473333	0.0352270374084567	0.153776422470207	-3.99487668098678
4810	-0.449197340701921	1.23773803286737	-2.40864409474975	0.0352497008101404	0.153776422470207	-3.99548009701232
944	1.48829544079458	4.82827792079534	2.40678867304794	0.0353645655079447	0.154138529664357	-3.99853220167105
2602	0.494176299937737	1.43964137337439	2.40551386410219	0.0354436970996693	0.154344380349415	-4.00062884743089
4184	-0.378120014192901	0.91414600680731	-2.40390258446826	0.035543961315815	0.154641802918987	-4.00327844444323
2533	-0.507737581327254	1.44516372198773	-2.40272311726098	0.0356175304286289	0.154707658599246	-4.00521765916482
4322	0.489850998536815	1.17510703347541	2.40253297759251	0.0356294042367513	0.154707658599246	-4.00553025190986
4468	1.11941923460942	2.73156576041944	2.40212281910939	0.0356550308677467	0.154707658599246	-4.00620453613584
2008	0.780554078247323	1.93523653188756	2.4011718341265	0.0357145173140608	0.154826912872246	-4.00776779620047
518	-0.444842758341561	0.876317679053122	-2.39990381272358	0.035793985514028	0.155032499477948	-4.00985194673451
511	-0.541749983873931	0.837347184194056	-2.39541660271003	0.0360765883523293	0.155863134143718	-4.017224797765
1280	0.764555184048969	1.36035352281501	2.39534933845209	0.036080841108398	0.155863134143718	-4.01733528942205
1706	-0.524305654567487	0.964664332342247	-2.39532449097672	0.036082412203589	0.155863134143718	-4.01737610491906
1693	-0.492303447726864	0.501169871867103	-2.39316432252021	0.0362192535159811	0.15594012318491	-4.02092403908553
3690	0.594560355521781	1.49394926898691	2.39314061613183	0.0362207580547984	0.15594012318491	-4.02096297033937
824	0.85891531469249	3.86419053624337	2.39267757404762	0.0362501574697785	0.15594012318491	-4.02172336874163
4529	0.380876393554973	1.45314040524212	2.39254525658635	0.0362585628195515	0.15594012318491	-4.02194065030842
4485	0.529911898784638	1.49565768747409	2.39235962000363	0.0362703584160418	0.15594012318491	-4.02224548281096
3822	0.346349981411921	1.24207407943938	2.39199355949156	0.0362936293315851	0.15594012318491	-4.02284656889064
1582	-1.37498795472881	1.13040468897708	-2.39074811907715	0.0363729123455688	0.156142102864119	-4.02489144047635
623	0.501513626833417	2.06533075301166	2.39001338680378	0.0364197633813177	0.156204623438666	-4.02609764823056
3778	0.320848588453754	1.2506604523546	2.38910530421855	0.0364777494190672	0.156314749060626	-4.0275883017809
2785	-0.491503140646664	1.98291719651216	-2.38347264009614	0.0368394369122129	0.157586112899936	-4.03683099951115
1180	-0.925568105288246	3.67761290640327	-2.38303790689971	0.0368674967343902	0.157586112899936	-4.03754410304829
869	0.667037780600992	2.92094043818507	2.38296578661915	0.0368721537417791	0.157586112899936	-4.03766240017275
4553	-0.395914925535444	2.63768103859754	-2.37931848247643	0.0371084175943207	0.158322052098218	-4.04364366566954
3492	0.403009841458066	2.26699495549223	2.37929722512225	0.0371097989002437	0.158322052098218	-4.04367851831222
2057	-0.8856696607093	1.31272812710652	-2.37823075307107	0.0371791625911039	0.158478227855296	-4.04542694672731
3096	-0.813802264570585	2.78639735359082	-2.37749364275319	0.0372271781147185	0.158543211020254	-4.04663527288206
2055	-0.597064875696628	1.25795019656452	-2.37527217781926	0.0373722495774747	0.159021058448393	-4.05027621997234
1114	-2.16807603323017	8.67020289456808	-2.37343697601615	0.0374925105735935	0.15939258888844	-4.05328335649106
2619	-0.792501354870418	1.08243952752132	-2.37244099220319	0.0375579348200104	0.159475269914399	-4.05491508416413
758	0.408309284739113	2.42167202917032	2.37157709711118	0.0376147722216727	0.159475269914399	-4.05633025130903
2767	0.349519405855888	0.901809235718246	2.37121999632843	0.0376382910020388	0.159475269914399	-4.05691518352199
544	-0.514371066836329	1.0810989420046	-2.37103384016728	0.0376505569741666	0.159475269914399	-4.05722009790058
796	0.543314807646678	2.19894678240063	2.37037758914432	0.0376938288350441	0.159475269914399	-4.05829494917357
4745	0.460087526348275	1.27762416276747	2.37013650985478	0.0377097372430907	0.159475269914399	-4.05868978333328
229	1.40840013360507	2.31221545384063	2.367927133511	0.0378558342306989	0.159953297823687	-4.062307712359
966	0.934471165430333	3.21472703573524	2.36701670538937	0.0379161968946528	0.159999500254533	-4.06379828708368
3595	0.844671324037773	1.83164634804254	2.36676485091143	0.0379329116973852	0.159999500254533	-4.06421060011342
447	0.604909021201123	2.54295489759819	2.36618374807775	0.0379715049982482	0.160022771064046	-4.06516188007095
2253	0.335599495534381	1.18127731182723	2.36543549662815	0.0380212554435679	0.160092979839845	-4.06638668726789
3004	-1.29409691847876	3.77050520080644	-2.35970626262304	0.0384042889414396	0.161431339919188	-4.07576110982777
4733	-0.355053880724433	1.40194735057027	-2.35906496302597	0.0384473959997259	0.161431339919188	-4.07681002128801
4778	-0.992041192352498	3.31171517630247	-2.35841001605284	0.038491468872197	0.161431339919188	-4.07788116870889
1745	0.331623502256606	0.741771608964448	2.3582221075184	0.0385041227127693	0.161431339919188	-4.07818847184514
4143	0.35938731543436	1.49843946523494	2.35819503826286	0.0385059459005256	0.161431339919188	-4.07823273995986
4496	0.835339485196505	2.36707652986242	2.35648390983273	0.0386213651964917	0.161583449796011	-4.08103075855331
1181	-0.674169877962629	3.10005921380215	-2.35598610665063	0.038655006074166	0.161583449796011	-4.08184464945938
199	1.24734349637011	1.88434238302005	2.355917964135	0.0386596132663078	0.161583449796011	-4.08195605619137
1029	0.450881565604483	1.86637243138855	2.35545881224078	0.0386906709332808	0.161583449796011	-4.08270670263378
4019	-0.481873165426057	1.48766869890092	-2.35518471963394	0.0387092224707683	0.161583449796011	-4.08315478369196
641	0.323923619257761	1.66479859985024	2.35437210002287	0.0387642741106608	0.161673757023601	-4.08448314804056
1063	0.66612166683539	2.81390018242492	2.35329079164883	0.0388376460853906	0.161840251301567	-4.08625052120994
325	-0.404623601271357	0.826618900867942	-2.35185114062991	0.0389355424144646	0.162108566438192	-4.08860322691272
600	0.358220141555261	1.77627342524882	2.34783155991877	0.0392101425504941	0.16299737990818	-4.09516985793804
3145	0.286642091280309	1.70883660277176	2.34774026101685	0.039216401449591	0.16299737990818	-4.09531897083295
4406	0.718850213267281	2.1109097900705	2.34687588273001	0.0392757059968249	0.163103747306986	-4.09673062181137
3156	0.623283693443958	2.38487961946153	2.34494254459582	0.0394086661808007	0.163380441291637	-4.09988747640762
1562	1.17901621044733	2.40972779922788	2.34492499728927	0.039409874945709	0.163380441291637	-4.09991612502277
126	-0.752158378024381	2.70381061250154	-2.34406596342723	0.0394690943697226	0.163485854932121	-4.10131854901924
2920	-0.53536653457299	2.64867044968361	-2.34277869748432	0.039557996409499	0.163713932103641	-4.10341980129802
4115	0.359473227985543	1.64473319550546	2.34173285289613	0.0396303680913162	0.163873265663066	-4.1051267193434
4176	0.37245961210849	2.22657765585835	2.34102771824475	0.0396792352896445	0.163879502041136	-4.10627743799666
4410	0.710843077312133	2.01753405599777	2.3404757388441	0.0397175292677491	0.163879502041136	-4.10717814835216
394	-0.294477368844445	1.40374523901605	-2.33868802168132	0.0398417993995105	0.163879502041136	-4.11009487809533
106	1.03993603387013	3.74671848532765	2.33863587235569	0.0398454301201109	0.163879502041136	-4.11017995172543
4303	0.489377763000474	0.726173061625664	2.33860043427218	0.0398478975598491	0.163879502041136	-4.11023776320165
753	0.300089956808918	1.19859662611341	2.33853655956949	0.0398523453237338	0.163879502041136	-4.11034196373968
2805	-0.59397450806731	1.01652279497875	-2.33829758443053	0.0398689900583747	0.163879502041136	-4.11073180281441
306	-0.32674083803965	1.17176443062375	-2.33758297745176	0.0399188029690218	0.163944964995015	-4.11189746673444
2318	-0.52510287568423	2.40513334705246	-2.33698443410508	0.0399605718537799	0.163977308421193	-4.11287372589593
4116	0.429536033951935	1.97646806337579	2.33531347862877	0.0400774023592894	0.164317349673086	-4.11559875440689
1175	-0.734562410048404	3.12348026622612	-2.33370117237767	0.0401904457560039	0.164490483660992	-4.11822758053313
609	0.327946327382743	1.29538162577674	2.3332700616468	0.0402207244406573	0.164490483660992	-4.1189304033751
3740	0.809665749155299	2.26392261753483	2.33310400082619	0.0402323934688165	0.164490483660992	-4.11920111533949
2579	0.42969205334413	2.16839731867631	2.33252947668666	0.0402727903475861	0.164490483660992	-4.12013765839356
3043	0.954599022764792	2.66922063918227	2.33229016800621	0.0402896285941041	0.164490483660992	-4.12052773961426
969	0.59883538566514	2.62040807653816	2.33133163271909	0.0403571414462989	0.164536181438747	-4.12209006321193
89	0.956491850152072	3.40161953852344	2.33071319912658	0.0404007579117907	0.164536181438747	-4.1230979495064
1284	0.679890547325057	1.39712087738306	2.33068356577571	0.0404028490180304	0.164536181438747	-4.12314624214771
3194	1.1694934060929	2.539550966908	2.32994740157966	0.040454830806922	0.164549219942977	-4.12434588861375
1251	-0.403248673035797	1.08647178751857	-2.32963695567499	0.0404767713155741	0.164549219942977	-4.12485175400914
4370	-0.372234299435859	1.24795644377276	-2.3291941498917	0.0405080861827379	0.164549219942977	-4.1255732618158
2239	0.2796631792534	1.45349578322837	2.32707644827846	0.0406581728606307	0.165020335821922	-4.12902326930708
1171	-0.722222085736937	3.0661950400691	-2.32537852613488	0.0407788973448882	0.165371588729731	-4.1317887126337
1467	1.56311633835054	3.18542864156547	2.32049501144771	0.041128058153982	0.166547612991745	-4.13973916378961
3628	0.314122741799509	1.59993113064384	2.3203601363453	0.0411377423574071	0.166547612991745	-4.13995867027401
2406	-0.510246511472395	1.77296681123764	-2.31889327015643	0.0412432077411322	0.166834982484613	-4.1423457120851
2182	-0.424596565586828	1.9713929107746	-2.31605795071832	0.0414478044407843	0.167522537915217	-4.14695833068149
4353	-0.27879067137725	1.21973906063179	-2.31517549201147	0.0415116826881595	0.167533219443092	-4.14839359695201
882	1.022022657926	3.91374153895549	2.3148046532001	0.041538554869162	0.167533219443092	-4.14899669365482
2259	0.590860283038036	1.79630706619521	2.31458702066572	0.0415543330574019	0.167533219443092	-4.14935061644463
994	0.773548186080968	3.03610640658332	2.31317522438482	0.0416568279724751	0.167748742337466	-4.15164628633328
2175	-0.437070842428759	1.03192396738	-2.31289588174228	0.0416771368932687	0.167748742337466	-4.15210046370162
3197	-0.964170826939929	3.87641126531062	-2.3119975411389	0.0417425134400228	0.167749082567053	-4.1535609416446
1857	-0.696713669139008	0.989179432441419	-2.31194187376087	0.0417465678815071	0.167749082567053	-4.15365143713755
2168	-0.449223649330259	0.508372670646002	-2.31023485237835	0.0418710809132177	0.16793936732372	-4.15642612236779
773	0.258616306192995	1.28657665207373	2.30955122839973	0.0419210461860803	0.16793936732372	-4.15753714320929
1601	0.746372181402866	1.97447081516502	2.3094140387824	0.0419310801532218	0.16793936732372	-4.15776009047379
1459	-0.610904703946949	2.94520929526991	-2.30887214509129	0.0419707366289478	0.16793936732372	-4.15864068324173
3428	-0.675204444516985	1.45213930696374	-2.30874415234986	0.0419801085915909	0.16793936732372	-4.15884866571427
3170	0.924670873397484	1.77177763719569	2.30844258533806	0.0420021981111413	0.16793936732372	-4.15933868439614
3703	0.34010694160571	0.505005279367242	2.30718762753994	0.0420942433443252	0.168113548182614	-4.16137766108271
3233	0.284232224816691	1.2844014278755	2.30690147634168	0.0421152584533544	0.168113548182614	-4.16184253314201
3854	0.424704590788378	1.37622223809695	2.30528207935325	0.042234379025859	0.168450062429601	-4.16447301393334
1657	0.367150779673487	2.01686513096304	2.30437573496915	0.0423011904357544	0.168577561225848	-4.16594498955485
4809	-0.604508606807588	1.05992926041827	-2.30348723998682	0.0423667851575902	0.168700005425861	-4.16738780023329
1521	0.888630443133295	2.54472470639129	2.30089555558528	0.0425586825462145	0.1693247583541	-4.17159539065107
825	0.614435814715235	3.86985511680822	2.29851471645243	0.0427357076752538	0.169735045830461	-4.17545936015772
662	0.344381899434698	1.83405738433028	2.29831261403777	0.042750767508863	0.169735045830461	-4.175787303023
3237	-0.346170048014262	0.442217672372666	-2.29803913178177	0.0427711544295558	0.169735045830461	-4.17623105637468
8	-0.325684581319913	1.606150259294	-2.29762370664907	0.0428021405359988	0.169735045830461	-4.17690509485621
2861	-0.373394818688108	1.71741324686187	-2.29669962805147	0.0428711442809591	0.16974176880392	-4.1784042991129
1387	0.320954502958319	1.85225560049687	2.29666133448867	0.0428740060930943	0.16974176880392	-4.1784664216075
3021	-1.13196974718808	3.35128898189383	-2.29510322471783	0.0429906056117672	0.169938026365626	-4.18099381794008
3193	0.772944260134361	2.40443985529342	2.29506020999468	0.0429938289110225	0.169938026365626	-4.18106358403772
3305	0.72610100816996	2.23874684184481	2.29226045248478	0.0432041305192674	0.170583943481147	-4.18560365125779
3187	0.385280547797433	1.69070411823183	2.29194666159379	0.0432277624447885	0.170583943481147	-4.18611238254812
493	-0.278852274084992	1.50188283988632	-2.29032823760607	0.0433498458537986	0.170783013789098	-4.18873588873456
4306	-0.291042567275839	1.15277450233155	-2.28970664870832	0.0433968228432623	0.170783013789098	-4.18974334293064
4711	-0.717537019514831	2.50075884654848	-2.28952366263937	0.0434106614896613	0.170783013789098	-4.1900399050861
3533	1.0801618301276	3.35583354748939	2.28940800783139	0.0434194102853638	0.170783013789098	-4.19022734080137
4676	-1.05626199703512	3.18218365459021	-2.28839637258715	0.043496008739024	0.170945321104304	-4.19186671628106
1152	-1.74039340298372	6.29809956452121	-2.28689886698358	0.0436096353846943	0.17125277272009	-4.19429302894442
867	0.801585879167294	2.84872820213632	2.28456391147386	0.0437873768176711	0.17167274533236	-4.19807519200551
4501	0.82054087726462	1.91902006547208	2.28456163859374	0.0437875501736528	0.17167274533236	-4.19807887301435
855	0.521176917041877	2.29167068852916	2.28403441029391	0.0438277805540522	0.17169133791134	-4.1989327058706
1126	-1.38419126187328	7.24169554560699	-2.28259228137567	0.0439380049578705	0.171790309074916	-4.2012678730983
17	-0.587034287540045	2.2283906568119	-2.28252325928645	0.0439432871315266	0.171790309074916	-4.2013796252046
3837	0.435820742587306	1.35244588884605	2.28231053356073	0.0439595706148711	0.171790309074916	-4.20172403777409
2185	0.365260640020094	1.16335965452114	2.28073462946204	0.044080382392729	0.172123397914466	-4.20427517529988
4537	0.710590945445014	1.24606886240615	2.27915111589465	0.044202099854175	0.172443767158464	-4.20683805797762
3232	0.285925439594856	0.948240251722933	2.27874049333943	0.0442337153872786	0.172443767158464	-4.20750254774242
4855	0.530084891383654	1.27138782104464	2.27759699619364	0.0443218728605602	0.172470348341926	-4.20935280710717
1182	-0.555980003185533	2.82453309307152	-2.2773772586523	0.0443388328247318	0.172470348341926	-4.2097083235297
2640	-0.302859706664444	1.31810067216824	-2.27714881861213	0.0443564711023803	0.172470348341926	-4.21007790805135
2392	-0.286014348566021	1.36140162058786	-2.27593338870369	0.0444504304330954	0.172470348341926	-4.21204410389377
1565	0.802510031449508	1.81470496696811	2.27567315370354	0.0444705729224191	0.172470348341926	-4.21246504063988
245	-0.610224054937967	2.60162119911484	-2.27543311526148	0.04448915997141	0.172470348341926	-4.21285329506793
3424	0.313836713460336	1.6322664332291	2.27515128031183	0.0445109930290735	0.172470348341926	-4.21330913700151
2012	-0.655236742926139	1.03207024933265	-2.27496116585782	0.0445257265562351	0.172470348341926	-4.21361661915487
793	0.397698196996284	1.81906022990281	2.27298531442767	0.0446791298909954	0.172926104330109	-4.21681177276256
2744	-0.339328165629154	1.69296887085969	-2.27215820044383	0.0447434973322785	0.173036802632745	-4.21814903182525
595	0.781845415732081	2.10685517618108	2.27079845299496	0.0448495093835644	0.173308247921473	-4.22034709511725
484	-0.269180055195985	1.63047019347824	-2.26958479968773	0.0449443355503781	0.173536069746791	-4.22230863038995
4718	-0.486921159165002	1.15495675349927	-2.2681113977398	0.0450597160919093	0.173842828112167	-4.22468951589762
1425	0.305923937952479	0.771123550931665	2.26703827687848	0.0451439304901591	0.173919848925825	-4.22642326375673
2840	0.680784902140124	0.999396280606057	2.26694093306692	0.0451515771498216	0.173919848925825	-4.22658052033992
65	0.756969935676744	1.31069842235523	2.26623652989123	0.0452069473830702	0.173921301939581	-4.22771840056896
2052	-0.501234922918853	0.962436324937161	-2.26602163511429	0.0452238523852817	0.173921301939581	-4.22806551458218
118	-0.25937117397056	1.60986600724672	-2.26446230849482	0.0453467014301176	0.173958009085781	-4.23058393024862
4715	0.517825721441446	1.51253458955308	2.26443594974402	0.0453487808202336	0.173958009085781	-4.23062649646728
642	0.610811846248126	1.18747420240289	2.26387386646484	0.0453931443177066	0.173958009085781	-4.23153415461405
4601	-0.495992213496815	0.724531344361679	-2.26365041875289	0.0454107919561898	0.173958009085781	-4.23189495974922
1037	1.06600513516807	3.01913461929789	2.26362018700456	0.0454131801313231	0.173958009085781	-4.23194377460768
883	0.997047686769736	4.25528258657084	2.2610462634159	0.0456169525902351	0.174516082228716	-4.2360990698628
762	0.263240965132216	1.23773205659939	2.26086906144052	0.0456310136459953	0.174516082228716	-4.23638508397746
3273	0.29603345262081	1.83827569441478	2.25964533701172	0.0457282306253954	0.174633128391812	-4.23836004245533
4634	0.259969443825995	1.23731867978461	2.25957517995728	0.0457338101844618	0.174633128391812	-4.2384732575905
3849	0.752431406789402	2.08311930201041	2.25841147795092	0.045826454469296	0.174738394001933	-4.24035099815012
2700	-0.825789839706967	3.65663320341482	-2.25832164813348	0.0458336134742564	0.174738394001933	-4.24049593350058
4877	0.268722599390043	1.12034018592884	2.256890077142	0.0459478480921178	0.175035975645406	-4.24280543412099
2942	-1.1886015092401	1.90111182450313	-2.25628993964442	0.0459958184970108	0.175080857504751	-4.24377346889428
1079	0.938782807712076	3.02725944138533	2.25560548598922	0.0460505872858114	0.175151526170405	-4.2448774028292
109	1.0224490172246	1.7115916815391	2.25464059819317	0.0461279024651227	0.175307770719767	-4.24643345064813
1078	0.729239919112459	2.88620947644676	2.25291212808031	0.0462667146723112	0.175697304226563	-4.24922035096919
36	0.84734185058273	3.08201599542169	2.25090530476786	0.0464283851060849	0.176172962465285	-4.25245515765505
3472	-0.731555396647796	1.31952927633029	-2.25026520502207	0.046480065920424	0.176230845550949	-4.25348673393175
1193	-0.512221800464491	1.73604453397463	-2.24832118372979	0.0466373628610755	0.176671201221787	-4.25661908928036
1282	0.623351902733815	1.31906622606121	2.24788946698285	0.0466723637954759	0.176671201221787	-4.25731458079576
1260	0.541915683802582	1.35605508389736	2.24747783496538	0.0467057598930686	0.176671201221787	-4.2579776741706
332	-0.298708464110873	1.53459517498717	-2.24639127176467	0.0467940241495418	0.176866788152721	-4.25972781020984
730	0.279802766186379	1.69991555277019	2.24502495539927	0.0469052409673406	0.177076466894325	-4.26192814205636
1256	0.679679479694913	1.62350457865127	2.24481073094109	0.046922701645003	0.177076466894325	-4.26227309067127
4581	-0.415080641167285	2.45799793994155	-2.24143659336517	0.0471985407410453	0.177978597120169	-4.26770472797138
4372	-0.400270585632094	1.2478563094714	-2.24072019803631	0.0472573068989435	0.17806141026253	-4.26885761457033
504	-0.301115950608253	1.41609542449183	-2.23938372338766	0.0473671262598927	0.178336308829075	-4.27100805322522
2056	-0.557523472043517	1.25546882321266	-2.23799847672763	0.0474812118934096	0.17862682981362	-4.27323650769689
4371	-0.383063543207693	1.27709907811415	-2.23490636621723	0.0477368232665378	0.179322179702428	-4.27820910931293
492	-0.30799896653183	1.41699280630218	-2.23471956784644	0.047752307315415	0.179322179702428	-4.27850943541503
1419	0.311546858847979	1.29525531298618	2.23426129411994	0.0477903148628604	0.179322179702428	-4.2792461911646
1615	-0.457914654617219	0.833900530899727	-2.23397220401136	0.0478143058735287	0.179322179702428	-4.27971092787146
1395	0.254997410441235	0.994407309270118	2.23197081276214	0.0479807146332152	0.17980689186328	-4.28292776837776
316	-0.74438323443016	1.97724146566984	-2.23055579589124	0.0480987036235763	0.180029321896227	-4.28520153161891
3042	0.800164083397241	2.94415971974551	2.23030329159386	0.0481197875551098	0.180029321896227	-4.28560722384631
4639	0.266341957920141	1.26304038850049	2.22956295559527	0.0481816562173266	0.180029321896227	-4.28679661188936
538	0.338706530147372	1.47808781892073	2.2294761522799	0.0481889152243933	0.180029321896227	-4.28693605701169
4352	-0.34366675982425	1.45644749376152	-2.22805382383647	0.0483080082980107	0.18020938056446	-4.28922068943034
4503	0.779948473100606	1.5017019274243	2.2280108675174	0.0483116094650898	0.18020938056446	-4.28928968073393
1087	0.844172778925589	2.80381137263778	2.22675445387664	0.0484170526679373	0.18040326968411	-4.29130737931094
3800	0.503434087787689	1.87952160043882	2.22648991933271	0.0484392815673222	0.18040326968411	-4.29173215035332
3015	1.0030131938337	2.60767543098534	2.22605968869232	0.0484754548551764	0.18040326968411	-4.29242294738805
2707	0.630044274395436	0.803849268478655	2.22485089243481	0.0485772277354591	0.180565119636887	-4.29436359649004
740	0.306407924099706	1.18904002303576	2.22416581555625	0.0486349977485492	0.180565119636887	-4.29546328410219
628	0.351819450583117	1.13003344570554	2.224013673309	0.0486478362817609	0.180565119636887	-4.29570748742887
1433	0.443082896529497	0.907411748066677	2.22377203077551	0.0486682339823274	0.180565119636887	-4.29609533566743
1283	0.653014512016322	1.30457026235346	2.22133193853185	0.0488746688006165	0.181192067170408	-4.30001098628375
3125	-0.283142555606324	1.22072824589299	-2.22076171944588	0.0489230309093545	0.181232483567731	-4.30092580992783
4038	0.514094048936952	2.6292716040415	2.2200302513067	0.0489851362374298	0.181323710112231	-4.30209921193212
3701	-0.295164210644444	0.502427194414199	-2.21939790747173	0.0490388863107101	0.181383892944354	-4.30311349300572
4673	-0.697567440646515	2.39654650626536	-2.21859420818076	0.0491072834148836	0.181394724588941	-4.30440248353338
2542	-0.397080236120312	0.360364639701959	-2.21848244246692	0.0491168022347071	0.181394724588941	-4.30458172295842
3356	0.382042104550754	4.0029551009543	2.21734855967185	0.0492134723576786	0.181501402566342	-4.30639996049509
149	-0.354581987207244	1.54732897390031	-2.21726364292423	0.049220719340025	0.181501402566342	-4.30653611568442
4442	1.0105997254317	2.34006053376177	2.21660165509261	0.049277249911436	0.181571466162626	-4.30759748207172
76	-0.433810323432671	1.45578356740618	-2.21500302216764	0.0494140220985395	0.181936863708321	-4.31016011692813
1081	0.503738535996711	1.76369684776228	2.21451025831191	0.0494562541486689	0.181938074207797	-4.31094989515116
667	0.339049232379602	1.8303860900824	2.21412189501263	0.0494895629717778	0.181938074207797	-4.31157230184967
1476	1.30795175558916	2.1274003699493	2.2134643416506	0.0495460084705833	0.181950057473754	-4.31262603625667
3775	0.353306881962442	1.4020206843536	2.21278637225845	0.0496042710876816	0.181950057473754	-4.31371237267766
3973	0.474091616846667	2.83957331392226	2.21277035724609	0.049605648162026	0.181950057473754	-4.31373803273715
2119	-0.483200171753382	0.88904325889757	-2.20980890416518	0.0498609234478455	0.182747839121725	-4.31848190099995
2724	-0.306424032937524	2.09478112803139	-2.20811945583492	0.0500071158254127	0.183104742251429	-4.32118717945765
3388	0.467561345973543	2.1722362464884	2.20763703174584	0.0500489365151628	0.183104742251429	-4.32195954127037
396	-0.380492823671089	0.601125787397278	-2.20737296252501	0.0500718424966185	0.183104742251429	-4.32238229134514
3317	0.674540802552301	3.71609507248943	2.20488465149796	0.05028817782572	0.183756951903953	-4.32636496682301
1239	0.715925194716267	2.46820106177124	2.20380776518545	0.0503820801265148	0.183961134831757	-4.32808808851978
594	0.670896542844647	2.01516684375312	2.20308433058071	0.0504452563656563	0.184052903693096	-4.32924548599633
752	0.284784312555498	1.55346708172601	2.20207725622501	0.050533328589751	0.184235300465121	-4.33085644427892
2905	0.429392075520418	1.44927597280067	2.20154699072497	0.0505797613038802	0.184241915026461	-4.33170457407491
1174	-0.905621410643191	3.26039501614948	-2.2011869976237	0.0506113073729158	0.184241915026461	-4.33228032140895
3627	0.33173693499491	1.68428793377582	2.20057251555885	0.0506651977165259	0.184299418460566	-4.3332630029531
4776	-0.323552540252871	0.940140295149155	-2.19843791882045	0.0508528296917236	0.184791770598165	-4.3366758975535
1102	0.819223807659045	4.45345996266851	2.19816416778566	0.0508769405615451	0.184791770598165	-4.3371134983234
2582	0.522354863094544	1.75406216541205	2.19716560163824	0.0509649829016825	0.184972683629662	-4.33870957703867
1080	-0.2840670279074	1.57367502944529	-2.19629453355372	0.0510419028798991	0.185112988105661	-4.34010165513606
1826	0.674849640961077	1.82908495378139	2.19369453235855	0.0512721577255064	0.185808763352809	-4.34425561487788
3819	0.310337813603987	1.00300793585908	2.19198313486638	0.051424259912237	0.186220486119313	-4.34698891119434
2041	0.903740825339249	1.72557752784513	2.19139330124614	0.0514767818566002	0.186271257009897	-4.34793076504539
3057	-0.792410205491324	1.62532060769973	-2.19053903826544	0.0515529409292123	0.186407420190978	-4.34929470152309
417	-0.508986383065894	1.67819407702131	-2.18966877947312	0.0516306367942378	0.186465112466668	-4.35068398054115
4460	0.835042985270322	1.68159489003721	2.18949707195474	0.0516459798894864	0.186465112466668	-4.350958070529
2657	0.459477434671051	1.40162102385084	2.1875273447379	0.0518222988029915	0.186922225687562	-4.35410171467855
1322	-0.404795208840401	1.16592289502954	-2.18683861739031	0.0518840854213039	0.186922225687562	-4.35520066844599
4405	0.671831024249328	1.41388416803455	2.18678947066977	0.0518884971265805	0.186922225687562	-4.35527908363194
1492	0.610861456448553	1.6131112537615	2.18572453615743	0.0519841801266325	0.187127576973696	-4.35697806472277
3007	0.397498310505842	1.56685096147387	2.1844900255865	0.0520953102872552	0.187388186743302	-4.3589472102568
1785	0.454686679293567	1.96377961448117	2.18250145922483	0.0522747975975466	0.187778700650071	-4.36211828874064
283	-0.355385299397655	1.23436480447209	-2.18242729949046	0.0522815026406874	0.187778700650071	-4.36223652770936
2418	-0.424936104840713	0.923277083153789	-2.17986742165365	0.0525134543647237	0.188471878498912	-4.36631705634685
3147	0.456203123945277	0.537854173279425	2.17925990519724	0.0525686458135397	0.188530102628543	-4.36728520147136
847	1.17528295630321	3.16457707027604	2.17631497577853	0.0528369715562875	0.189227219877522	-4.37197687918837
4464	0.380945434397475	1.05776057380943	2.17584923637192	0.0528795267139273	0.189227219877522	-4.37271865388416
4449	0.67096917666259	2.16508702082753	2.17584007584392	0.0528803640501053	0.189227219877522	-4.37273324310853
2225	-0.398403999196022	1.85595535385086	-2.17476738002849	0.0529785034849923	0.18943828518876	-4.374441482646
2734	0.501815911546635	1.38438951880455	2.17354619088154	0.0530904399428233	0.189515598534662	-4.37638581827176
4777	-0.54791537303186	1.60420656104704	-2.17350340110436	0.0530943662226975	0.189515598534662	-4.37645393943297
2001	-0.342824402903935	1.63206201028479	-2.17289983619744	0.0531497773117235	0.189515598534662	-4.37741476004099
2430	-0.293056678565048	1.6625842605118	-2.17262040516017	0.0531754495370178	0.189515598534662	-4.37785955575501
1964	-0.31383643669437	0.842553429029529	-2.17239696160609	0.0531959865254385	0.189515598534662	-4.37821521600659
2691	-0.299811401840811	1.34407791411637	-2.17166375654155	0.0532634295308114	0.189517968203709	-4.3793821810195
4236	0.381843334527657	0.759237023977332	2.17153808721132	0.0532749972627211	0.189517968203709	-4.3795821810812
694	0.283842688317842	1.48136220523917	2.16996507231584	0.0534199945642386	0.18978152761019	-4.38208524065537
4857	-0.349685287387561	1.98891496018606	-2.16988332191277	0.0534275404309796	0.18978152761019	-4.38221530771767
1479	0.858602740360352	2.4808832868955	2.16875809144935	0.0535315067569324	0.189879226926844	-4.38400539583735
884	1.13933869775368	4.28382281438404	2.16854118654604	0.0535515699833781	0.189879226926844	-4.38435042259542
2562	-0.380026011706359	2.31764238868766	-2.16812450881185	0.0535901318806332	0.189879226926844	-4.38501318872063
3216	0.505942790938238	1.33545630889105	2.16788796660164	0.0536120347213868	0.189879226926844	-4.38538941101231
3891	0.417219770298904	2.22248360112444	2.16736814780174	0.0536601978145981	0.189910780561101	-4.38621613377096
1245	-0.456187832434701	1.77666114270061	-2.16384322572248	0.0539878847404344	0.190810028308936	-4.39182025558307
3545	-0.538496899414219	2.20066954743681	-2.16378660102472	0.0539931642734462	0.190810028308936	-4.39191025318585
2015	0.320097047357907	1.24184263342921	2.16308435638592	0.0540586805704373	0.190902114306405	-4.39302630725365
3456	-0.532438653120391	0.901883384581285	-2.16237522346689	0.0541249164090408	0.190981696392305	-4.39415317223257
2424	0.373726001802546	0.658419863756489	2.16199816251615	0.0541601668975283	0.190981696392305	-4.39475229427801
185	0.768505920623896	2.20331915968084	2.1606063363916	0.0542904748016956	0.191301760444722	-4.39696346714959
3368	0.264135093316063	1.58124755322484	2.15929128035752	0.054413869681554	0.191502162281373	-4.39905218974879
707	0.234135806612623	1.59746556193761	2.15915669015009	0.0544265136702952	0.191502162281373	-4.39926593461297
4321	0.568692104285496	1.45252978133505	2.15757264239411	0.054575536514139	0.191867348497473	-4.40178121290904
1178	-1.23534082790188	4.36730846058463	-2.15721093478437	0.0546096194462631	0.191867348497473	-4.40235546470995
3974	0.339911905386865	2.68189264802025	2.15499890271009	0.0548184960637744	0.192134439194115	-4.40586653322774
4712	-0.360742370184237	2.25807872416478	-2.15438683241731	0.0548764265993162	0.192134439194115	-4.40683780943276
4746	0.539621984117355	1.39008367278574	2.15430251182735	0.0548844118470018	0.192134439194115	-4.4069716071793
835	1.14048224109609	3.36882449184412	2.1540140216855	0.0549117405347423	0.192134439194115	-4.40742936108749
3605	0.521273921311982	1.951802442131	2.1538680772547	0.0549255707950348	0.192134439194115	-4.40766092570455
1491	0.888247740464211	1.67968116888645	2.15360077650932	0.0549509098526979	0.192134439194115	-4.40808502663678
862	0.542032221183189	2.41134314640598	2.15346658867364	0.0549636345276262	0.192134439194115	-4.4082979224053
2431	-0.287589051865784	1.59852684135039	-2.15303800278522	0.0550042949817488	0.192137746658267	-4.40897786221194
2778	-0.348852401345297	1.77823555668756	-2.15212439852246	0.0550910653348347	0.192302001507886	-4.4104271009136
1563	0.998236516914336	2.44619806421077	2.15060597042098	0.0552355677430306	0.192667394910441	-4.41283525273681
4755	-0.286260741230987	1.26305298135697	-2.15009375211281	0.0552843947465767	0.192698776501396	-4.41364746145473
3282	0.55592772797831	1.43375054919905	2.14946630057544	0.0553442623072063	0.192768568064985	-4.41464229270034
1525	0.704969653077798	1.71310795962801	2.14783715958649	0.0554999931711712	0.19300092968485	-4.41722480264405
3062	-0.442690299978816	1.23494805821098	-2.14783503460621	0.0555001965718079	0.19300092968485	-4.41722817067495
1908	-0.511053399200542	0.926503514273939	-2.14751694284932	0.0555306519473565	0.19300092968485	-4.41773232252035
1907	-0.582279829917356	0.956014279210926	-2.14653460714747	0.0556248051278681	0.193189380623565	-4.41928907380159
2537	-0.70481872522456	2.38421966101636	-2.14559851825882	0.0557146670691912	0.19319652387787	-4.42077228526616
580	0.41324065480217	1.1539267964281	2.1455799736507	0.0557164486949101	0.19319652387787	-4.42080166630326
1630	-0.292212513833287	1.17394339509837	-2.14526558227146	0.0557466612925808	0.19319652387787	-4.4212997557553
738	0.30760293146476	1.01993631225372	2.14454653155317	0.0558158197281176	0.193283582442471	-4.42243884212843
996	0.749103985838324	3.10761495968344	2.14404633901003	0.0558639764776875	0.193283582442471	-4.42323113839018
2954	-0.522371822604239	0.535560268671556	-2.1437592383844	0.0558916353528351	0.193283582442471	-4.42368586914655
189	0.432068973394953	0.384378066330293	2.14188992765993	0.0560720409536282	0.19376895295261	-4.42664605411361
167	0.578004105476525	1.48247246690857	2.14138682777857	0.0561206892167205	0.193798639850459	-4.42744258074339
4425	-0.293080863161664	1.36475541652393	-2.1407210630373	0.0561851284037874	0.193882775476122	-4.42849653519048
4898	0.342439632692224	1.62869552838915	2.13690334019423	0.0565560055025493	0.194963495865588	-4.43453786106191
1533	-0.316799739197752	1.278690668546	-2.13666838671942	0.0565789061999351	0.194963495865588	-4.4349095270319
243	-0.603265622759922	2.47442792052139	-2.13526356654701	0.0567160167542623	0.195272331109143	-4.43713144482462
2733	0.538474146893396	1.55205844362388	2.1349234932802	0.0567492553822769	0.195272331109143	-4.43766923382802
4079	-0.43352627944916	0.986510607377579	-2.133441126142	0.0568943577356251	0.195575470004923	-4.44001305377295
775	0.256361342616383	1.23330366047219	2.13319787564944	0.0569182021014742	0.195575470004923	-4.44039760564842
2161	-0.846881908096284	1.15539859704511	-2.13129827238714	0.0571047355672087	0.195992190084429	-4.44340008780758
3652	0.325204910170234	1.40226850304218	2.13099857304376	0.0571342178459995	0.195992190084429	-4.44387369395097
998	0.944327737378389	2.84042551731678	2.13072631828432	0.0571610128584393	0.195992190084429	-4.44430390803617
3149	0.386986037533347	0.647647644357616	2.13003255828896	0.0572293459344366	0.196087518152128	-4.44540008470696
848	0.883506863065005	3.0820842336377	2.12946044486096	0.0572857556045146	0.196141886493023	-4.44630395021538
4632	-0.327342247066854	1.37603729881676	-2.12736727158569	0.0574925903288836	0.196608035153455	-4.44961009739523
1978	0.70644834018738	1.57220917678346	2.12726032790869	0.0575031768793176	0.196608035153455	-4.44977898025865
353	-0.536219793373245	1.44756134339785	-2.1230550291883	0.0579209377804285	0.197383596588004	-4.45641728493395
3686	0.461382302588693	2.49730526878505	2.12278534691873	0.0579478265242634	0.197383596588004	-4.45684282036477
983	0.721267692549354	2.63329211902341	2.12269768644897	0.0579565692867986	0.197383596588004	-4.45698113653617
3760	0.370162975731914	1.29231318048922	2.12268340713329	0.057957993544076	0.197383596588004	-4.45700366712377
3935	0.745774828759406	3.17021074043277	2.12260001382944	0.057966312079727	0.197383596588004	-4.45713524789583
3152	0.398594024498216	1.16426057590875	2.12215678528661	0.0580105434348877	0.197383596588004	-4.45783455522849
4800	-0.641873262184067	1.33871720790302	-2.12210613226267	0.0580156003199963	0.197383596588004	-4.45791446983101
3863	0.313013401626004	1.27038785722991	2.11930957049577	0.0582954419188207	0.19819630920819	-4.46232541874902
94	0.716505032744645	2.0378541264111	2.11874699015687	0.0583518918103682	0.198242648391172	-4.46321248983018
3051	-1.3408402598335	3.55437172851828	-2.11820541767117	0.0584062827496565	0.198242648391172	-4.46406634933297
4103	0.560991193919547	1.60878641343599	2.11794951546917	0.0584320001252195	0.198242648391172	-4.46446978288297
803	0.441800818469297	2.44047328646198	2.11559443415694	0.0586691834110129	0.198803516132821	-4.46818171051889
232	-0.696888874119877	1.99003958288583	-2.11549220191802	0.0586795000077861	0.198803516132821	-4.46834280589474
3885	0.54918823767077	1.85023862543736	2.11501137136662	0.058728045309105	0.198828749618929	-4.46910044760638
549	0.789192478552055	2.0267239730914	2.11332682200973	0.0588984203574318	0.19926612425822	-4.47175425031926
1719	-0.439946648303926	0.970485753167776	-2.10998931214158	0.0592373608002472	0.200142929668049	-4.47700964429644
1769	-0.384310719573342	0.597557644401973	-2.10996023856734	0.0592403214726429	0.200142929668049	-4.47705541053918
1125	-1.53976450127551	7.7842718967294	-2.10895430691123	0.0593428457451912	0.200294557094554	-4.47863874783698
3880	0.317009185533196	1.23465270258596	2.10863095884605	0.0593758369957272	0.200294557094554	-4.47914763491727
1266	0.666990427528221	1.9007603833629	2.10757427945802	0.0594837714274536	0.200294557094554	-4.48081042898089
1008	0.464401688037933	2.2916206668142	2.10757151982364	0.0594840535534014	0.200294557094554	-4.48081477112075
1345	0.322974600881235	2.34010748988066	2.10748763235736	0.0594926302334714	0.200294557094554	-4.4809467625777
3797	0.266602269582323	1.55816194791722	2.10697843710015	0.0595447156650927	0.200294557094554	-4.48174790369343
323	-0.339321835974742	0.854081251098927	-2.10664585763506	0.0595787584481663	0.200294557094554	-4.48227112559632
1842	-0.382710638162272	1.74027949140801	-2.10627829138058	0.0596164039305825	0.200294557094554	-4.48284935166453
4910	0.491895805998739	1.43767492193258	2.10487931636053	0.0597598907242786	0.200617745864172	-4.48504974405051
615	0.38913403298923	1.02736273212191	2.10453230118568	0.0597955331823348	0.200617745864172	-4.48559546111887
4838	0.38541240573219	1.34648500306194	2.10389663069023	0.0598608761152407	0.200697795319151	-4.48659502616062
1912	0.606122103985896	1.50122099126716	2.1033715870945	0.0599148983065034	0.200739804713895	-4.48742054503899
4411	0.833385316555706	2.18190384118836	2.1015324266813	0.0601044955762094	0.201235674462077	-4.49031158864911
313	-0.863240362453743	2.54573570126273	-2.10108657961581	0.0601505430257413	0.201250572032183	-4.49101228109123
3286	0.45426096051446	1.36925086730945	2.0991744837327	0.0603484050241645	0.201773036286737	-4.49401665851522
337	-0.417830336697158	0.760126916409272	-2.09729480545343	0.0605435130912666	0.202285577579798	-4.49696904026743
1645	-0.444580004227365	1.38969873249102	-2.09678461384802	0.0605965732502394	0.202323134150903	-4.49777020876449
2666	-0.298812240283809	1.7345652080748	-2.09538299630914	0.0607425687925155	0.202670722633234	-4.4999708091629
2314	0.553770657516197	1.21728265473509	2.09451290752078	0.0608333665689179	0.202833788739093	-4.50133659108542
2913	-0.691472656613942	3.69325707953179	-2.09379088658415	0.0609088102937269	0.202873064450872	-4.50246977835574
3338	0.539330924463943	2.29025999079312	2.09337047593209	0.0609527796417408	0.202873064450872	-4.50312952665367
2121	-0.594520452460911	1.27094634012022	-2.09319686505974	0.0609709457857726	0.202873064450872	-4.50340195786464
2899	-1.30427787814062	4.56118082059395	-2.09237255665709	0.0610572689894441	0.202943495735253	-4.50469534420522
3834	0.232075610676372	1.18151459505202	2.0921937556796	0.0610760086379761	0.202943495735253	-4.50497586611876
4017	-0.457919927706699	0.94430853121102	-2.09080075155281	0.0612221921114617	0.203195645192145	-4.5071610298546
3741	0.66723524465681	1.81926904707904	2.09067035437775	0.0612358930736146	0.203195645192145	-4.50736555014313
2266	0.323158237033474	1.22793406754079	2.09006365789713	0.0612996774353766	0.203267881721968	-4.50831705059162
1072	0.371570054046047	2.41973615058307	2.0896085041489	0.0613475707775555	0.203287361247817	-4.50903080927262
4845	0.383382669312997	1.21937105618547	2.08867213895528	0.0614462107050011	0.203474857899244	-4.51049899333904
4658	0.264585149218402	0.568982105734506	2.087993509814	0.0615177935704909	0.203572561760626	-4.51156289214975
3144	0.244068966986772	1.65806517901296	2.08512601208978	0.0618211332878012	0.204243291885716	-4.51605678301759
526	-0.508505247100952	3.24059532473573	-2.08492210031896	0.0618427579755082	0.204243291885716	-4.51637625514111
1998	0.487030501202754	0.78087531280565	2.08488086719638	0.0618471315858978	0.204243291885716	-4.51644085426146
1520	1.01499094927835	2.38398143963095	2.0840945404925	0.0619305934930114	0.204379407448287	-4.51767267819688
1382	-0.407269955978993	0.478857583474281	-2.08193521239863	0.0621603358426566	0.204862386286292	-4.52105441901935
1099	0.676835296175942	2.15926512949929	2.08192303689148	0.0621616335403632	0.204862386286292	-4.52107348316051
1841	-0.347093995661847	1.80993579953807	-2.08132164660275	0.0622257631820701	0.204934133611202	-4.52201507071146
566	0.380980242866363	1.52658417834155	2.08046414453525	0.0623173116152136	0.205096022853336	-4.52335745812684
4795	-0.490817121517127	1.19439450417733	-2.07862702817551	0.0625138740096933	0.205603074411214	-4.52623264049155
120	-0.239047538081639	1.56495075168532	-2.07722353601077	0.0626644353068154	0.205887714036804	-4.52842848398523
3953	0.769538998539908	3.29342002666077	2.07702713479016	0.0626855317850789	0.205887714036804	-4.52873571683591
776	0.253902055377284	1.24439544777231	2.07648330004275	0.0627439829230522	0.205900203515518	-4.52958638261352
2061	-0.332644481056434	0.616306587596321	-2.07619999996905	0.0627744522913164	0.205900203515518	-4.53002948442521
2014	0.305711739370043	1.32791087087489	2.07580268256642	0.0628172079483234	0.20590084827506	-4.53065087615366
1692	-0.30867776763788	0.79377891343703	-2.07423478056637	0.0629861997630597	0.206314986089156	-4.53310255222562
1639	0.987563324541261	1.81933995790071	2.07312333461328	0.0631062537171696	0.206568373128327	-4.53484002585488
4868	0.532084016271319	1.31568372396543	2.07250250456162	0.0631734073217835	0.20664837364624	-4.53581037624128
3892	0.778777387013619	2.42163700021199	2.07132021677573	0.0633014790076995	0.206927402323818	-4.53765795047351
174	-0.307505011497677	1.46046022433334	-2.07027028648574	0.0634154184799302	0.207091868090529	-4.53929832683223
1793	-1.05488196076944	3.91049074601671	-2.07006792203434	0.0634374015109889	0.207091868090529	-4.5396144552446
4452	0.637661790421403	1.17543610243615	2.06861898185379	0.0635950114287109	0.207466396016253	-4.54187758169048
1916	0.497207100998739	1.50241488059449	2.06748810467997	0.0637182804298149	0.207728464096661	-4.5436434682965
143	0.8387862791867	2.62428551946256	2.06481889323275	0.0640101271762064	0.208412166701637	-4.54780992087739
1359	-0.318549628604325	1.19878553409301	-2.0647821394993	0.0640141545511848	0.208412166701637	-4.54786727544087
1987	-0.583549177575438	1.35222234275853	-2.0635153139436	0.0641531160778734	0.208594969099636	-4.54984391228975
4195	0.475111943543349	1.47190284825874	2.06348418274734	0.0641565345225834	0.208594969099636	-4.54989248022476
3335	0.372198243451057	1.20546818803914	2.06224461452415	0.0642927883428466	0.208897588987705	-4.55182609134883
162	-0.407964031587686	1.50581013821222	-2.0604277400909	0.0644929931139852	0.20940745012447	-4.55465937992259
608	0.273792007803831	1.41367646191444	2.05987720697919	0.0645537733377711	0.209421588458193	-4.55551769410433
2556	-0.564168245503207	1.28627596178147	-2.05960431743979	0.0645839210375412	0.209421588458193	-4.55594311012636
2258	0.647826941715298	2.12331383018926	2.05581551260043	0.0650038662135704	0.210642133115374	-4.56184718373351
681	0.66980491538185	1.18291945477252	2.05060092200205	0.0655860526625898	0.212386427564665	-4.56996566197353
1409	0.270903942262076	1.5215384561745	2.04795009011849	0.0658838861351082	0.21320818804124	-4.57408938428152
1475	1.13031948797378	2.61392810201013	2.04709379552052	0.0659803667020734	0.213377683225021	-4.57542098787658
3878	-0.304813312639724	1.37782719591294	-2.04663749217594	0.0660318337013446	0.213401477252575	-4.57613047922962
699	0.25536043991464	1.41503504795595	2.04562648065393	0.0661460015677182	0.213627740710695	-4.57770223228985
845	1.08608314926879	3.35740598006899	2.04266768960067	0.0664811897407857	0.214481813043441	-4.58230019670615
3074	-0.982569883511416	3.01585800291435	-2.042430747836	0.0665081008259011	0.214481813043441	-4.58266828348219
2409	-0.716936258759478	1.26336514212457	-2.04211966666396	0.0665434479905344	0.214481813043441	-4.58315151784449
2118	-0.503778636912488	0.755104557127682	-2.04168319650891	0.0665930725077279	0.214498858050857	-4.58382947957519
1532	-0.365711344007273	1.46689418218953	-2.0395603104161	0.0668349311537704	0.214997022423609	-4.58712605198988
3522	-0.415915242689728	1.25795791321813	-2.03843936910957	0.0669629721803096	0.214997022423609	-4.58886614778953
1378	-0.433510926718764	1.48232814113795	-2.03825426652238	0.0669841379547356	0.214997022423609	-4.58915345335354
4671	-0.503319722164244	1.06091050260224	-2.03821078301377	0.0669891110406186	0.214997022423609	-4.58922094434997
2069	-0.359108476637124	1.95508135031754	-2.03802375960582	0.0670105043377243	0.214997022423609	-4.58951121749046
559	0.342375360579106	0.295059987736138	2.03798999351983	0.0670143674689545	0.214997022423609	-4.58956362356952
1662	-0.359999733577258	0.658607317324406	-2.03698070121638	0.0671299359509712	0.215204825909449	-4.59112990905505
4137	0.651612173964151	1.26750430790157	2.03664772780433	0.0671681039940611	0.215204825909449	-4.59164656688402
3789	0.27660218781322	1.27285932645359	2.03543614293764	0.0673071577089288	0.215507630043546	-4.59352621948915
2101	-0.313954575783838	1.46994645708569	-2.0343285971671	0.0674345076075921	0.215687482929843	-4.59524405126349
1463	-0.383535869649376	1.49078364828812	-2.03417233803509	0.0674524931113793	0.215687482929843	-4.59548638125906
1421	0.233081545470197	0.96896077094737	2.03193012579469	0.0677110699458912	0.216371305414942	-4.59896278160916
2535	-0.275182307556529	1.28108107334355	-2.03123796270918	0.0677910797160607	0.216483989218681	-4.60003560516755
4768	-0.304970532022906	2.13088575576277	-2.03030727163722	0.0678988019025813	0.216548147955915	-4.60147789191813
1883	0.413390090301509	1.42423349115269	2.03011016741427	0.0679216362234035	0.216548147955915	-4.6017833071274
1646	0.489858684941347	1.90402372687318	2.02959053898414	0.0679818692319049	0.216548147955915	-4.60258841669216
4458	0.678387424022825	1.41646037910949	2.02951861615653	0.0679902101581304	0.216548147955915	-4.6026998466271
3613	0.253010681335055	1.61526071054147	2.02797006962529	0.0681700292538384	0.216724882536095	-4.60509859924348
593	0.434379453943208	1.3809129705039	2.02791157236589	0.0681768307761827	0.216724882536095	-4.60518919823179
4210	0.449679766053538	1.72885351939414	2.02788355045295	0.0681800891318596	0.216724882536095	-4.60523259742484
1149	-0.808897943496507	5.19162134125415	-2.02736219097564	0.0682407388966624	0.216775242798459	-4.60604001098263
2773	-0.358114854793114	1.02955412783917	-2.02688012276815	0.0682968629975063	0.216811170066887	-4.60678649647147
374	-0.469764106304553	1.4375294559173	-2.02552564383818	0.0684547884016197	0.216932567738752	-4.60888350913841
4683	-0.360529200489353	0.855337011411174	-2.02519074437818	0.0684938888370609	0.216932567738752	-4.60940191012769
2066	0.256688624520578	1.8633909828676	2.02471814259362	0.0685491020822773	0.216932567738752	-4.61013340230291
2467	-0.408542862665537	2.43614465372122	-2.02463809203423	0.0685584583883471	0.216932567738752	-4.61025729717532
251	0.452781573755725	0.917600512541838	2.0244132542086	0.0685847438387695	0.216932567738752	-4.61060526920732
367	-0.448163596165866	1.39665592864149	-2.02424739836686	0.0686041398595061	0.216932567738752	-4.61086194670237
768	0.70151690264367	1.18518325025192	2.0226811644837	0.0687875573106349	0.217370478294482	-4.6132853964165
2183	-0.287774729618576	1.45537968508339	-2.0209499743551	0.0689908279694886	0.217870512869704	-4.6159631482633
3409	0.454942189500384	2.86801915868066	2.02046461318639	0.0690479186040466	0.217908565040038	-4.61671371330315
3375	-0.558422277509976	1.52812660359957	-2.01929316856509	0.0691858925539839	0.218201661131795	-4.61852492206279
3883	0.228631366190157	1.15692789693999	2.0156655829516	0.0696147961541457	0.219411324947073	-4.62413078021368
640	0.293504999161163	1.75707443967436	2.01528131374518	0.0696603756286805	0.219412042507524	-4.62472435259064
4095	0.499690243414585	1.22660986032755	2.01434043294408	0.0697720949000037	0.219620946731436	-4.62617750448875
3297	0.264527393114012	1.2617716113696	2.01308165290533	0.0699218240399493	0.219949144801869	-4.62812117981369
4343	0.981322669142935	2.30740855308532	2.01199285317443	0.0700515773776348	0.220214120437295	-4.62980196524698
816	0.566607494429497	3.31739653109486	2.01062066603503	0.0702154238397158	0.220487885546923	-4.63191965585898
4530	0.231786753531486	1.26975255411615	2.01050030896253	0.0702298122422093	0.220487885546923	-4.63210537252759
1236	0.587285136422534	2.20208258199208	2.01006856962571	0.0702814484004228	0.220506904903531	-4.63277152709575
1219	-0.458533063748743	1.75087248642935	-2.00806870795096	0.0705210970362292	0.221037935114723	-4.63585641389586
1733	0.351429292645204	1.05324167759083	2.00789392838712	0.0705420776802672	0.221037935114723	-4.63612595669514
1441	1.51863951938051	3.11801030735425	2.00711705305636	0.0706354050707257	0.221187113095256	-4.63732392032109
1161	-0.809280794660354	4.02391526427723	-2.00435704190688	0.0709679065577343	0.222064401108001	-4.64157830157611
4187	0.244226481307796	0.997079400133929	2.00389519266175	0.0710236890456916	0.222064401108001	-4.64228996332362
2288	0.255567888382834	1.16007572310418	2.00365046275653	0.0710532643479093	0.222064401108001	-4.64266703767837
3710	0.223241109097127	1.27034686750398	2.00247109434125	0.0711959513609289	0.222366696374547	-4.64448389996323
1360	-0.431620079777127	1.40853210500208	-2.00195138606853	0.0712589139144405	0.22241975839875	-4.64528438203624
1094	1.07826774764701	3.15327608732662	2.00140070175231	0.0713256861096788	0.222484635331158	-4.64613247585253
3879	0.282540846331603	1.21799321729688	2.00084507008536	0.0713931175687986	0.2225514837615	-4.64698808543769
3178	0.94529335205232	2.19197142400953	1.99961988689614	0.071542016794679	0.222872039441505	-4.64887436048257
302	-0.272989253840394	1.34940996306557	-1.99833175876372	0.0716988793763442	0.223063457337759	-4.65085699832649
4048	0.623269911062899	1.96354929240866	1.99825089306324	0.071708737579207	0.223063457337759	-4.65098144503543
441	-0.28651088774709	1.35966800655022	-1.99797991225644	0.071741781648936	0.223063457337759	-4.65139844959949
1150	-0.813230807519352	5.0965522533295	-1.99750866879029	0.0717992801922191	0.223098855215129	-4.65212357345635
2543	-0.306144861762522	0.668591029093972	-1.99688386223533	0.0718755821733981	0.223119579715624	-4.6530848759808
3802	0.612832063247628	1.84853726063941	1.99669888615626	0.0718981861878167	0.223119579715624	-4.65336944746326
3174	-0.44669781199914	1.51619142832976	-1.99524213749157	0.0720764330357544	0.223504470041316	-4.65561013808181
4552	-0.32107071322248	2.52731246732541	-1.99493057821643	0.0721146088744305	0.223504470041316	-4.65608926798137
3955	-0.906948875919097	3.67351804963873	-1.99307804951272	0.0723419930609677	0.224065660966045	-4.6589374892684
3503	-0.288434801015984	1.69224067121533	-1.99217183536554	0.072453468296462	0.22419108428277	-4.66033034805409
2312	0.329774733566559	1.30023476130192	1.9918902246146	0.0724881425180489	0.22419108428277	-4.66076312920136
4532	0.393493791353036	0.852758656010498	1.99161937664764	0.0725215061807638	0.22419108428277	-4.66117934454453
1342	0.466660861210342	3.09698695986621	1.98980341879566	0.0727455712083827	0.224740149109933	-4.66396930271699
3285	0.349148508411647	1.42789533812813	1.98882237039413	0.072866888715938	0.224971287560758	-4.66547607405555
1177	-1.04595199249561	3.87883606622411	-1.98711445104955	0.073078543329772	0.225480862646325	-4.66809844545773
2811	-0.278403026519343	0.598506415656605	-1.98655147638153	0.073148436059558	0.225552666447509	-4.66896262836281
16	-0.467282906103679	2.04453676601206	-1.98536415699189	0.0732960454571508	0.225825968253358	-4.67078484261072
2865	0.445482582813793	0.886221878539979	1.9850879406867	0.0733304249950445	0.225825968253358	-4.67120869056857
4178	0.57584976251391	2.66409293405701	1.9841629311431	0.0734456670090707	0.226036982817992	-4.67262790683319
909	0.362663771850605	2.31612765162754	1.9821273896353	0.0736998605452486	0.226540339111661	-4.67574994444997
1631	0.245975244275711	1.34047386439465	1.98181204740471	0.0737393131833607	0.226540339111661	-4.67623347688969
4504	0.496277238927817	1.12797564706783	1.98172907644921	0.0737496970030728	0.226540339111661	-4.67636069534501
868	0.445387224087435	3.11330961521264	1.98027255121934	0.0739322038340698	0.226664406548784	-4.6785935825457
631	0.421038036095782	1.51464330429979	1.98009686857238	0.073954245869318	0.226664406548784	-4.67886285862981
4717	-0.489868729779826	1.07988845153954	-1.97996884279532	0.0739703124984469	0.226664406548784	-4.67905908233242
1524	0.838289815592489	1.84320091534742	1.97991165560988	0.0739774902729496	0.226664406548784	-4.67914673067294
1786	0.441691164953852	2.22774736893519	1.97944948291807	0.0740355231503449	0.226698646203398	-4.67985504139149
2614	0.408997338402634	1.12953306787259	1.97626608924421	0.0744364035280355	0.227583645918537	-4.68473179691664
780	0.282869243508538	1.17009085327269	1.97618278414566	0.0744469211868752	0.227583645918537	-4.68485936781394
2208	-0.433049141217674	1.04050432101405	-1.97603431140393	0.0744656700060032	0.227583645918537	-4.68508672848518
3653	0.230533951311844	1.33243866421597	1.97447233816386	0.0746631799284217	0.22790927366382	-4.68747815977486
1444	0.773268824876075	2.65778219085588	1.97444665079672	0.0746664321531943	0.22790927366382	-4.68751748086927
1468	1.34069348820246	3.3479487428484	1.97383048365828	0.0747444834463916	0.228003663879976	-4.6884606136587
4094	0.779430801648366	3.38405005335586	1.97343659558106	0.0747944180380629	0.228012220836892	-4.68906344697761
739	0.292961522361863	1.10720368567354	1.97251108714748	0.0749118705810528	0.228226467173258	-4.69047969577412
1176	-0.566027558858017	3.07768561732398	-1.97206859792144	0.0749680859017531	0.228253995967704	-4.69115670435487
3722	0.571110829418138	3.35817094028261	1.97133068519003	0.075061920386353	0.228279200697039	-4.69228555893989
219	-0.498047338403681	1.20466834919607	-1.97126142383482	0.07507073342476	0.228279200697039	-4.69239150479552
4384	0.474473039395273	2.77194772130725	1.97084813257003	0.0751233420112835	0.228295683825747	-4.69302366227572
703	0.840934211483272	1.34798710524416	1.96882594393917	0.0753812462584739	0.22888755869049	-4.6961158780275
3418	-0.50578602381803	2.85446589329117	-1.96857955783632	0.0754127260340308	0.22888755869049	-4.69649253979268
139	0.888786723894387	3.00846648041873	1.96781576719719	0.0755103904755334	0.229040294119517	-4.697660046445
3749	-0.48968063168669	2.1341316124958	-1.96724068492618	0.0755840029736032	0.229089572906636	-4.69853896432167
3227	0.227629980893362	1.16193874817553	1.96694918874238	0.0756213410359442	0.229089572906636	-4.6989844235687
485	-0.263042241799552	1.47666715741858	-1.96551725487344	0.0758050089028764	0.229502273511963	-4.70117224580988
2472	-0.280166838666146	0.7159358250547	-1.96430619708605	0.0759606705197815	0.229562040316256	-4.70302203319273
1727	0.317331360052039	0.944078098420185	1.9640732277804	0.075990649058643	0.229562040316256	-4.70337781469434
1626	0.377810689446119	1.38503285612704	1.96388114443745	0.0760153746786432	0.229562040316256	-4.70367114238945
583	0.557163075023159	1.77067756956298	1.96353870711711	0.0760594729766309	0.229562040316256	-4.70419404121484
1396	0.212237488005228	1.31249152922938	1.96300676391168	0.0761280227066849	0.229562040316256	-4.70500623189159
1650	-0.800735633506925	1.29828159835887	-1.96282613355547	0.0761513130268967	0.229562040316256	-4.70528200233966
1806	0.522547291090543	1.72008657621718	1.96278282290506	0.0761568984513418	0.229562040316256	-4.7053481234981
2835	0.444590728999802	1.30708865167083	1.96047883778989	0.0764545757783377	0.230204341198327	-4.70886459808622
1374	-0.343316884819638	0.886706129912145	-1.95983902601591	0.0765374322884437	0.230204341198327	-4.7098407826099
3203	-0.631321814542141	1.86904625544066	-1.95938920075124	0.0765957353621133	0.230204341198327	-4.71052701090337
4738	0.280643879402254	1.40837320123756	1.95919413680709	0.0766210309895397	0.230204341198327	-4.71082456727696
2517	0.623446195083974	2.37838166156734	1.95894045766134	0.0766539393990153	0.230204341198327	-4.71121151686082
3524	0.359881658399213	2.15058393444501	1.95892861378754	0.0766554761617415	0.230204341198327	-4.71122958236101
1254	0.63140484742584	1.29943552415448	1.9585056257667	0.076710378395639	0.230209986303374	-4.71187473479309
807	0.400845462251326	2.68120668960246	1.9581811161451	0.0767525233376069	0.230209986303374	-4.71236964237157
3509	0.437495979035929	1.85217902545445	1.95771765851417	0.0768127512337175	0.230247887527091	-4.71307639389434
4342	0.633321651816544	1.70458663343464	1.95722128498732	0.0768773054839527	0.230298702124683	-4.71383325607292
2643	-0.45123710737005	1.21023507811631	-1.95575432207423	0.0770683820450887	0.230728237830532	-4.71606954524076
3013	0.473293415085256	1.55400109087324	1.95429346363669	0.0772591029093167	0.231156178030473	-4.71829576757751
4050	-0.483121756913036	1.70218401936389	-1.95383099894397	0.0773195710308869	0.231194119065161	-4.71900036544615
3532	-0.50389840481251	1.71350971097007	-1.95324619328952	0.0773960985493422	0.231237619465142	-4.71989124925934
1103	1.08025487684573	4.54480911983939	1.95298624171511	0.0774301383794215	0.231237619465142	-4.72028721625336
4229	0.368631425521832	1.42347154352665	1.95246740994573	0.077498119416807	0.231237619465142	-4.72107744614974
286	-0.3048959991412	1.16691208148546	-1.95226005870195	0.077525303590835	0.231237619465142	-4.72139323483113
3038	-0.58992610983394	1.79581166358366	-1.95112973903795	0.0776736469516231	0.231537340697445	-4.72311440187116
3539	0.442574432077136	1.95040965760881	1.95041996475159	0.0777669328468372	0.231672673099137	-4.72419495996856
4419	0.585953475263238	2.23446035350808	1.94798789980237	0.0780873712870346	0.232321668052143	-4.72789615885776
4435	-0.364080075596642	0.686319527054665	-1.94722314396182	0.0781883858334647	0.232321668052143	-4.72905955154078
4801	-0.408534884989569	1.25805025050527	-1.94674530006641	0.0782515646432641	0.232321668052143	-4.72978636978139
617	0.307749704959453	1.89517080407637	1.94672557650186	0.0782541734426015	0.232321668052143	-4.7298163682883
587	0.314425687246699	1.99372084962771	1.94623652174313	0.078318885687377	0.232321668052143	-4.73056015016759
2900	-1.34803697455749	5.08748364262622	-1.94603231058686	0.0783459218529143	0.232321668052143	-4.73087070046683
900	0.756025911226915	2.87230422581172	1.94600157388553	0.0783499919342563	0.232321668052143	-4.73091744143136
491	-0.260696962565037	1.24562245390297	-1.94585845255332	0.0783689463127525	0.232321668052143	-4.73113507999284
3530	-0.346636713044477	0.878878790263038	-1.94545254745201	0.0784227258540857	0.232338730974934	-4.73175228260821
3384	0.612714581527049	3.23052380951648	1.94407841625138	0.0786050433499767	0.232693296267607	-4.73384128937264
3634	0.240954603875217	1.33749049859915	1.94382583351522	0.0786385984699333	0.232693296267607	-4.73422520121871
1136	-1.15986614959325	6.23618424572284	-1.94263763701968	0.0787966268064562	0.233002401344676	-4.73603088544033
1760	-0.504570068832409	0.696861826895746	-1.9423165451666	0.0788393821829753	0.233002401344676	-4.7365187563331
4753	-0.347598267512503	1.7864155288952	-1.94041177720755	0.0790934576265112	0.233383040843534	-4.73941211726708
195	0.602447714512527	1.76969597782694	1.9402442686371	0.0791158378276772	0.233383040843534	-4.73966650156262
557	-0.556448612846549	0.89510380788947	-1.94016333755361	0.0791266528393498	0.233383040843534	-4.73978940265577
4869	-0.392114947290681	1.01072657267742	-1.93990537038509	0.0791611347714425	0.233383040843534	-4.74018113304448
2777	-0.357224337671463	1.83591086909743	-1.93919124475234	0.0792566633047988	0.233522373367002	-4.7412654270135
3495	-0.409634572748483	1.59416200715825	-1.93794570640692	0.0794235352837164	0.233854559069485	-4.74315614955337
2574	0.268504450928585	1.24411399177536	1.93762854004515	0.0794660800145171	0.233854559069485	-4.74363751688649
3881	-0.335929926352291	1.61368405560325	-1.93716244684708	0.0795286402306026	0.233868332363498	-4.74434484597682
2554	-0.470242036756902	1.12640750344235	-1.93687354698987	0.0795674400724098	0.233868332363498	-4.74478323209398
4870	0.263622250861612	0.949613369687044	1.93576643316498	0.0797162905993084	0.234163578578904	-4.74646292167948
1108	-1.29561902413955	7.352356930594	-1.93497925613254	0.0798222831854649	0.234332649302961	-4.74765693838868
4008	0.688421579414703	3.22646379485589	1.93329897114011	0.0800489698821618	0.234855619338932	-4.7502048952836
946	0.761538747615248	3.21409984022184	1.93120081624099	0.0803328705265903	0.235545713701602	-4.75338505493673
2234	-0.302818737190732	1.04774344275321	-1.93041799810506	0.0804390326182255	0.235555346175975	-4.75457115449822
1014	-0.45302362385165	3.10333878677519	-1.9303901266569	0.0804428148119871	0.235555346175975	-4.75461338023369
3411	0.247239316715954	1.62296666432648	1.9300998068836	0.0804822214197781	0.235555346175975	-4.75505320287654
91	0.520540930062603	2.17146475686494	1.92952554321608	0.0805602219837674	0.235641084617574	-4.75592309792187
2786	-0.445566212987424	1.92282473314306	-1.92838555150876	0.0807152716669064	0.235951954274618	-4.75764959961026
2687	0.371130239998042	1.32446859996886	1.92534431657681	0.0811302642321884	0.237021870987517	-4.76225317003154
892	0.953070003472647	3.36468913686506	1.92422530558516	0.081283456691825	0.237326109520247	-4.76394617886411
3040	-0.490322810142472	3.37420946999201	-1.92262930628829	0.0815024130231299	0.237745733501113	-4.76636004758324
235	-0.587166088511137	2.02995891108096	-1.92181790965334	0.0816139387272618	0.237745733501113	-4.76758688305947
3967	-0.385353602102597	1.87031636738564	-1.92180422049436	0.0816158215024975	0.237745733501113	-4.76760757904114
2048	0.287305732870842	0.786943412722341	1.92148998671123	0.0816590515635095	0.237745733501113	-4.76808263492048
967	0.513792375695807	2.41470306947361	1.92105197609106	0.0817193453875666	0.237745733501113	-4.76874475451665
834	1.20547840880557	3.39239581662226	1.92040810582792	0.0818080515041704	0.237745733501113	-4.76971793316232
252	0.389942544176136	1.02159605250048	1.92039996895179	0.0818091730939467	0.237745733501113	-4.76973023067211
4591	0.228965712655556	1.30095426531829	1.92031919911038	0.081820307209457	0.237745733501113	-4.76985229927259
3813	0.522863869159412	3.06399534594238	1.91959805937684	0.0819197785353944	0.237891889888498	-4.77094206065938
2287	0.438376760097122	1.00535320894679	1.91832259153338	0.082095986312743	0.238101688916736	-4.7728690307531
151	0.777999644867463	1.29102096112867	1.91792949773952	0.0821503635775283	0.238101688916736	-4.77346279291637
3253	0.685862744015965	2.57044522875343	1.91787657546966	0.0821576869447879	0.238101688916736	-4.77354272680694
3225	0.234948123398545	0.851047710781984	1.91755403319647	0.0822023333258115	0.238101688916736	-4.77402987270746
974	0.715448477190569	2.68741055429907	1.91729576675317	0.0822380988383352	0.238101688916736	-4.774419912864
4174	0.647166238011649	1.49240903076997	1.91654683550392	0.0823418946373905	0.238259620966325	-4.77555082634507
2504	-0.55150473625913	0.464495473588224	-1.91607575766956	0.0824072443797031	0.238306185480576	-4.77626206401563
508	-0.429155458800955	0.93517246824946	-1.91415244165953	0.0826745531033052	0.238936372708358	-4.77916504567512
1499	-0.306560100123946	0.933221877346655	-1.91234905210513	0.0829259234353893	0.239472571115943	-4.78188575970656
169	0.450759092679959	1.25725250558781	1.91211155696983	0.0829590800310708	0.239472571115943	-4.78224397008779
1015	0.677868824733842	3.21404746160709	1.91076769167165	0.0831469278702445	0.239535761654514	-4.78427050414728
1170	-0.582600200818063	3.05801871010796	-1.91069389843824	0.083157254215196	0.239535761654514	-4.78438176392597
3804	0.324123359466879	2.22251019660499	1.91054258549505	0.0831784320876465	0.239535761654514	-4.78460989559188
1659	0.355716521424108	1.6799824582404	1.9105384137747	0.083179016035466	0.239535761654514	-4.78461618509421
3543	-0.353762332391732	0.510792251957998	-1.90947161430338	0.0833284688137521	0.239744903569792	-4.78622433305102
3140	-0.7112847767059	1.8561491155082	-1.90931272313456	0.0833507498562195	0.239744903569792	-4.78646381715167
3275	0.326111556273832	1.35137317735029	1.90685600768802	0.0836959534635978	0.240555719454738	-4.7901654223622
2195	-0.518130913481904	1.28366163947787	-1.90625144684797	0.0837811055133036	0.240555719454738	-4.79107598361398
3359	0.386757356447027	3.50830626105238	1.90624646145188	0.0837818080366335	0.240555719454738	-4.79108349181177
2329	-0.514183647058242	2.98101612268277	-1.90468682282898	0.0840018542286123	0.241044466641771	-4.79343190725926
4349	-0.392590393129999	0.892972256013115	-1.90409953988055	0.0840848512461417	0.24113960304021	-4.79431596668691
991	0.347482080027483	1.84926731565751	1.90125490194605	0.0844879406317596	0.242152047853349	-4.79859626276684
949	1.12291519623252	2.98332078140933	1.90023364632548	0.0846330894460003	0.242424444487714	-4.80013218733436
3103	0.518309953270518	1.30910463221136	1.89945833931339	0.084743436039519	0.242501518791354	-4.80129795148327
3517	0.360125588480849	2.07990925426414	1.89934031536998	0.0847602456131003	0.242501518791354	-4.80147539417213
1762	-0.472261926013614	0.827634156516601	-1.89705492016845	0.0850863515674795	0.243290643548148	-4.8049103194855
3077	-1.20919326677097	3.58456384118956	-1.89470203108705	0.0854232993606445	0.24410981825564	-4.80844460901117
79	-0.38495767381643	2.03500028722886	-1.89389873956796	0.0855386175156492	0.244295059941388	-4.80965075443361
3098	0.637092203730273	2.7584774106632	1.89338953109288	0.0856117924342692	0.244359794570498	-4.81041520527223
93	0.71749825101516	1.86472016029917	1.89083203982855	0.0859801874760416	0.245199371599619	-4.81425314614533
314	-0.587222136178829	2.0933943530303	-1.89052664557639	0.0860242758411388	0.245199371599619	-4.81471127346073
4765	-0.341125159895059	1.89053294599656	-1.89029324197068	0.0860579853195851	0.245199371599619	-4.8150613822089
2154	0.226562015877746	1.43108983669411	1.88951015401842	0.0861711724659172	0.245377358675755	-4.81623587255591
388	-0.261616213546379	1.20791985215058	-1.88914685164684	0.0862237306702149	0.245382593519117	-4.81678068044607
680	0.595299542502565	1.07011789204024	1.88876061797736	0.0862796387514217	0.245397349958482	-4.81735982046144
3136	0.254604596378549	1.34082855653119	1.88840796066739	0.0863307158137872	0.245398356702175	-4.8178885641451
1472	1.03230030997048	2.74329569266693	1.88765145726889	0.0864403780251312	0.245565795000343	-4.81902263812368
2561	0.361093113024022	0.888863071757476	1.8870315200184	0.0865303395373092	0.245677102512619	-4.81995182160645
563	0.373888930989793	2.29449690748415	1.88611807126975	0.086663051112098	0.245909584328639	-4.8213206605058
2152	-0.286469658522436	0.77174815710994	-1.88539657217029	0.0867680077765546	0.245953212263761	-4.82240162788013
156	0.622261619909542	1.94704842998775	1.88531348532044	0.0867801019706988	0.245953212263761	-4.82252609770843
1528	0.362372907680921	1.12213121448595	1.88457011018314	0.0868883775336522	0.246033822064782	-4.82363960631356
3666	-0.573855560268019	1.66629743586138	-1.88442002906952	0.0869102525648433	0.246033822064782	-4.82386438833131
2541	-0.271724038226159	1.21169674684115	-1.88243771126661	0.0871996618677476	0.246367253984029	-4.82683256166653
4074	-0.629126576150848	1.84755333923603	-1.88218186275198	0.0872370792767862	0.246367253984029	-4.827215539164
777	0.245414419744397	1.38993061392061	1.8819869468401	0.0872655953340411	0.246367253984029	-4.82750729014412
4555	-0.293698206931556	2.22910276471602	-1.88158525782983	0.0873243892616409	0.246367253984029	-4.82810849356772
3838	0.338170804921093	1.31932972348056	1.88153032576956	0.0873324323293343	0.246367253984029	-4.8281907049042
582	0.481206084615104	1.86633088907339	1.88152251532404	0.0873335759782162	0.246367253984029	-4.82820239392415
1228	-0.356888293340488	0.298118214593014	-1.88061510760903	0.0874665377117812	0.246598548630302	-4.82956024852154
757	0.222296836530739	1.73495383537004	1.87923076048404	0.0876697446341919	0.247027504100303	-4.8316311847487
1320	0.53396246536356	1.31193251644637	1.87843559503054	0.08778666288608	0.247212965682686	-4.83282038856153
958	0.612931166643467	2.530482485413	1.87696802140087	0.0880028271135097	0.247677532039069	-4.83501456148283
267	-0.351072543075141	1.13045160754343	-1.87634430013257	0.0880948457427407	0.247792362618244	-4.83594683466711
1482	0.459824355124026	1.81217380177317	1.87438313706123	0.0883847573732257	0.248381040172	-4.83887718701735
1691	-0.379087471666974	0.799520137634981	-1.87419839202745	0.0884121128174401	0.248381040172	-4.83915315399925
75	-0.388654221780525	1.52633329549125	-1.8738875951898	0.088458150520123	0.248381040172	-4.83961738355686
1931	0.637087423525059	2.27992564698005	1.8712764102948	0.0888458130450221	0.249323959661527	-4.84351615326593
287	-0.274217820217822	1.16898149388065	-1.87059255895461	0.0889475974143971	0.249323959661527	-4.84453677278545
1665	-0.323406131257962	0.700124499654137	-1.87058606585968	0.0889485643604372	0.249323959661527	-4.84454646257885
678	-0.3817467493715	0.599589157916961	-1.86821052004481	0.0893029787899398	0.250172444346108	-4.84809043255809
4862	0.344423624113857	0.410499866408884	1.86540654297952	0.0897229845826004	0.251203587621887	-4.85227070259277
2629	-0.849586989676556	2.33222977070102	-1.86447730261427	0.0898625753828459	0.251386569033799	-4.85365536357412
2328	-0.408493850014791	2.57691947955081	-1.86370634163285	0.0899785410282605	0.251386569033799	-4.85480391356615
2065	0.276416914224343	1.8917408195254	1.86370326251757	0.0899790044554705	0.251386569033799	-4.85480850025052
3181	0.604533932421962	2.42304132829966	1.86358912888725	0.0899961838707194	0.251386569033799	-4.85497851233087
2315	0.507757204315687	1.24422444927073	1.86189886813557	0.090250955689601	0.251805448961304	-4.85749570101312
1915	0.599039688016328	2.62663588154637	1.8616476860455	0.0902888727540583	0.251805448961304	-4.85786967261761
2638	0.357577580164883	1.28419742037811	1.86151697403614	0.0903086101139933	0.251805448961304	-4.85806427285986
3354	0.370853348216482	4.0472779505389	1.86121427701175	0.0903543322440728	0.251805448961304	-4.8585148933963
4136	0.420167780714847	1.77989129961451	1.86010522557819	0.09052203546461	0.251961972462019	-4.86016561121993
1766	0.22301062965232	1.26901395600367	1.85989252285248	0.0905542316166579	0.251961972462019	-4.86048214326215
3159	-1.14711030852331	2.56810005869526	-1.85979889400148	0.0905684072626179	0.251961972462019	-4.86062147067433
3979	0.504551082125486	1.997290030226	1.85915668007278	0.0906656950889132	0.251961972462019	-4.86157704384584
1737	-0.542151933505401	0.815002740097162	-1.85885268028951	0.0907117809622521	0.251961972462019	-4.86202931889743
698	0.220477111283454	1.22712596445206	1.85862237706504	0.0907467088931957	0.251961972462019	-4.86237192758911
1655	0.512409331298751	3.28497058164172	1.85775913030283	0.0908777394828849	0.251961972462019	-4.8636559417968
4225	0.640182828823568	1.56625349668139	1.85708963954866	0.0909794799268957	0.251961972462019	-4.86465155442724
3612	0.398592764771148	1.91310790384236	1.85695431675557	0.0910000572285303	0.251961972462019	-4.86485277388229
4642	0.477988562237777	0.814597363763968	1.8569464700006	0.0910012505441121	0.251961972462019	-4.86486444146206
2469	-0.24806411802494	1.21135189377767	-1.85674427605689	0.0910320046720191	0.251961972462019	-4.86516508135675
4076	-0.438299589630311	1.25614783012473	-1.85672160034347	0.0910354542917755	0.251961972462019	-4.86519879660356
2583	0.441909617120198	1.35173039202137	1.85568976598908	0.0911925527560693	0.252061323806788	-4.86673275639926
4725	-0.438747382116934	1.30900547422141	-1.85551749792894	0.0912188051044061	0.252061323806788	-4.86698881455682
550	0.400539403267719	1.41818113374461	1.85545945805358	0.0912276515059292	0.252061323806788	-4.8670750819949
4272	-0.669248656208755	5.05879138275477	-1.85507512697328	0.0912862509050577	0.252079270478692	-4.86764629770873
4915	-0.219998173791249	1.09877180607656	-1.85427914859928	0.0914077246391463	0.25225105322768	-4.86882914058145
4752	-0.474161971721918	2.5336107001839	-1.85398443602539	0.0914527381896136	0.25225105322768	-4.86926702630608
971	0.623776613038637	3.20377396008531	1.85323256959593	0.091567668365512	0.252424147893075	-4.87038399673023
1895	-0.201755199838857	1.22996319600313	-1.85248538622688	0.0916820141137731	0.252453248015387	-4.8714937860161
262	-0.267679913570624	1.29621699991726	-1.8522240912348	0.091722032524319	0.252453248015387	-4.87188183397561
2335	-0.528864105872331	1.13372742969462	-1.85214095529595	0.0917347685016638	0.252453248015387	-4.8720052930335
2720	0.431654868353709	1.17307049851131	1.85174727318104	0.0917951005367727	0.252475665944802	-4.87258988374864
1341	0.302658355866371	2.18905573544855	1.85011804329301	0.0920451686945355	0.252982384219614	-4.8750085169713
1600	0.651574205180565	2.0734419302457	1.84955693593693	0.0921314369660221	0.252982384219614	-4.87584124858566
2523	-0.632033151339845	2.39758936879306	-1.84952593607053	0.0921362052490614	0.252982384219614	-4.87588725137082
2663	0.537902803342905	0.952672217059776	1.84586801824868	0.092700445538136	0.254387269151164	-4.88131276829626
4766	-0.508506062176496	2.26967928045511	-1.84547521568944	0.0927612242005677	0.254409752087498	-4.88189506265847
3823	0.358954426729184	1.49293504962795	1.84287928733117	0.0931638144257795	0.255369141185225	-4.88574172618357
3445	0.395448872601424	1.72114740044728	1.84153067800682	0.0933735958611284	0.255686774066134	-4.88773902875456
200	0.35389108815138	0.532867155067531	1.84145492306991	0.0933853926777303	0.255686774066134	-4.88785120065219
1801	0.424956546390008	1.72697130050293	1.84091457640964	0.0934695769489275	0.255696551652202	-4.88865123564521
1076	0.518625602610682	2.95651484219686	1.84075361805445	0.0934946671915553	0.255696551652202	-4.88888952703127
3990	-0.242882331133901	1.97496560940576	-1.83994862419393	0.0936202426060515	0.255895329789874	-4.89008112545732
2856	0.58234024190431	1.60168782730805	1.83960785025474	0.0936734483776056	0.255896184783092	-4.89058547951883
4351	0.276650180545026	0.627221185827344	1.83771437687172	0.0939695857202515	0.256560302321996	-4.89338700886185
1761	-0.523224301415071	0.787999912461955	-1.83734454089161	0.0940275277757384	0.256573705233515	-4.89393403748681
4851	0.206814679632618	1.05771023482867	1.83601919569508	0.0942354380950004	0.256826370189729	-4.89589391337822
1576	-0.263782122221804	0.389562427906105	-1.83565460263094	0.0942927065878348	0.256826370189729	-4.89643293582214
860	0.479120933372877	2.3740736034981	1.83544742083016	0.0943252638980136	0.256826370189729	-4.89673921382694
4332	-0.356087926777752	1.44697595874474	-1.83540161240763	0.0943324637923001	0.256826370189729	-4.89680693030898
1839	-0.391830413249943	1.94034457984812	-1.83487543917786	0.0944152006748914	0.256907053354963	-4.89758468658777
3090	-0.477637842911166	0.548235977316501	-1.8330108836593	0.094708923835758	0.25756142412445	-4.90033984569976
1471	0.720754778476751	2.30618641672936	1.8311078312771	0.0950095742264302	0.258233887700825	-4.90315042377734
3449	0.372661841618213	2.20818483918577	1.83036885239248	0.0951265558968871	0.25840666896639	-4.90424140634648
1336	-0.665850037020241	2.59567847380281	-1.8295402060836	0.0952578889170093	0.258524657427526	-4.9054645019897
165	0.71578707568474	2.33693003923349	1.82942057419483	0.0952768632065478	0.258524657427526	-4.90564105735952
1032	0.379137208669926	2.26851358925892	1.82885464822318	0.0953666691490195	0.258623287748294	-4.90647618370041
18	-0.413170843929058	2.39237952189627	-1.82695415196376	0.095668823340758	0.259297348640105	-4.90927974727231
745	0.324608234329111	0.656515794418474	1.82618151561214	0.0957919127670929	0.259430313030296	-4.91041909583998
1881	0.372534182159842	1.46692423237373	1.82560032456073	0.0958845983432761	0.259430313030296	-4.91127597241372
3969	-0.3155144294342	1.58090751172722	-1.82549105197386	0.0959020337752644	0.259430313030296	-4.9114370624444
490	-0.236723884889493	1.05339972434329	-1.82530093891741	0.0959323749506405	0.259430313030296	-4.91171731604702
2940	-0.408576465272814	0.756120554597683	-1.82425772633184	0.0960990232810607	0.259532589122296	-4.91325489399612
4078	-0.480022502481669	1.13120381981023	-1.82395735080653	0.0961470559455167	0.259532589122296	-4.91369753044444
3031	-0.39005916146987	0.604633772164249	-1.82393543009041	0.0961505621187304	0.259532589122296	-4.91372983157763
3630	0.270877465063878	1.39441613284632	1.82372158016764	0.0961847731079531	0.259532589122296	-4.91404493837413
1570	0.431569449083366	1.39959694866284	1.82164601555378	0.0965173938038202	0.260284922643747	-4.91710229055843
2617	0.371436051118558	1.25961554772996	1.82058731515206	0.0966874611793968	0.260587956663913	-4.91866109294119
1728	0.296883896582676	0.898871401900964	1.82027620900919	0.0967374886664711	0.260587956663913	-4.91911906909465
1765	0.242144795948522	1.10519547066858	1.8196995685033	0.0968302780466241	0.260692757478891	-4.91996782953791
3450	0.380970234557636	2.02522323265695	1.81802981002199	0.0970994241935799	0.261271976778943	-4.92242477829856
2883	0.325251414212657	0.866779263714724	1.81570498068365	0.0974752990432451	0.261996057915597	-4.92584369428287
1313	0.700592728412929	2.01689781727894	1.81560086659734	0.0974921631094862	0.261996057915597	-4.9259967528094
3589	0.26652887597706	1.31462476996889	1.81490281511923	0.0976053001146358	0.261996057915597	-4.92702284435412
3382	1.03212451177618	6.16023659063188	1.81472071905471	0.0976348331335946	0.261996057915597	-4.9272904806521
3010	-0.3965710554164	2.53082280573245	-1.81469323363814	0.0976392915299342	0.261996057915597	-4.92733087623371
3743	-0.260744431274602	1.96443095711949	-1.81384244087453	0.0977773902240713	0.262221182873646	-4.92858113870209
2919	-0.380872912041829	2.42550098029593	-1.8117526149166	0.0981173634753325	0.262987149303966	-4.93165091008151
1372	0.31060200188623	1.32617879840453	1.81114479367075	0.0982164463699299	0.263055900494474	-4.93254340348561
2268	-0.26129268627007	1.80246091220879	-1.81092830191331	0.0982517594447115	0.263055900494474	-4.93286125148211
3171	0.85721861719829	1.80035897345914	1.81004874014661	0.0983953484918132	0.263294632745239	-4.93415240105863
2417	-0.234350916322956	1.3611212529497	-1.8097119749985	0.0984503763218994	0.263296252429712	-4.93464666844448
1107	-0.901665045752638	5.94228151248884	-1.80869329421718	0.0986170010260068	0.263596160753492	-4.93614148817551
1412	0.221665185139528	1.33258578508215	1.8067583096292	0.0989342136437363	0.26415797387704	-4.93897969913837
3274	0.391895587518603	0.626151829232787	1.8064822027945	0.0989795531738723	0.26415797387704	-4.93938456085368
3516	0.719922811948216	2.82018421568042	1.8064125772499	0.0989909893838515	0.26415797387704	-4.93948664930613
3505	-0.434990704744147	0.976597542992203	-1.80463975608903	0.099282587125894	0.264645981503793	-4.94208536074345
1751	0.268957810033301	0.736190750729828	1.8046333642829	0.0992836398810754	0.264645981503793	-4.94209472785479
237	-0.395511728160021	1.12012455066824	-1.80430357824017	0.0993379707339578	0.264645981503793	-4.94257800177507
4636	0.344076597334795	1.03030343607335	1.80236432053276	0.0996580041082752	0.264907232856635	-4.94541889382994
2512	-0.604567953769791	1.40625655080196	-1.80230237916238	0.0996682416953013	0.264907232856635	-4.94550960791823
3417	0.665618768834674	3.82315092365588	1.80191372335334	0.0997325000957974	0.264907232856635	-4.94607876331436
2933	-0.934788892597299	3.58188072996925	-1.80172480539776	0.099763748482665	0.264907232856635	-4.94635539551245
2009	0.302531747179524	2.17422183700646	1.80160395242209	0.0997837431142534	0.264907232856635	-4.94653235237731
4472	0.49567021073134	1.11486345805619	1.80146287713879	0.0998070880656004	0.264907232856635	-4.94673891159087
210	-0.339082522964509	1.54573444213482	-1.80138895150266	0.0998193231702449	0.264907232856635	-4.94684714846087
3790	0.193412915300406	1.00474309874111	1.80008569847483	0.100035243450911	0.265334708232185	-4.9487549028354
3877	-0.53099103644254	2.03279784922268	-1.79875538800808	0.100256085535498	0.265696060408594	-4.95070152301541
1859	0.230955683981211	1.21226368379853	1.79826682388105	0.100337302540911	0.265696060408594	-4.9514162420058
2098	-0.187662223546592	0.999392295120803	-1.79816765737399	0.100353794914171	0.265696060408594	-4.95156130002518
1843	-0.263622514817623	1.53292990173138	-1.79794308267762	0.100391153044008	0.265696060408594	-4.95188978624068
519	0.231111807991447	1.73031586103875	1.79604531054071	0.100707354853924	0.266384020715279	-4.95466480894024
1124	-1.08792284165087	8.33705275468203	-1.79572259556566	0.100761214946044	0.266384020715279	-4.95513654750744
2627	-0.355196462460847	1.87443600956995	-1.79267025060077	0.101271940588906	0.267588011233822	-4.9595962130013
99	0.59622951672214	2.37033344340524	1.79123828361989	0.101512352037186	0.268056662471065	-4.96168703584743
2705	-0.34458223957795	2.09921698215712	-1.79095412798628	0.101560120361608	0.268056662471065	-4.96210182884827
414	-0.499127896673863	1.33748912497357	-1.78774711036301	0.102100660040157	0.269240022365809	-4.96678084035713
4	-0.225844353038733	1.21871071690322	-1.78741324222681	0.102157083365937	0.269240022365809	-4.96726769775383
2003	-0.331153347505783	1.15263053026863	-1.78710878922766	0.102208560293639	0.269240022365809	-4.96771161932984
1431	0.24693575247935	1.3842796617405	1.78697569717999	0.102231070914839	0.269240022365809	-4.96790566775631
293	-0.649586339317383	2.34860482926648	-1.78649218078536	0.102312888773488	0.269308898741097	-4.96861057143738
2661	0.375588003701473	1.41000522119837	1.78394947861033	0.102744131100565	0.270296958273265	-4.97231584447592
1721	-0.568158893315959	1.19830786770087	-1.78118769661075	0.10321440123162	0.271286093066025	-4.9763372088635
248	-0.234520578976168	1.37461403607014	-1.78108301359556	0.103232264847985	0.271286093066025	-4.97648957052293
3751	0.411702469822972	2.32029314727057	1.77938395661019	0.103522593301086	0.271795126338305	-4.97896181294568
2097	-0.409782709722756	1.45829538264279	-1.77929201364832	0.103538325308288	0.271795126338305	-4.97909556053183
3464	0.693772399463037	3.77086852841411	1.77881096690721	0.103620670787558	0.271804259365721	-4.97979526992684
3513	-0.339272449327425	0.91504466352395	-1.77858768052241	0.103658913118536	0.271804259365721	-4.98012001840923
3938	0.594630793152896	3.24974409930922	1.77777601210105	0.103798035872593	0.271804259365721	-4.98130032974016
3909	-0.419996024966266	1.56078580780806	-1.77760303448389	0.103827706746633	0.271804259365721	-4.98155183327543
2022	-0.412600798577238	1.20869976973854	-1.77721245501044	0.103894731235711	0.271804259365721	-4.98211967473075
387	-0.245369401246239	1.08363621871908	-1.77720967598216	0.103895208265219	0.271804259365721	-4.98212371476605
3842	0.417620957909579	2.30834862375183	1.77674939118687	0.1039742451482	0.271804259365721	-4.98279281134282
3318	0.501435908980039	3.60385091246527	1.77665038211354	0.103991253428266	0.271804259365721	-4.98293672463685
2795	-0.310591425863723	1.61939923488135	-1.77627047645445	0.104056538998477	0.271828043020861	-4.98348889185444
1852	-0.258230624138942	1.20322744814018	-1.77593631997633	0.104113993484605	0.271831354818413	-4.98397451391797
4624	-0.418840042489545	0.813913260815059	-1.77518901048032	0.104242589300603	0.272020305844833	-4.98506038636035
2576	0.245648238598118	1.04401115112403	1.77447265357308	0.104365994214358	0.272195514829683	-4.9861010554557
3211	0.292911623935382	0.653100141713006	1.77351670191926	0.104530880077368	0.272429344981234	-4.98748944186535
2742	-0.582508796518138	3.40084608751129	-1.77330011435645	0.1045682706966	0.272429344981234	-4.98780394979684
1608	0.713267218059385	1.73590366125405	1.77282674237172	0.104650033591642	0.272495620299443	-4.98849126458578
308	-0.271131835162549	1.20083568057935	-1.77236512272966	0.104729822451603	0.272556686939675	-4.98916142144986
2973	-1.55882448359072	5.10576862895275	-1.77201103350017	0.104791062582721	0.272569441276991	-4.98967540794143
784	0.325166445097894	1.82483215347385	1.7715332251419	0.104873751592667	0.272637942077015	-4.9903688951296
3444	0.337147853936229	1.7402910113798	1.77013213579168	0.105116564122364	0.273122415265304	-4.99240185027662
547	0.349514083347485	2.09952003145098	1.76910631330485	0.105294665219778	0.273438320093014	-4.99388975607769
45	-0.685586945951792	4.1141838407707	-1.76809491287451	0.105470530342671	0.273748082509571	-4.99535629265603
1815	-0.385094233114415	1.18321642908241	-1.76670529201882	0.10571259597276	0.274229243601187	-4.99737052034448
818	0.774857364650103	3.73925246902818	1.76627527773631	0.105787604512843	0.274276758109934	-4.99799364592553
503	-0.207570468221905	1.34819903020026	-1.76593280644489	0.105847377213905	0.274284740739622	-4.99848985657037
1741	-0.352746298372373	0.81184498645809	-1.76462368839056	0.106076144467813	0.274654970406408	-5.00038617828923
2457	-0.280277793035305	1.32281919398958	-1.76446565618675	0.10610379075849	0.274654970406408	-5.00061504475371
502	-0.196021480497002	1.23959948485898	-1.76347620082848	0.106277035452226	0.274956308833086	-5.0020477508336
1929	-0.375571060305919	2.26366947606847	-1.76127685022643	0.10666304046784	0.275684289079114	-5.00523081054348
479	-0.193803730644285	1.39111200415913	-1.76122370825075	0.106672383041774	0.275684289079114	-5.00530769508688
386	0.340471661480925	1.5830178283342	1.76056590049262	0.106788089705442	0.275835973302152	-5.00625929250683
3379	0.484660034712436	1.89539926622243	1.75961879011399	0.106954883648915	0.275870721073385	-5.00762906520195
4006	0.360118524588566	3.08022950773552	1.75937585727584	0.106997704134214	0.275870721073385	-5.00798034664149
3845	0.216402217139286	1.7978992356271	1.75923589710668	0.107022381221838	0.275870721073385	-5.00818271752544
3250	0.707518576763976	1.9825354308653	1.75919479762244	0.107029628659517	0.275870721073385	-5.00824214235216
3821	0.228962363379007	1.32257312450048	1.7583307100417	0.107182103859597	0.276116623254916	-5.00949133438769
309	-0.22509360741234	1.16430498474954	-1.75625573066123	0.107549054292671	0.276914488913222	-5.01248973601224
555	0.507285269675783	1.66070463165671	1.75592720852557	0.107607256086101	0.276916970715191	-5.01296428450556
144	0.712782202044465	1.62229383704694	1.75455741686312	0.107850239166669	0.277319036237103	-5.01494242531023
2935	-0.816586704936755	3.15755265630616	-1.75415380289122	0.107921929653883	0.277319036237103	-5.01552513262715
1549	0.602135439531031	1.97232637008307	1.75407766683608	0.107935457882279	0.277319036237103	-5.01563504399017
3828	-0.230115418193458	0.456943003078277	-1.7533071885053	0.108072446629186	0.277411723269381	-5.016747175258
3101	0.307316305341523	1.45763328127135	1.75322981007633	0.108086212972878	0.277411723269381	-5.01685885099344
205	0.805597909482589	1.45784460762916	1.75205655492785	0.108295140510209	0.277800577830537	-5.01855181475562
3777	0.227202542705148	1.35239539164595	1.74908465582048	0.108825997504878	0.279014401657976	-5.02283741102258
4666	-0.763786447487766	2.75467834840632	-1.7476848312538	0.109076856222717	0.279509444070713	-5.02485464772901
351	-0.235290116467616	1.14683337190602	-1.74523747401798	0.109516696638314	0.280427622226266	-5.02837933978032
1837	-0.266537350187496	1.1918865665528	-1.74504643998835	0.109551096735767	0.280427622226266	-5.02865435472336
3446	0.486951213460721	2.49936570707076	1.74441337224621	0.109665165038725	0.280571162589821	-5.02956560985013
2877	0.342195792682347	1.39286547435743	1.74274011475188	0.10996717513662	0.28114403617178	-5.03197327658353
3052	-1.01877455067312	2.53976379321412	-1.74252916106055	0.110005303942369	0.28114403617178	-5.03227673064527
4569	0.211068745180681	1.37177035869751	1.74178438731292	0.1101400135305	0.281296462994634	-5.03334791767639
4291	-1.04985144980773	5.39262776500588	-1.74135759337802	0.110217276241394	0.281296462994634	-5.03396165085623
1401	-0.312227700888595	1.26798490797742	-1.74100399549491	0.110281325309956	0.281296462994634	-5.0344700654101
2165	-0.404433400285064	0.422713118880023	-1.74080701222583	0.110317020515851	0.281296462994634	-5.03475326995404
4100	-0.561275565488569	0.602970971946596	-1.74059384168357	0.110355660761434	0.281296462994634	-5.03505972739134
4258	0.413317302006265	1.44852367019727	1.73914156896892	0.110619231617842	0.281819822310226	-5.03714699325626
74	-0.241710060491103	1.57968984498755	-1.73766944473541	0.110886985210064	0.28235328128752	-5.03926181944615
1257	0.637299585290019	1.71369961000634	1.7367375491233	0.111056782914227	0.282636883608117	-5.0406000572852
2243	-0.288695580450706	1.54777858020805	-1.73609999243852	0.1111730852157	0.282784114760019	-5.04151538690268
140	0.699595700659595	2.8917666496255	1.73534314273237	0.111311291471399	0.282986877634591	-5.04260174474628
3853	0.310001566526443	1.23938808907043	1.73497640573746	0.111378316053971	0.283008557284197	-5.04312805399754
4871	0.335675815277297	1.26917429637858	1.73445358181393	0.111473929923775	0.283102820457336	-5.04387826036768
2815	0.34314436307866	1.18661512300596	1.73292400716017	0.111754083383726	0.283665401579468	-5.04607235380605
3118	0.631317261062909	2.306580495287	1.73221441863956	0.111884265531147	0.283846920104714	-5.04708986021502
3794	-0.595871134438339	2.15144365971846	-1.73177406569124	0.11196512208016	0.283903176427576	-5.04772118431486
1162	-0.68229218177084	3.92038263576025	-1.73073653274399	0.112155839749242	0.284122280511458	-5.04920832339468
3861	0.18512908642469	1.0625730033786	1.73066507207647	0.112168986311882	0.284122280511458	-5.04931073291583
1661	-0.329708831704939	0.496815605774561	-1.72889416412747	0.112495222964794	0.284578366082373	-5.05184785952598
3732	0.51704668963959	1.86383596017456	1.72877621458565	0.112516981977792	0.284578366082373	-5.05201679154227
3851	0.218230234471718	1.34526480709328	1.72872999559599	0.112525509366594	0.284578366082373	-5.05208298648462
3192	0.536273146471202	1.27864690899663	1.72746099182905	0.11275986780845	0.285022069204431	-5.05390007596326
2432	-0.208599512187832	1.65980388166316	-1.72612738978678	0.113006630100426	0.285460876601993	-5.05580887166034
1011	0.678909551283797	3.24097394554269	1.72588530787277	0.113051475727453	0.285460876601993	-5.05615527837173
857	0.371858997858655	2.32213867994623	1.72497382464497	0.113220471673283	0.285651234410573	-5.05745932335892
393	-0.192892419928218	1.14318157259221	-1.72464941564395	0.113280674463281	0.285651234410573	-5.05792335858986
2839	0.371168365521087	0.831812132215159	1.72452380222319	0.113303993144665	0.285651234410573	-5.05810302331986
1288	0.737666488451868	2.60498719311769	1.72316683568744	0.113556174055966	0.286137901084772	-5.0600434302601
1656	0.414169696187886	2.86436059647215	1.72166013278735	0.11383677427259	0.286536990947668	-5.06219696502017
1293	0.567863018766794	1.78550782570912	1.72128692909337	0.113906374103523	0.286536990947668	-5.06273022512244
2488	0.358429690480151	1.04972822114195	1.72106248536202	0.11394824970457	0.286536990947668	-5.06305089555734
1319	0.465029104067359	1.28560128292623	1.72104527410252	0.113951461468234	0.286536990947668	-5.06307548491707
265	-0.418815507387745	1.12603197787678	-1.72005862637774	0.114135714391525	0.286851213624	-5.06448485990541
4714	0.477220250758267	1.67629616769035	1.71762616301041	0.114591114052139	0.287653208344229	-5.06795759408838
881	0.712171533444852	3.95920553227053	1.71750887720723	0.114613113261549	0.287653208344229	-5.06812496963104
3134	-0.654768072647879	1.6109194835311	-1.71740184473546	0.11463319257703	0.287653208344229	-5.06827770737433
2275	0.442434545736457	0.79973122966822	1.716825786071	0.114741315669404	0.287775264493818	-5.06909966530244
4109	0.665538448083355	0.888477361444725	1.71596984267898	0.114902141031325	0.28793146591546	-5.0703206981666
987	0.73907481579239	3.43135427252997	1.7158608994218	0.114922625192797	0.28793146591546	-5.07047608522884
2176	-0.48697937466391	1.2353984993075	-1.71512521540231	0.115061038887946	0.288109381820969	-5.07152525657853
3146	0.268193475133106	0.332864447569562	1.71450596901913	0.115177661854772	0.288109381820969	-5.07240818038564
4154	0.199765383161575	1.0644773532552	1.71425772750955	0.115224443133976	0.288109381820969	-5.07276207427211
866	0.532388742726771	2.92061919558861	1.71394416559297	0.115283558506498	0.288109381820969	-5.07320904839675
3944	-0.894587973382366	4.5308039524913	-1.71390261619304	0.115291393800206	0.288109381820969	-5.07326827254182
1602	0.469409109468419	1.55551130132535	1.7119777018428	0.115654915156869	0.288762869573509	-5.07601115204475
3940	-0.748317192519963	3.54175523055253	-1.71188594187084	0.115672269787818	0.288762869573509	-5.07614186125192
2100	-0.263526698739388	1.25578851809279	-1.71096767928911	0.11584607041171	0.289037452142261	-5.0774496824864
4523	0.356884580264429	0.78382681144507	1.7105306968395	0.115928860968798	0.289037452142261	-5.07807191056904
4896	0.43574398907147	1.09987022650139	1.71035854584422	0.115961491237728	0.289037452142261	-5.07831701548736
1017	0.551234872694818	3.21476393532856	1.70978694605426	0.116069894015315	0.289067569098976	-5.07913074837125
3041	0.502802272142162	3.1455870389807	1.70966478768995	0.116093072914285	0.289067569098976	-5.07930463406583
1285	0.489528603489055	1.31834174751336	1.70879802167339	0.116257656619314	0.289328468479549	-5.08053822849292
1337	-0.636932145698779	2.5702120752939	-1.70690307794266	0.116618203487468	0.289945924614492	-5.08323392358791
1709	0.276501514072843	1.35043658381487	1.70686413246279	0.116625624080157	0.289945924614492	-5.08328930882629
1774	-0.484925464128875	0.77646230376722	-1.70447696165828	0.117081281030463	0.290816401390277	-5.08668280749952
1771	-0.35190362388282	0.424456374958431	-1.70417185738614	0.117139633580063	0.290816401390277	-5.08711633883082
3408	0.301976119133561	3.82270742018645	1.70349183779257	0.117269784292012	0.290816401390277	-5.08808244148994
3106	0.696885377288889	2.59348737331169	1.70320887739868	0.11732397904313	0.290816401390277	-5.08848437914514
2862	-0.383606948697423	0.819502816455847	-1.703158554257	0.1173336196722	0.290816401390277	-5.08855585789775
4794	-0.596852681474858	1.4547163863599	-1.70314392073438	0.117336423214928	0.290816401390277	-5.08857664306186
2238	0.225387720188237	1.38847859652293	1.70163098552457	0.1176266013617	0.291386327387559	-5.09072504541797
4909	0.382428267124559	1.2139333138683	1.70066880654321	0.117811480287295	0.291694954774786	-5.0920908038117
670	0.213240353819255	1.32079168785567	1.69889860812214	0.118152298040925	0.292389165177491	-5.09460236579674
1464	-0.233872078006417	1.18268476484393	-1.69824874646342	0.118277638165505	0.292549700125109	-5.09552402199694
3443	0.303185464980407	1.95476491678449	1.69616141273229	0.118681033285238	0.293237148139375	-5.09848300753037
1540	0.391097613810753	1.93527689574344	1.69596517538079	0.118719021188477	0.293237148139375	-5.0987610863913
545	0.31142519159007	2.28802579646796	1.69581560078909	0.118747983368244	0.293237148139375	-5.09897302943608
1303	0.541949193729587	1.39475803067725	1.69555727574845	0.118798017848941	0.293237148139375	-5.09933904402978
704	0.613899016809401	1.11551191572064	1.69523855690354	0.118859775927603	0.293239977530721	-5.09979058583633
1566	0.693511094508477	1.86649910327121	1.69418299153856	0.119064518093565	0.29359538151716	-5.10128570579858
3631	0.240325023190264	1.44515163968063	1.69212900219779	0.119463824988189	0.294429946659632	-5.10419350250284
1217	-0.703498264786297	3.22985648802724	-1.69113116149414	0.119658243356785	0.294758951812691	-5.10560540850273
4418	-0.197884837743475	1.07820560547206	-1.69047021878555	0.119787176795792	0.294926392538443	-5.10654035748545
1550	0.242824509571298	0.997586750897472	1.68968972769343	0.119939591333451	0.295020850895914	-5.10764414951146
2226	-0.379656942796821	1.39809268649284	-1.68964924367067	0.119947501800798	0.295020850895914	-5.1077013952595
3427	0.20465105073217	1.09762493226816	1.68847401160137	0.120177342633901	0.295205416236626	-5.10936287362409
3437	-0.465324699546894	2.31959732307485	-1.68833934225652	0.120203705160518	0.295205416236626	-5.10955321989201
3643	0.339451567805461	2.67236848216585	1.68832968783396	0.120205595284447	0.295205416236626	-5.1095668654532
3993	0.299164457457886	2.28434209433931	1.68775358633203	0.120318431479911	0.295332608574231	-5.11038104725595
3646	-0.356867400605837	1.06372840923321	-1.68740881240328	0.120386004811961	0.295348626409872	-5.11086822744792
4400	-0.354537328656457	3.03705905526804	-1.68668797135058	0.120527394486736	0.295545633313142	-5.11188662400765
2416	-0.374850422917133	2.42419450449197	-1.68558072064674	0.12074486610929	0.295928906908179	-5.11345045491842
4635	0.19131782796502	1.18388895699923	1.68456204967139	0.120945250085187	0.296269934132726	-5.1148886646342
1759	0.309255333383607	0.992204153461968	1.68364884700205	0.121125140103149	0.296560439179672	-5.11617754891135
870	0.552559874028801	2.9953964988648	1.68318976448992	0.121215664242609	0.296631959335227	-5.11682534282122
1586	-0.374238351994285	1.48875872524702	-1.6824274583288	0.121366113168715	0.296767720758058	-5.11790078207372
4554	-0.264816969229704	2.24062279366439	-1.68228714431799	0.12139382376606	0.296767720758058	-5.11809870276256
2200	-0.681852149413966	1.45531663126278	-1.68119327366284	0.121610046199731	0.29714616339106	-5.11964134564119
3572	0.425054556097889	2.10321567692579	1.68022268863071	0.121802187340831	0.297465412597142	-5.12100964493239
2369	-0.430424083936505	1.20811925976429	-1.67732718880533	0.122377006068571	0.298718443672931	-5.12508894794584
947	0.710574890881586	3.16973269931121	1.67661594707681	0.122518573103439	0.298891526227673	-5.12609036071189
1305	0.626129278294955	1.90363328386179	1.67635036135418	0.122571473343469	0.298891526227673	-5.12646423733872
2878	-0.282437339867098	1.55944126830334	-1.67547743542986	0.122745489379337	0.299159032934779	-5.1276928546946
1779	-0.351814517425585	1.29795989766042	-1.67517994020298	0.122804844854996	0.299159032934779	-5.12811148676832
3957	-0.77561461880576	3.43850915289781	-1.67431228621075	0.122978103361689	0.29943032917154	-5.12933219711385
4323	-0.396473424057761	2.16378431179737	-1.67205566870897	0.123429741183411	0.300378816823612	-5.13250535645591
2965	-0.699102025809168	2.90326171001155	-1.67132330211746	0.123576634437483	0.300585096736322	-5.13353465174661
1221	0.452421510950898	1.27633396842156	1.66891130610047	0.124061520344383	0.301612882123681	-5.13692273040178
4770	-0.381602417206783	2.03536004775365	-1.6684626449178	0.124151902158335	0.301681015892529	-5.13755264494921
4084	-0.295566466181301	1.81635501501031	-1.6679346686272	0.124258337056893	0.301770687510044	-5.13829379216441
1612	0.318340174401494	1.18486435425473	1.66727087113676	0.124392267678113	0.301770687510044	-5.13922540706042
1711	-0.325539387420532	0.674605724398834	-1.6671138113391	0.124423975564631	0.301770687510044	-5.13944580338436
3561	0.368722192078638	2.10939210549788	1.66704284251063	0.124438305411851	0.301770687510044	-5.13954538745091
2995	0.711236752931081	1.91706313404696	1.66441981139354	0.124968974749092	0.302846551371845	-5.14322433415387
2177	-0.645971441010273	1.44252249967335	-1.66423152826645	0.125007144086311	0.302846551371845	-5.1434882832565
220	0.546001081119639	1.30447236983723	1.66387987079698	0.125078461006028	0.302849498313399	-5.14398121638312
4215	0.190829413735075	1.69745214707473	1.66360832130623	0.125133556661531	0.302849498313399	-5.14436181765916
3655	-0.223730197569713	1.19917159130444	-1.66169823263201	0.125521712986627	0.303637023714652	-5.14703796723561
1406	0.181272152125307	1.25504316745524	1.65953981937125	0.125961623050399	0.304548891713058	-5.1500598964538
1408	0.220540520460638	1.68517407413207	1.65803580741751	0.126268969702849	0.30513949821298	-5.15216427462252
3866	0.290237669380677	1.89968769538816	1.65666393519014	0.126549895589673	0.305623977035599	-5.15408280213193
1158	-0.508121598835526	4.10602900165115	-1.65644005421745	0.126595793712141	0.305623977035599	-5.15439580646409
2946	-0.513332084185225	1.20278139199932	-1.65577464686471	0.126732297200519	0.305800741591729	-5.15532595680762
1435	-0.379652480722748	1.00700851794724	-1.65546711472641	0.126795429440473	0.305800741591729	-5.15575577229021
2660	0.451147260655474	1.53787324094747	1.65492884726527	0.126905995932058	0.305914902002639	-5.15650795837772
477	0.179394075820118	1.67438322531245	1.65312401207956	0.12727735679767	0.306657296905939	-5.15902903574063
1005	-0.230890811326046	1.48547052540823	-1.65270448805528	0.127363815955151	0.306712862912404	-5.15961481736704
830	0.931449464131976	4.93408459182138	1.65036824881818	0.127846244613863	0.307721458428792	-5.16287532759405
2829	0.507573099742984	1.50307638992231	1.64741382600296	0.128458653144943	0.309038885848379	-5.16699474169615
2893	-0.495575506270344	2.24441550038789	-1.64711211913842	0.128521339050628	0.309038885848379	-5.16741517569601
880	0.674640934553561	3.79980391688254	1.64674657707935	0.128597324471001	0.309067985986439	-5.16792450498527
2256	0.28912670703149	1.37151036697576	1.64619178416292	0.128712725839811	0.309078340989777	-5.16869740150802
695	0.267681908115275	1.65167747822269	1.64604321667276	0.12874364468306	0.309078340989777	-5.16890434894822
1822	0.649450007347215	2.70644346109437	1.64580473486982	0.128793289672466	0.309078340989777	-5.16923651993428
292	-0.710435796250073	2.59656576806479	-1.64493520286617	0.128974445087066	0.309359625845921	-5.1704474152545
1073	0.51702614006201	2.34062861263045	1.64424819359481	0.129117734351916	0.30954985074062	-5.17140386803342
3190	0.282540046809157	0.602981369138135	1.64333082337686	0.129309290366155	0.309748259815029	-5.17268066445049
3370	-0.243317939055175	1.98529008059672	-1.64291627105193	0.129395935772724	0.309748259815029	-5.17325750184687
3602	0.258620531199146	1.59345917445016	1.64265955463795	0.129449617807039	0.309748259815029	-5.17361467249508
3453	-0.42214602596125	0.869206306285153	-1.64254870869749	0.129472802941906	0.309748259815029	-5.17376888282743
528	0.352474063959685	2.55281633295469	1.64232018509433	0.129520613808558	0.309748259815029	-5.17408678864471
904	0.349836141210883	1.73053981542763	1.64147007493154	0.129698608374815	0.310020685433476	-5.17526917412341
4679	-0.306138407594429	2.16138292698583	-1.64075984729933	0.129847481046067	0.31022326582759	-5.17625672734558
3308	0.455461528662435	3.05330129365949	1.63930181713037	0.130153577946856	0.310801090872108	-5.17828329538402
3626	0.286221559652448	1.71945771330283	1.6375703573609	0.130517909871723	0.311504322337993	-5.18068853939622
4590	0.198111352678771	1.38823249713806	1.6371608372677	0.130604212849275	0.311504322337993	-5.1812572027615
3362	0.388128267806877	2.71883818795076	1.63698525980164	0.130641229851961	0.311504322337993	-5.1815009856458
1959	-0.280198070299396	1.33659042397435	-1.63657808534507	0.1307271102734	0.311555546553059	-5.18206627332788
1281	0.629980654049018	1.5471619974813	1.63448832032404	0.131168667742673	0.312453970723315	-5.18496623025416
1750	0.185412276587856	0.685343416300696	1.63393603151402	0.131285584469295	0.312578571684275	-5.18573227442233
2174	-0.347453136538636	0.716285994808151	-1.63295171682969	0.131494187943837	0.312921240173283	-5.18709717568357
307	-0.18573231541214	0.954652365235011	-1.63137806971403	0.131828297558657	0.313515471215738	-5.18927826824845
2348	-0.374627000435489	2.56875073187377	-1.63116544778109	0.131873498124024	0.313515471215738	-5.18957286951086
483	-0.215789258586298	1.44869978607667	-1.63006073724107	0.132108565826703	0.313913812854637	-5.19110315168065
3499	0.588683563296602	2.97817245990431	1.62976845348198	0.132170821989437	0.313913812854637	-5.19150793055765
3776	-0.244898233009033	1.28187852246576	-1.62856548184182	0.132427327482103	0.314272623765035	-5.19317345430221
531	-0.433172857691511	1.18152372339546	-1.62845074813659	0.132451814769927	0.314272623765035	-5.19333226605553
12	-0.294250945877861	1.47246514646114	-1.62740210426397	0.132675809720828	0.314649787955572	-5.19478346815375
1952	-0.277993824100632	0.960120544669478	-1.62677071406206	0.132810839170659	0.314745320672448	-5.19565697258249
3770	0.272014744133649	2.64001601537865	1.62660543448399	0.132846206038268	0.314745320672448	-5.19588559748806
3438	-0.359156809994983	2.41852943654322	-1.62485513097148	0.133221251581672	0.315387164626079	-5.19830588097077
4772	-0.489102620096592	1.36492626435341	-1.62435910793949	0.133327706987015	0.315387164626079	-5.19899149057163
1318	0.435110618329913	1.23984722043931	1.62420982576948	0.133359760342249	0.315387164626079	-5.19919780606929
3271	0.25543104989271	1.48969567993015	1.62412549402917	0.133377870778205	0.315387164626079	-5.19931435182363
1074	0.428912727862171	2.34623593517596	1.62287997213135	0.133645603021924	0.31575292376942	-5.20103523458858
2095	-0.501855223427067	0.907539185083649	-1.62279873738356	0.13366308141376	0.31575292376942	-5.20114744585172
1678	-0.436267434876436	0.530153094488591	-1.6218565166313	0.133865956543199	0.315820454585416	-5.20244871152921
1002	0.884872417024389	3.37224352616477	1.62173183603679	0.1338928226565	0.315820454585416	-5.20262086959356
1827	0.337503482811486	1.76427759565479	1.62171840785289	0.133895716439441	0.315820454585416	-5.20263941066402
2928	0.489976753884845	2.47574844733401	1.62145364281105	0.133952784789019	0.315820454585416	-5.20300496845221
4420	0.567413349451763	2.18220174790126	1.62009445095269	0.134246088393511	0.31635780596581	-5.20488102927835
4518	-0.207630585711112	1.36262933454998	-1.61912867343916	0.134454841052004	0.316657104743981	-5.20621350094852
2450	0.277294315633474	0.851637644687159	1.6186006471971	0.134569095145865	0.316657104743981	-5.20694181254788
1686	-0.592291503307516	0.954407930243581	-1.61859899997192	0.134569451705999	0.316657104743981	-5.20694408435997
4669	-0.342096038308275	2.37731286416728	-1.61580479123001	0.135175492594104	0.317928552829496	-5.21079580505537
2203	-1.21798374723202	3.74783850705746	-1.61467732059489	0.135420713768033	0.318350540918242	-5.21234886104398
2972	-1.44844511896311	4.97548744227405	-1.61361186868932	0.135652807116488	0.318583530759634	-5.21381589353792
3983	-0.392061814916496	1.47322187745049	-1.61324169545974	0.135733526215232	0.318583530759634	-5.21432545379328
3654	-0.20029886243341	1.19977824116151	-1.6131303952033	0.135757804378503	0.318583530759634	-5.2144786499939
4466	0.366348003772846	1.30021513984586	1.613013878335	0.135783224561051	0.318583530759634	-5.21463901969232
480	-0.198380221702654	1.39568531036567	-1.61140214578976	0.136135283475854	0.319095976386011	-5.21685664107209
3620	0.19120231739994	1.38744930290367	1.6109956326559	0.136224207365009	0.319095976386011	-5.21741576286413
3538	-0.531182904939137	1.45353985786475	-1.61079357935635	0.136268425170508	0.319095976386011	-5.21769363737683
2368	-0.416913287186761	1.32223212804579	-1.61061331361023	0.136307885631207	0.319095976386011	-5.21794153087704
4159	0.541238327124621	1.68683985176357	1.61050584963135	0.136331414466698	0.319095976386011	-5.21808930270048
182	-0.274453360219455	1.52781096880011	-1.60973278224604	0.136500780346368	0.319278210392947	-5.21915216009258
1086	0.556330124707697	2.72362195504763	1.6092705523602	0.136602135712232	0.319278210392947	-5.2197875142892
2836	0.286646546394854	0.751012003437975	1.60897505084816	0.136666966541411	0.319278210392947	-5.22019363613615
554	0.369477753472631	1.34746840227567	1.60872646714509	0.136721524977339	0.319278210392947	-5.22053524199393
933	0.372181166862138	2.33353132329658	1.60864576300419	0.136739241821866	0.319278210392947	-5.22064613951662
3817	-0.525880327202863	1.61371426096254	-1.60808132079807	0.136863209506952	0.319316718373081	-5.22142166007167
4517	0.786938055390729	2.61547708572602	1.60773305493096	0.136939748126602	0.319316718373081	-5.22190008177395
49	0.436950831880592	2.5102958701709	1.6076694109908	0.136953739277417	0.319316718373081	-5.22198750436324
3527	-0.428555941956261	0.954072642509792	-1.60580355893635	0.13736447917995	0.319951465944756	-5.22454955336794
2516	0.312783118353571	1.35091380244337	1.60571849093324	0.137383231517907	0.319951465944756	-5.22466631984962
1904	0.29731214652567	0.729345140517037	1.60549342717974	0.137432855319909	0.319951465944756	-5.22497523010879
1621	0.491704190721215	1.32831752128262	1.60517696285913	0.137502658564988	0.319951465944756	-5.22540954782459
2753	0.466167656154968	1.42152607881742	1.60493230312642	0.137556645135406	0.319951465944756	-5.22574528520559
1810	-0.299162579997986	2.0890233069048	-1.6041037950671	0.137739602389467	0.32022306408469	-5.22688198739282
3475	0.485985196098762	1.66647857618553	1.60291286907766	0.138002967232887	0.32059404739553	-5.22851530408227
612	0.291371950206508	1.41910966179847	1.60278302807279	0.138031707466905	0.32059404739553	-5.22869333273811
462	-0.240093468800267	1.88951514015849	-1.59972764989687	0.138709537813679	0.321939081816029	-5.2328801413574
1299	0.560490584658615	1.49028795515469	1.59957311241338	0.138743899459781	0.321939081816029	-5.23309177739647
3404	0.294292425784345	2.41210777158946	1.59779345426017	0.13914014978513	0.322703760623422	-5.23552809541017
407	0.39111975531879	1.52040377238385	1.59710783993337	0.139293071144362	0.32290363114347	-5.23646625156569
4087	-0.321043258866342	0.670610385290745	-1.59665571210412	0.139393995956685	0.322926413299118	-5.23708478486306
1128	-0.710990256122026	6.00515738766416	-1.59646585829296	0.139436394663468	0.322926413299118	-5.23734448275832
792	0.348791935190258	1.74809981519827	1.5958599137983	0.139571791898064	0.323085324977432	-5.23817321941935
1278	0.207287329984301	0.94019180070046	1.59541311395426	0.1396717026487	0.323161978677385	-5.23878417572564
1388	-0.452917184334577	1.06038517808509	-1.59494541506475	0.139776354144201	0.323249522633674	-5.23942359868899
2737	0.254468660434097	1.0641008496202	1.59402328412544	0.139982890726317	0.323518941265219	-5.24068397442408
42	0.403174507861299	4.07467538535526	1.59382831295441	0.14002659425576	0.323518941265219	-5.24095040605422
4389	0.328234834663667	0.646834614602931	1.59162222698037	0.140521933736258	0.324508408313134	-5.24396368739834
4736	-0.509450219276824	2.11636683219445	-1.58971102773685	0.140952306488432	0.325346974614044	-5.24657213912196
4847	0.299669747410844	0.879798106586483	1.58872609493832	0.141174550386257	0.325704565936438	-5.24791565702689
1991	0.360398628069815	0.854086477577099	1.58747741016882	0.141456750970048	0.326200076831788	-5.24961822424539
3452	-0.223210032182181	0.369447779755901	-1.58658185229691	0.14165945062075	0.326511873322148	-5.25083880600952
1457	-0.323182399596085	2.71733345543951	-1.5846960948294	0.142087105571814	0.327186992043756	-5.25340758937834
2879	0.207557612054004	1.30929433913163	1.58456399836262	0.142117105063796	0.327186992043756	-5.25358746181198
2704	-0.259134382302418	1.70176157970022	-1.58439541331756	0.142155399297575	0.327186992043756	-5.25381700656201
2563	-0.191282011181216	1.07853074445441	-1.58383369534349	0.142283059408776	0.327186992043756	-5.2545817322433
1936	-0.282289511494484	1.94139427577473	-1.5838009766433	0.142290498400178	0.327186992043756	-5.25462627055567
1610	0.560944241926233	1.40072399393692	1.58316352944748	0.142435497869968	0.32726989412798	-5.2554938833307
3363	0.417909189970978	2.27251505415245	1.58304777151567	0.14246184312392	0.32726989412798	-5.2556514156
2918	0.284317365364544	2.09413509466544	1.58089973247736	0.142951490365051	0.328116930873928	-5.25857335706545
1911	-0.403272700262605	0.95793997924706	-1.58083528929315	0.142966203034775	0.328116930873928	-5.2586609806444
3859	0.185602239106741	1.25606821623718	1.57621513064768	0.144024474129316	0.330389002293802	-5.26493733380056
1676	0.243587991564737	1.11024379347915	1.57584310370446	0.144109986908509	0.330428491309653	-5.26544223278189
4665	-0.375464684569418	2.13937370859249	-1.57446713812046	0.144426648291051	0.330849906121347	-5.26730899970814
1272	0.49190297307983	1.31130252981193	1.5740312911293	0.144527080170357	0.330849906121347	-5.26790010311585
4424	-0.171781538082311	1.10597314678657	-1.57394396697678	0.144547209564557	0.330849906121347	-5.26801852161217
876	0.593635138622509	3.41478871181022	1.57385672909479	0.144567321525533	0.330849906121347	-5.26813681909614
4481	-0.323637433536347	2.74175061152788	-1.57184120264406	0.145032667489278	0.331530008931121	-5.270868820071
2162	-0.548970263949442	0.896314880748231	-1.57182625626012	0.145036123215552	0.331530008931121	-5.27088907153284
1829	-0.353550616964821	1.75487317311627	-1.57167942235123	0.145070076252001	0.331530008931121	-5.27108801646445
4605	-0.223176918068072	1.48092290247104	-1.57086826079236	0.145257770129491	0.331802215243851	-5.27218685169882
2423	0.278668244224536	0.689081010101335	1.57031827791785	0.145385151088546	0.331936461050677	-5.27293168448561
3577	0.490513038576151	1.77726068332334	1.56932252032096	0.145616026364368	0.332306762052271	-5.2742798147052
859	0.4707987037584	2.35473178964199	1.56815259484095	0.145887694105225	0.332769761471513	-5.27586307417172
2987	-0.546839277041545	1.40545054749871	-1.56586516744741	0.146420138249114	0.333826875046754	-5.27895654767639
4409	0.66255922904746	2.24349495188514	1.5653000948334	0.146551931742168	0.333969969744987	-5.27972031252141
2224	0.289751581727365	0.687678635605861	1.56475078151581	0.146680149119071	0.33410478410455	-5.28046261378723
3433	0.438238635272175	1.90320399425706	1.56138166496357	0.147468696183336	0.335412331200488	-5.28501186883194
1735	-0.295870025164178	0.971216596977632	-1.56132748099711	0.147481408251174	0.335412331200488	-5.28508498292454
489	0.301781328774662	2.85378003769332	1.56116567794442	0.147519374469507	0.335412331200488	-5.28530330539605
3313	0.938855430490824	6.09027856605412	1.56111397089615	0.14753150905222	0.335412331200488	-5.28537307128184
2530	-0.272278561649914	1.07205699414538	-1.56011220221637	0.147766775847018	0.335686081487035	-5.28672442851967
3415	-0.513640202256678	2.04774250601221	-1.55997068117915	0.147800038682411	0.335686081487035	-5.28691529308075
439	-0.446428989759314	1.31275700638197	-1.5593950270687	0.147935406778284	0.335686081487035	-5.28769154756033
3261	0.548159019902973	2.29316844107343	1.55933896342284	0.147948596227521	0.335686081487035	-5.28776713844062
2536	-0.211469086745964	1.36501054526625	-1.55893735403191	0.148043108297668	0.335686081487035	-5.28830858109437
3277	-0.419456199418833	1.5263851901761	-1.55883064125571	0.14806823023839	0.335686081487035	-5.28845243484391
4153	0.334762978996746	1.43789072759882	1.55709221073675	0.148478010190867	0.336457430118696	-5.29079506017044
3009	-0.380042746712337	2.04028576088103	-1.55444455418194	0.149104014328925	0.337717800245009	-5.29435979970057
4171	0.255627442921966	1.82133825295698	1.55407066097247	0.149192601953581	0.337760322064307	-5.29486289683156
233	-0.537931696932924	2.03634124847855	-1.5534878766702	0.14933077437389	0.337915007680487	-5.2956469203086
115	-0.171333483999338	0.867447743987454	-1.55277318428206	0.14950037335325	0.338140629398329	-5.29660815110264
2338	-0.372251868272424	2.67531747617743	-1.55236442388206	0.149597449151888	0.33820208364338	-5.29715779280257
1083	0.366664896261178	2.30391934776761	1.55164770517404	0.149767794204799	0.338429046409536	-5.298121314919
858	0.372884260803536	2.29643472028832	1.55042950888284	0.150057715457212	0.33892587646218	-5.29975836408486
3265	0.393453370226807	1.56496722573459	1.54971300325618	0.15022846676448	0.339153206815938	-5.30072085220777
3512	-0.397593573882169	0.865443178748185	-1.54712082888691	0.150847626964378	0.340215501459706	-5.30420062575346
1746	0.165071623310471	0.821804380499865	1.54699202413168	0.15087845087129	0.340215501459706	-5.30437344042548
3735	-0.363851458184268	1.77823753926887	-1.54675255540984	0.150935772054359	0.340215501459706	-5.30469470678571
3410	0.342766990419546	1.84807884525553	1.54656659567724	0.150980297981395	0.340215501459706	-5.30494416516501
361	-0.484559136025938	1.44651556249309	-1.54608172797486	0.151096447835939	0.340318721894913	-5.30559450992246
1681	-0.293444506279463	0.564647317269236	-1.54543276254709	0.151252029080769	0.340332571462758	-5.30646475688286
3586	0.221329013063366	0.424739760950474	1.54526231584564	0.151292914657433	0.340332571462758	-5.30669328395366
473	-0.410392308229766	1.18534124983445	-1.54517595496274	0.151313633984372	0.340332571462758	-5.30680906662965
2611	0.315476721702566	2.52071355333031	1.54449672227185	0.15147667873425	0.340449268586511	-5.30771956224603
4290	-0.734978719364875	5.16856007815583	-1.54426899394472	0.151531377471785	0.340449268586511	-5.30802477076705
1349	0.343570536210056	1.00742915119407	1.5437456743605	0.151657140346962	0.340449268586511	-5.30872603318411
4395	0.748896476284053	2.5825034998948	1.54372620108398	0.151661821870815	0.340449268586511	-5.30875212503425
4057	-0.281518290725801	1.79263302595138	-1.54349519408318	0.151717367315527	0.340449268586511	-5.30906163094889
433	0.228122280118509	0.881312770396038	1.54270551156903	0.151907379657787	0.340717618351586	-5.31011943812489
3485	-0.305869879392359	2.01125107080373	-1.54147168484581	0.152204676212182	0.341226238885327	-5.31177151370415
2932	-0.903004340104972	3.47386908154943	-1.5404252522601	0.152457216096887	0.34163409517218	-5.31317202256398
1571	0.541257911361453	1.4348304901176	1.53790688047793	0.153066480564789	0.34281923422356	-5.31654007916319
4238	0.209747692584317	1.26878709553749	1.53765384359347	0.153127814211888	0.34281923422356	-5.31687829815428
932	0.398122544862998	2.32809508340991	1.53713384376229	0.153253924159383	0.342918167974012	-5.31757324057999
942	0.595247187629278	3.71210133556066	1.53688722522789	0.153313765466678	0.342918167974012	-5.31790277693897
4653	-0.373537978539675	1.02911661861974	-1.53494025779612	0.153786905643607	0.343817490528544	-5.32050318518939
1048	0.646855400610206	2.99518012834871	1.53394661823259	0.154028862796941	0.344199370998429	-5.32182951103902
137	0.379121728091663	2.11329943857339	1.5318888242082	0.154531000264049	0.345008314999694	-5.32457456794624
3255	0.192846740589743	1.53252635553042	1.53187864067188	0.154533488756581	0.345008314999694	-5.32458814681313
533	-0.424224911736746	1.11628149823475	-1.53091748740862	0.154768517053796	0.345214093169955	-5.32586950568098
1505	-0.196141854913538	0.987822966610216	-1.53083615482846	0.15478841933961	0.345214093169955	-5.32597791072716
2798	0.192566986459847	1.26911893908615	1.53062653748569	0.154839723476395	0.345214093169955	-5.32625728482619
415	-0.351334809506899	0.841981222767187	-1.5302247329025	0.154938107000825	0.345274325964989	-5.32679273506648
2515	-0.481030207539924	1.67339603582465	-1.52866777122486	0.15531984850011	0.345965666226304	-5.32886672559625
2855	0.214101996298583	1.48468133085213	1.52608194955752	0.155955654021711	0.347222022161545	-5.33230828881191
422	0.274004979793877	0.97984143192722	1.52370630486657	0.156541770374129	0.348219407252704	-5.33546687180027
3114	-0.343968837979547	1.61329925690259	-1.52368278028911	0.156547583872392	0.348219407252704	-5.33549813376796
13	-0.255474321751241	1.72308295357276	-1.52336050453776	0.156627244946219	0.348236494048625	-5.33592637738103
2996	0.70028715594173	1.78617022236943	1.52277298259894	0.156772560825518	0.348399471416563	-5.33670693541498
1473	0.900475668567429	2.68919794439678	1.52226986738537	0.156897092714603	0.348516131567148	-5.33737520241245
3622	0.217032869368817	1.54270712643525	1.521235992923	0.157153268234819	0.34891155611182	-5.33874801537672
1752	-0.302726934701692	0.864593456433161	-1.52096955601072	0.157219345250882	0.34891155611182	-5.33910170332685
3360	0.463238680292747	3.32282975097484	1.52022381206139	0.15740441965411	0.34916211934277	-5.3400914497047
3081	-0.418315782702092	0.723159555524716	-1.51973712721441	0.157525304074231	0.349270128831865	-5.34073720844363
3599	0.335607048885774	2.08409036617715	1.51895508240625	0.157719719502006	0.349518922867455	-5.34177459114542
3127	0.476271217119138	1.24587032375405	1.51870472336252	0.157782002385805	0.349518922867455	-5.34210662083743
2081	-1.32487417908593	3.89670479450874	-1.51792223190457	0.157976803513081	0.349790286222557	-5.34314414783797
3597	-0.376285322353998	1.37912285142392	-1.51754795370843	0.158070053650302	0.349836651216909	-5.34364029346603
442	0.277634130321954	1.78276244796191	1.51573987882324	0.158521201095728	0.350596641708227	-5.34603599339073
4846	0.26450587982944	0.994885689222444	1.51559106686376	0.158558381987929	0.350596641708227	-5.34623308835569
1365	0.23711960673719	1.5193574400832	1.51502391702957	0.15870015446111	0.350749816026884	-5.34698414068952
4577	-0.200234653567222	0.846517753827731	-1.5144161861449	0.158852192914138	0.35076942191864	-5.34778873410343
11	-0.26611827573542	1.57143940045121	-1.51427441420431	0.15888767869654	0.35076942191864	-5.34797640071257
973	0.911949324694258	3.05577163760687	1.51411921074814	0.158926534279797	0.35076942191864	-5.34818183407853
3025	-0.405573810522628	1.18970258804295	-1.51338566545364	0.159110290539812	0.350965965708697	-5.34915260175394
4310	0.711904113447627	2.33551038538429	1.51318467534955	0.159160671509897	0.350965965708697	-5.34941853803804
4451	0.377852604493848	2.0244333675102	1.51183588896993	0.159499120893923	0.351552048694669	-5.3512025766809
2760	0.22664790037171	0.957497550104036	1.51133022398102	0.159626167199447	0.351671856516814	-5.3518711577723
343	-0.328819652940667	2.36507724862698	-1.51074135006594	0.159774229737199	0.351837834987969	-5.35264957627939
4905	-0.336257197635993	2.03352806815382	-1.50974838519595	0.160024163237284	0.352227889782521	-5.35396171435291
1523	0.742221590168319	1.75377345181678	1.5094387821637	0.16010216075512	0.352239315021951	-5.35437072179186
3956	-0.781823417808123	3.78454590878503	-1.50853456704548	0.160330145630918	0.352504689963336	-5.35556494681148
3131	-0.373972354277573	0.675412938606665	-1.50838254224559	0.160368504053184	0.352504689963336	-5.35576568577096
4239	0.293693418505822	1.94590574975641	1.50715705424463	0.160678005182564	0.352933934221894	-5.35738339121054
341	-0.228954471806199	1.31104412524585	-1.50703173040477	0.160709685219271	0.352933934221894	-5.35754877753626
1560	-0.33948562120349	0.747561616949509	-1.50664324273924	0.160807923532926	0.352948131874834	-5.35806139778847
4140	-0.235274321981332	1.7068738301203	-1.50642925803869	0.160862056797025	0.352948131874834	-5.35834372040765
535	-0.224407208139648	1.72766976611195	-1.50573308700649	0.161038281202112	0.35317461670708	-5.35926204221681
4640	0.227885228640136	0.774108388045715	1.50482292591774	0.161268925279019	0.353449487115024	-5.36046222901382
2088	0.820058870231706	1.92816330807299	1.50466202561576	0.16130972872054	0.353449487115024	-5.36067435234175
3068	0.269368352934533	1.14247139319129	1.50186650446044	0.162020082212158	0.354845250222916	-5.36435751287954
1816	-0.342916241864359	0.915925938276729	-1.50068543793212	0.162321006655049	0.355343452577886	-5.36591227290125
1555	0.635239075010648	2.43771278362873	1.50009990152148	0.16247037449725	0.355415346292601	-5.36668278369656
1030	0.306428760535027	1.80117441191147	1.49997255509004	0.16250287572767	0.355415346292601	-5.36685033402947
3771	-0.356043105078033	2.19620810404049	-1.4993262553737	0.162667910202448	0.355415346292601	-5.36770053282213
350	-0.226852298126409	1.18204245176631	-1.49912664461503	0.162718910598369	0.355415346292601	-5.36796307054033
3699	0.221962400248353	1.40238622294105	1.49911782576766	0.162721164125281	0.355415346292601	-5.36797466899621
1930	-0.393665367499642	1.49623821649417	-1.49851854347231	0.162874365008655	0.355589430465647	-5.36876273599485
1957	0.328922629695378	0.536900939826867	1.49784365984346	0.163047041603083	0.355805858040468	-5.36964997741825
3844	0.395717097907923	2.13344692410841	1.49716162174264	0.163221709142035	0.356026433196197	-5.37054636319187
2975	0.595627902560071	2.79163622877137	1.49560790571304	0.163620212869298	0.356544545699659	-5.3725873919369
4748	-0.389084222877585	0.918272714638082	-1.49548643569272	0.163651403341673	0.356544545699659	-5.37274690267602
3371	-0.237260098953595	1.90272499342722	-1.49537380027491	0.163680329888165	0.356544545699659	-5.37289480462268
1503	-0.259133440189339	1.48361554925842	-1.49492893230261	0.163794622063829	0.356632934988661	-5.37347889206708
294	-0.340265234685373	0.969813561597433	-1.4937158941041	0.164106616383218	0.356957971815207	-5.37507097579206
1486	0.521475991771986	1.99263322539008	1.49364897144235	0.164123843837464	0.356957971815207	-5.37515878592502
734	-0.347439282877907	0.643627670232702	-1.49348814141909	0.164165251609929	0.356957971815207	-5.37536980280104
1613	0.251375568689669	1.18937503750841	1.49310017692319	0.16426517514352	0.357014787665926	-5.37587877089175
3084	0.29225224553626	0.777020408825485	1.49248313107541	0.164424208464427	0.357199964324605	-5.37668809347799
1599	0.530458086501648	1.98363188536346	1.49172069967685	0.164620895678672	0.357466738462037	-5.37768780662319
4480	0.329095224707617	2.56832995676506	1.49076662207641	0.164867307997294	0.357841200579143	-5.37893834466793
1979	0.438499687716645	1.94401550716925	1.48903229200758	0.165316051823958	0.358654286423458	-5.38121025808812
3996	0.570487223667091	2.79381233026835	1.48785847125653	0.165620364702682	0.359153439906579	-5.38274695231537
3162	0.359379834990353	0.754755434698767	1.48722848537656	0.165783887172448	0.359346974077198	-5.3835713676656
3812	0.207659875691772	1.67640604957989	1.4865210079998	0.165967689332155	0.359549289434575	-5.3844969207125
2955	-0.584656217574096	0.8127694404558	-1.48624846193257	0.166038543386909	0.359549289434575	-5.38485340133087
1949	-0.365347465680998	1.09455789303979	-1.48601146000763	0.166100178149292	0.359549289434575	-5.38516335702939
3638	0.320230133424343	1.6713377166909	1.48464379553039	0.16645623781656	0.360158890231001	-5.38695138888354
412	0.301324974879543	1.85651671391276	1.48432750698041	0.166538674208941	0.360176176049557	-5.38736474029991
1617	0.333498838825843	1.77121118910391	1.4839646138779	0.166633300700887	0.360219798387352	-5.38783892790612
1316	0.398672123423545	1.42834087279914	1.48196309133722	0.167156040369723	0.361188442746191	-5.39045293806889
2886	0.574784079488013	2.01760612156111	1.48157300544123	0.167258083453493	0.361247592744642	-5.39096212758932
3869	0.291678031896376	1.50840665184629	1.48033642281518	0.167581916623926	0.361774665303015	-5.39257569581998
4914	-0.277630805085079	0.71332884381672	-1.48007031691041	0.167651674164812	0.361774665303015	-5.3929228124177
529	0.224097963625466	2.14304277008843	1.4797518121887	0.167735200433104	0.361793535307783	-5.39333822623995
743	0.337997166455464	0.681657682102628	1.4792919741835	0.167855853705446	0.361892433256216	-5.39393787315646
4268	-0.424844381279973	3.62827716401894	-1.47817857357407	0.16814829890774	0.362261795275231	-5.39538928895653
1407	0.368988810966168	0.89022738086788	1.4780696545451	0.168176931002102	0.362261795275231	-5.39553123629293
741	0.514335480747258	1.07969999958767	1.47741211158781	0.168349871573013	0.362316910369292	-5.39638802603152
4575	-0.285399053744921	1.19909415599689	-1.477402892642	0.168352297335711	0.362316910369292	-5.39640003671012
4092	0.325508045604473	3.06288543215663	1.47577452679143	0.168781236978177	0.362931487674168	-5.39852074694062
368	-0.340143977440578	2.11354715809911	-1.47547648139484	0.168859848748174	0.362931487674168	-5.39890874269464
274	-0.323994424173758	2.39812021649888	-1.47546486169432	0.168862914170019	0.362931487674168	-5.39892386819538
3986	0.515585201273062	2.18212485195876	1.47505504049245	0.168971060660664	0.36300266051345	-5.39945728756165
586	0.313498187089841	1.49641040596604	1.47280436629646	0.169566044286299	0.364119184312966	-5.40238501894809
2190	0.617556169468532	1.87586976798719	1.47231688936412	0.169695149187994	0.364234752338738	-5.4030187559313
4302	-0.511659871895822	0.86552824658293	-1.4718805820428	0.169810773651566	0.364321296197905	-5.40358585434355
1310	0.395387204250549	1.35654174911682	1.4714171230603	0.169933667478287	0.364423352508844	-5.40418812325637
1831	0.335360059308514	1.29058812625118	1.47071512058806	0.170119960288735	0.364661217490872	-5.40510014521102
1347	-0.321071780746779	0.433134510533811	-1.46837025404892	0.170743495077577	0.365835708230875	-5.40814446497895
3905	0.528913297510252	1.9060270475104	1.46761519588498	0.170944692608378	0.365854817121855	-5.4091240731109
1137	-0.878461913713839	5.98220357352961	-1.46748795613439	0.170978617699022	0.365854817121855	-5.40928912071938
2037	-0.405591388593475	1.46397880822204	-1.46741293885535	0.170998621760867	0.365854817121855	-5.40938642414185
760	0.180936951691201	1.49449238407048	1.46720193766413	0.171054897959826	0.365854817121855	-5.40966009211001
1353	-0.246229154945116	0.581744003281525	-1.46564875533536	0.171469636096049	0.366579805317138	-5.41167377103494
3857	0.21098170741613	1.58765965694861	1.46451355877952	0.171773306058119	0.367066808617129	-5.41314465192569
4647	0.311025596511492	0.962685310224118	1.46361707274281	0.172013445161533	0.3674176811	-5.41430570524687
4874	-0.218939392743217	0.519555310584156	-1.46267990341061	0.172264789100325	0.367792166666978	-5.41551894869287
4378	0.429649027791372	2.29584527817489	1.46177094093519	0.172508868250204	0.368059102689175	-5.41669518793026
2941	-0.483007515011893	1.02509419818248	-1.46137943856319	0.172614087550027	0.368059102689175	-5.41720166181884
1082	0.248081835996366	1.60121135956287	1.46136471581491	0.172618045473695	0.368059102689175	-5.41722070641826
4771	-0.32290398375839	1.96086736795026	-1.46047721028281	0.172856777446815	0.368405766206031	-5.4183685052796
2440	-0.440095414570009	1.44782570120181	-1.45913256703943	0.173219013810133	0.369015230653202	-5.42010663940421
1229	-0.318014837289418	0.418204084383299	-1.45789581766657	0.173552757196828	0.369563485615428	-5.42170437471886
4682	0.267963209796237	1.27236150374512	1.45734833676367	0.173700673243577	0.369694100858759	-5.42241137070663
2289	0.253284402265262	1.50630888701381	1.4571032469822	0.173766925455316	0.369694100858759	-5.42272781356913
953	-0.196399175255422	1.07296678630795	-1.45608411762907	0.174042646224394	0.370117943926865	-5.42404326586295
3601	0.31257892500051	1.77792822009802	1.45520451103946	0.174280920191666	0.370461815416205	-5.42517813919517
4223	0.441571808996969	1.95362772089622	1.45417661616591	0.174559716534634	0.370544528318346	-5.42650376102058
2355	0.612266253973641	4.02579190267286	1.45415449747556	0.174565719979785	0.370544528318346	-5.42653227952808
2518	0.368786859489229	2.08105877541041	1.45394011064636	0.17462391789538	0.370544528318346	-5.42680868214326
291	-0.535865563728677	2.40141991833338	-1.45393172880306	0.174626193585331	0.370544528318346	-5.42681948805956
3893	0.426837355543166	2.00247787345526	1.45206247016237	0.175134334576689	0.371459846857528	-5.42922831724853
1954	-0.233093977393964	1.86752693858674	-1.45155809887402	0.175271659370803	0.37158820685186	-5.42987792658005
3941	-0.494804638144865	3.5798428251294	-1.4509060382764	0.175449331615657	0.371678495366549	-5.43071753225394
2493	0.448764695060522	1.79834321444656	1.45083793719556	0.175467896531046	0.371678495366549	-5.43080520610303
4032	0.2061552377777	2.16579511522688	1.45054813602333	0.175546917462043	0.371683028828169	-5.43117826786676
828	0.733870248795718	4.39512246349296	1.45026669348796	0.175623688280528	0.371683028828169	-5.4315405223012
1776	0.186245047444826	1.07871982579231	1.44992068504833	0.175718110393659	0.371720252769796	-5.43198581794535
3209	0.352161570389218	0.771605296948091	1.44760588997866	0.176350908532554	0.372848839586257	-5.43496303249689
4750	0.30852966857608	1.40240799294536	1.44728229830195	0.176439523784299	0.372848839586257	-5.43537897433638
4482	0.304737001063127	0.914426237833563	1.44712427672599	0.176482811627228	0.372848839586257	-5.43558207143388
952	0.573718609693619	3.08457055036827	1.44592972557241	0.176810335536662	0.373056300967175	-5.43711689111949
4513	0.370735490298796	1.29822637732938	1.44573046296875	0.176865020059186	0.373056300967175	-5.43737283189391
3264	0.707184935808587	2.06899505019672	1.4457196604428	0.176867985056297	0.373056300967175	-5.43738670641646
4369	0.242660670898103	0.707478941029439	1.44564146424095	0.176889449032389	0.373056300967175	-5.43748713781502
3366	0.293181901791841	2.08409075186237	1.44486811181116	0.177101845125168	0.37334149312225	-5.43848019976036
1021	0.339834230347594	1.9705494856366	1.44336194085319	0.177516128729191	0.374051842679367	-5.4404132604047
3006	0.381064064917022	1.78789846160174	1.44104433723132	0.178155215155974	0.375005361109306	-5.4433851160366
3998	0.587314559992669	3.20769546358687	1.44093381533725	0.178185740788333	0.375005361109306	-5.44352675848862
3981	0.447810057748215	1.80017465555674	1.44087790963167	0.178201183379557	0.375005361109306	-5.44359840326789
3457	-0.336946971533901	0.895210200560682	-1.44027943926328	0.178366567651253	0.375134466327691	-5.44436524436559
2985	-0.573688495049071	2.13502861285268	-1.44009482210422	0.178417612033902	0.375134466327691	-5.44460175798375
570	-0.278687920138846	2.45261110732018	-1.43924389234826	0.178653044431843	0.37546630276336	-5.44569162557541
3761	0.334120713637914	1.62965177295087	1.43836285099615	0.17889708652014	0.375815937726634	-5.44681960747602
429	0.288557390179951	0.860574256996135	1.43723924086476	0.179208729856903	0.376307220072786	-5.44825747749014
1013	0.427901970072392	2.85572475444581	1.43454400733055	0.179958159660823	0.37759747083591	-5.45170347605136
4413	0.305735889362271	1.06778750060567	1.43424401582343	0.180041739082142	0.37759747083591	-5.45208676374748
3829	-0.2211964943798	0.672696660866481	-1.43414984593464	0.180067982177326	0.37759747083591	-5.45220706996788
4199	0.194279506191869	1.4697014478355	1.43390805542933	0.180135378811344	0.37759747083591	-5.45251594390017
3994	0.277084371754064	2.45378104153157	1.43253252358153	0.180519202277887	0.378238155314169	-5.4542724465945
1474	0.889373394386718	2.49681145906768	1.43118332390993	0.180896352895756	0.378864309657865	-5.45599422796237
2890	-0.532927235144478	1.89024496431534	-1.43083557985725	0.18099366847721	0.378904096967868	-5.45643782549316
4393	0.494475265723965	2.08904372300153	1.42965712955592	0.181323786471243	0.379431003005135	-5.45794057113547
365	-0.342107556272415	0.639127834145617	-1.42804829108813	0.18177529384165	0.38007347818936	-5.45999080222757
3899	0.157533141311605	1.11008082026904	1.42800329691424	0.18178793479334	0.38007347818936	-5.46004811851184
379	-0.224982766875223	2.23422095359259	-1.42739325636514	0.181959397135817	0.380267629953816	-5.46082510524131
4407	0.58120300370999	2.50555722804017	1.42609000046934	0.18232615928651	0.380869584899885	-5.46248426871571
2598	0.308878070214171	1.48003990882431	1.42533618059353	0.182538585334502	0.381148759537472	-5.46344348537248
2040	-0.240469465750721	0.515907846662486	-1.424913633856	0.182657750567759	0.381233044541337	-5.46398101630499
3378	-0.44991500491693	2.14170063901494	-1.42247350543679	0.183347198626801	0.382507006018311	-5.46708306011133
520	0.171926101879686	1.73931440584495	1.42164169826435	0.183582725817222	0.382726061269864	-5.46813968760647
284	-0.215331712338699	1.13158158567535	-1.42154396796901	0.1836104150904	0.382726061269864	-5.46826380506354
993	0.498874492876887	3.15263894799554	1.41942869216434	0.18421058973001	0.383811728300512	-5.470948795942
4833	-0.456482645119906	1.4965787355434	-1.41906450582516	0.184314089087416	0.38386205897758	-5.47141079795338
505	-0.271457077147699	2.74207506920931	-1.41870317260719	0.184416826269344	0.383910759677748	-5.47186910151001
568	0.299501805557813	1.24559768108876	1.41698544857691	0.184905886816154	0.384658222542922	-5.47404673080871
3573	0.401034242584438	1.68110443615497	1.41688368157424	0.184934895749243	0.384658222542922	-5.47417568913318
1504	-0.248446148959656	1.51178875896472	-1.4146737851541	0.185565782662396	0.385804579510388	-5.47697450857179
2867	0.299618672905375	0.412156796372435	1.41401535193114	0.185754105565097	0.386030224537774	-5.47780783889703
664	-0.258773605898555	1.56824427960925	-1.41257614901969	0.186166304484396	0.386720730397383	-5.47962841787961
1734	-0.395820269118987	0.60936345508922	-1.41137713389902	0.186510302031143	0.38716721070276	-5.4811442029861
1858	-0.195313308322613	0.543096833231068	-1.41126921095583	0.186541291473364	0.38716721070276	-5.48128059552016
2104	0.233844745157877	1.19979034924125	1.4107457320117	0.186691667146435	0.387313158513916	-5.48194206560541
4780	-0.362488981555582	2.36077308887416	-1.40938323677036	0.187083540785402	0.387959781534409	-5.48366294009464
2540	-0.227090212086335	1.64601512889517	-1.40887263246563	0.187230576987882	0.388098342531009	-5.4843075589674
1053	0.279497012876752	1.79186281349553	1.4084509843089	0.187352070502988	0.38818386171026	-5.48483975456554
3948	0.652997586805714	3.31849614224634	1.40781737780329	0.187534762805891	0.388396054133091	-5.48563927633679
663	-0.256023883695134	1.4406823217204	-1.40623677270657	0.187991165819259	0.389174694152149	-5.48763271156858
1833	0.307165809300122	1.3627803522454	1.40316032439612	0.188882185262444	0.390667560595924	-5.49150831655549
354	0.305846036967833	0.83238200776614	1.40312397720913	0.188892733611626	0.390667560595924	-5.49155407099207
3309	0.560382827966524	3.16281014089109	1.4028067692766	0.188984811897145	0.390667560595924	-5.49195334331022
3299	0.360358175523942	0.71103250695974	1.40247495333614	0.189081171065603	0.390667560595924	-5.49237093708562
1675	0.275060227395601	1.22041946191855	1.40235489809346	0.189116045249205	0.390667560595924	-5.49252201127359
3755	-0.285763310622931	1.45191300473556	-1.4018494981845	0.189262915561323	0.390791365039751	-5.49315789592561
806	0.300021342205052	2.29576956991512	1.40159287428997	0.189337527832405	0.390791365039751	-5.49348071551896
4091	0.40902746455366	2.66853719082927	1.39966423678633	0.189899064613696	0.391633097914027	-5.495905552928
1167	-0.472025337472983	3.02540948241231	-1.39963617877342	0.189907244255127	0.391633097914027	-5.49594081290792
3999	0.39829956200341	3.06354698595096	1.39895820059752	0.190104982833066	0.391774202698323	-5.49679266882461
133	0.417457079391262	1.89859206954841	1.39884634016868	0.190137624624982	0.391774202698323	-5.49693319048993
1845	-0.165814314089913	1.19359152865758	-1.39734919523599	0.190574958539295	0.392508152155432	-5.4988132004532
875	-0.298098896206854	3.1078507361941	-1.39697224665549	0.190685203144482	0.392568090558725	-5.49928632952785
4730	0.198395584193495	1.33875686733839	1.39608006083589	0.190946351084547	0.392791420985437	-5.50040581400644
817	0.520692562281277	3.65559007665129	1.39604690837477	0.190956060801519	0.392791420985437	-5.50044740317292
3961	0.291413913785369	1.09633936335197	1.39559378505313	0.191088813566036	0.392897441577766	-5.50101577057569
3584	0.209587654351446	1.68114769467566	1.39454194428956	0.191397273727311	0.393364490353752	-5.50233464258288
2881	0.234770909538251	0.399487368054896	1.39372344786097	0.191637593764984	0.393691158656048	-5.50336046049
4798	-0.320009463921194	2.27764753865853	-1.39344105630138	0.191720566093921	0.393694439203052	-5.50371428495631
3252	0.357628429692228	1.74476179322715	1.39251905778748	0.191991678308921	0.394028893565567	-5.50486916770469
4600	-0.437755132614236	1.03450661720073	-1.39233334045322	0.192046327207029	0.394028893565567	-5.50510173137581
3716	-0.340286044687284	1.98770045006546	-1.3908146027175	0.192493719822089	0.394779405044199	-5.50700276628199
43	-0.443973553242551	4.33222056840312	-1.39012052151326	0.192698475175411	0.395003366925258	-5.50787108843755
2848	0.395992633985969	1.716860439263	1.3898910322572	0.192766215235745	0.395003366925258	-5.50815812291071
2070	-0.306709888935775	1.54402054165718	-1.38747016330463	0.193482021289417	0.396302294241406	-5.51118405238979
1225	0.75085868607227	4.16737721618665	1.38501421449362	0.194210480362287	0.397626027927527	-5.51425012712949
1658	0.263301543644203	1.53201574197961	1.38391559287564	0.194537087291691	0.39812623871286	-5.51562046787595
3034	0.430666110118566	1.98444270091088	1.38155988459874	0.195238965124917	0.399393705401415	-5.51855628394742
1506	0.197401641497016	2.22704282564903	1.38121587427736	0.195341639766204	0.399434849192262	-5.51898472068593
4710	-0.293167956996834	2.06402659134799	-1.37945048770728	0.195869256606395	0.400166620869368	-5.52118220819173
2559	-0.206645864443475	0.745480670574655	-1.37926468105141	0.195924857630312	0.400166620869368	-5.52141338067658
2284	-0.238034395421316	1.86200278057381	-1.37918853067917	0.195947648788659	0.400166620869368	-5.5215081174212
401	-0.335381125172986	1.85198870319464	-1.37848042036795	0.196159686621437	0.400334076457689	-5.52238888667284
4512	-0.187761735463153	1.43426345593404	-1.37836207926571	0.196195141645552	0.400334076457689	-5.52253605251264
3056	-0.589820168718197	1.48544286141442	-1.37724606987511	0.196529762569532	0.400796584785526	-5.52392346306632
3960	0.298814410472289	1.0535447265434	1.37700967444108	0.196600704016418	0.400796584785526	-5.52421724766581
3439	0.321243464436118	2.13111045561251	1.37677770735374	0.196670337387524	0.400796584785526	-5.52450549500011
186	0.511062088076176	2.5664184764873	1.37610569373435	0.196872183403394	0.401038999286576	-5.52534036432035
295	-0.165505631861872	2.05144763682574	-1.37563795547594	0.197012775672334	0.401154352190505	-5.52592128796183
2388	-0.504895653498388	2.70054017069243	-1.3753657103071	0.197094645547092	0.401154352190505	-5.52625934937869
2123	-0.369642996670739	1.05782765860751	-1.37479747937561	0.1972656163961	0.401333495426549	-5.52696480313827
4589	0.177927478801449	1.39333978074272	1.37205981820827	0.198091072506736	0.402843467334002	-5.53036075864334
4643	-0.183425014529469	1.50473587697239	-1.37164676010579	0.198215867888366	0.402927886068872	-5.53087273323157
2854	0.318364956671087	0.71407701498175	1.37005183758616	0.198698352131903	0.403702805687114	-5.53284859492593
2021	-0.303125569290236	1.38637545551224	-1.36983518092765	0.198763969232473	0.403702805687114	-5.53311687599121
2099	-0.160225683680014	1.09860861867898	-1.36912347048265	0.198979646935807	0.40397126809712	-5.53399796392582
805	0.219656857133204	2.35747426264009	1.36822908696428	0.199250959567212	0.404352408719031	-5.53510474821219
1536	-0.151467539144409	0.362239702425597	-1.36665366213215	0.19972961923293	0.405153835576065	-5.5370530883085
4672	-0.484169798815886	2.30771991016253	-1.36596871357932	0.19993802592838	0.405357495895756	-5.53789968319495
924	0.600895746394764	3.04267174669185	1.36577305861401	0.199997590471924	0.405357495895756	-5.53814145814521
2984	-0.922983523825857	2.73971695934192	-1.36466225612162	0.200336040514737	0.4058734355152	-5.53951364377262
2801	0.1843396866471	1.51748458856711	1.36273869526403	0.200923260917559	0.406878488137132	-5.54188800114136
1287	0.413865360766924	1.85636980127447	1.36248659489577	0.201000327955301	0.406878488137132	-5.54219900978041
4814	-0.237467272467472	1.85076847580006	-1.36126942598721	0.201372763473448	0.407461911202235	-5.54370003064647
3528	-0.349781070404963	0.804548401391563	-1.35909043751207	0.202040939446164	0.408643003779491	-5.54638483868942
303	-0.180559609798995	1.3318265448269	-1.3586899609225	0.202163944528252	0.408720920864055	-5.54687795363534
1230	0.308524757737033	1.38301898620967	1.35714153572821	0.202640125864903	0.409512501643442	-5.54878360677959
148	-0.179774078256733	1.59589482697349	-1.35635424114447	0.20288259787808	0.409831318803404	-5.54975195154262
4594	0.186470308462531	1.37419205485323	1.35577141353481	0.203062253587087	0.409863580728896	-5.55046855622521
3245	0.633195203972521	1.90608737637631	1.35575276573989	0.203068003928723	0.409863580728896	-5.55049148071642
1808	-0.341178201512077	1.47188315806718	-1.35485174324669	0.203346010109263	0.410253543331365	-5.55159888165094
160	0.407898792974733	1.05568341752692	1.35397859852407	0.203615717134241	0.410575823790322	-5.55267152831432
4209	-0.230861679341194	1.69727903818106	-1.35378525041291	0.20367548100388	0.410575823790322	-5.552908988487
2122	0.344666419236881	1.14496182423038	1.35320727547827	0.203854220064349	0.410764979871437	-5.55361868600963
3585	0.189230295955762	1.64677984105927	1.35194308141426	0.204245628007017	0.411382326518713	-5.55517025509878
102	0.610613543018066	2.92347948252461	1.35025084012116	0.204770542769808	0.41226795086156	-5.55724558473115
249	-0.166163319272304	1.13747651848484	-1.3494811977933	0.20500964846488	0.412577653607774	-5.55818885543228
1279	-0.309281611898391	0.3372298643319	-1.34835625443476	0.205359553692802	0.413109987844397	-5.55956690317459
2188	0.541954873976604	2.45144759209193	1.34750273861597	0.205625364613587	0.413472782211361	-5.56061191608635
3060	-0.55135167653328	1.35334485479595	-1.34701822205548	0.205776385114039	0.413561446256758	-5.56120493340488
575	0.365813496885072	1.86117989692137	1.34656510919849	0.205917700709449	0.413561446256758	-5.5617593790944
4283	0.559263347542229	4.65235986867031	1.34653881387235	0.205925904099324	0.413561446256758	-5.56179155100868
9	-0.158433265069106	1.61967748118859	-1.34585320252335	0.20613989111686	0.413819416275256	-5.56263022985924
48	0.634886446385121	3.55262159695035	1.34405538037924	0.206701889236906	0.414636338301532	-5.56482800262937
1207	0.403356125523931	1.92728906936254	1.34400313349802	0.206718240591834	0.414636338301532	-5.56489184167348
333	0.256809091110786	0.69940130273634	1.34308249873627	0.207006541739814	0.415042539965695	-5.56601645388031
2699	-0.466350891156311	2.78450845292314	-1.34229519385025	0.207253354766614	0.415365256984622	-5.56697776526782
2202	0.426695370135663	0.925997911826419	1.34162743540033	0.207462882479151	0.415508177325219	-5.56779279761617
4606	0.174966898820961	1.40386160903069	1.34137886582557	0.207540922961337	0.415508177325219	-5.56809611618929
1572	0.249084553521456	1.05631210477821	1.3412470418148	0.207582320089924	0.415508177325219	-5.56825695919856
3208	0.278583327932373	0.571509873275714	1.34092736432463	0.207682737925137	0.415537256444091	-5.56864696245963
4222	0.220277253982475	1.29052183691288	1.34041434432774	0.207843973208514	0.415687946417027	-5.56927270470874
1623	-0.546003614973836	0.807677786807498	-1.3398418466849	0.208024024122017	0.415876127562942	-5.56997079399669
705	0.449611154130641	1.11482745015342	1.33879029654261	0.208355074481726	0.416365902661128	-5.57125248018044
3269	0.213311813716846	1.26963550069979	1.33804327001003	0.208590519691007	0.416664299861723	-5.57216256533943
1805	0.474462121299174	2.01917087859047	1.33776355681629	0.208678735466572	0.416668477997225	-5.57250324124497
4709	-0.308582973108136	1.03120709620622	-1.33666875117226	0.209024312107474	0.417176392444562	-5.57383617329209
2806	-0.324797553021029	0.693564829720197	-1.33641153700338	0.209105570830522	0.417176392444562	-5.57414922122738
330	-0.158222563245846	1.21557273848955	-1.33570650455137	0.209328437891454	0.417308697605805	-5.57500707771083
3596	0.456221980818906	1.67908178911994	1.33565603159833	0.20934440039051	0.417308697605805	-5.57506847900197
4708	-0.245264882541187	1.91290384475473	-1.33515479634927	0.209502975034631	0.417450841236435	-5.57567815208184
2059	0.274149981986535	1.76137418051345	1.33476658962527	0.209625859480737	0.417450841236435	-5.57615023279164
58	0.566877391950157	2.75433505122544	1.33442471737292	0.209734126476604	0.417450841236435	-5.57656588788928
80	-0.249944399870935	2.12227419799832	-1.33434035380974	0.209760850567543	0.417450841236435	-5.5766684472126
4897	0.175084039632622	1.32864054091959	1.33386848375462	0.209910378228495	0.417576648795008	-5.57724200694004
4900	0.197321901147753	1.46860060274608	1.33337139825249	0.210067991711442	0.417718431524848	-5.57784606097256
166	0.590424887756315	2.12705516952537	1.33247784362966	0.210351562135236	0.418110459166093	-5.57893150039139
1234	0.311964382286968	1.34446594718775	1.33204670715874	0.210488497017002	0.41815844129936	-5.57945503634354
3906	0.459227143650159	1.55247292237489	1.33185765409339	0.210548566144117	0.41815844129936	-5.57968456870204
4854	0.407162069530061	1.24179709278039	1.33008984062528	0.21111095258771	0.419103319088773	-5.58182978285241
1339	0.263451979027717	1.92137030629316	1.32972271572746	0.21122790008527	0.419109417796454	-5.58227503008668
4662	-0.297704082340746	0.940094297106274	-1.32953636690454	0.211287281935831	0.419109417796454	-5.58250099967668
1744	0.260516729115594	1.09203925477404	1.32902848931264	0.211449192139754	0.419258685070546	-5.58311674628011
3874	0.522147489734647	2.1146117552891	1.32733688684861	0.211989211342656	0.420071832323033	-5.58516642785737
3310	0.704506100654422	4.57633333560312	1.32713705629814	0.212053079547241	0.420071832323033	-5.58540843631003
4132	-0.325155400949374	1.39336456858712	-1.32692842332474	0.212119778082921	0.420071832323033	-5.58566107750659
238	-0.228238597821218	1.04761820708452	-1.32624810945961	0.212337390255118	0.420330725881448	-5.58648469825605
3426	0.200987170103541	1.24230578956844	1.32573365755515	0.212502070608131	0.420332837939269	-5.58710731939048
234	-0.581882268961868	1.96864124248571	-1.32570196142114	0.212512220256191	0.420332837939269	-5.58714567437887
3833	0.181293721868446	2.07638075776912	1.32529326671156	0.212643127228163	0.420419881295405	-5.58764017101346
4315	-0.240825304792142	0.721500136246139	-1.32323739576748	0.213302643876289	0.42155154864113	-5.59012601085094
1763	-0.220627591229509	0.754875703034528	-1.32052101992512	0.214176637639731	0.423055303775193	-5.59340628473927
3059	-0.334458580407416	1.22827972642018	-1.31997847665717	0.214351554507595	0.423055303775193	-5.5940608806806
3296	0.16729117681043	1.12326190897904	1.31985297218116	0.214392034144068	0.423055303775193	-5.5942122785872
1787	0.263148395430315	1.97008039576705	1.31978700851599	0.214413312289536	0.423055303775193	-5.59429184742106
509	-0.387076357467116	0.770483200268697	-1.31842012112759	0.214854626458827	0.423753233920834	-5.59594002087339
51	0.407049895282245	1.95129930246028	1.31771246194291	0.215083395905946	0.424031568619791	-5.59679282793895
1722	-0.638545140191594	1.51089506995843	-1.31549594598071	0.215801242872332	0.425273487990364	-5.59946185901842
3872	0.253837102556634	1.42275788285799	1.31431636811538	0.216184068372103	0.42575020083581	-5.60088094680429
1960	-0.164062225789183	1.14565427806655	-1.31420836193458	0.216219149122279	0.42575020083581	-5.60101083788444
3846	0.157648325273951	1.28375679237458	1.31095167581654	0.21727913484596	0.427663325624391	-5.60492382939879
2594	0.341158572810578	1.59742159538181	1.31052955450088	0.217416839408991	0.427760337153598	-5.60543051039501
977	-0.17850918051216	1.12876507557157	-1.30981764780873	0.217649240524624	0.428043506365093	-5.60628476213966
2853	0.380219519376173	0.72208244770687	1.30865903575249	0.218027904983268	0.428613979808634	-5.60767432666808
2366	-0.255177094787316	1.00401560024083	-1.30827979947496	0.218151966861819	0.428683678179319	-5.60812896677559
14	-0.291446358651028	1.80328043569138	-1.30776777442404	0.218319560828895	0.428714455837541	-5.60874264829698
1557	0.390994938137777	2.11757639517902	1.30769051820521	0.218344857210356	0.428714455837541	-5.60883522786447
4852	-0.280144468091335	0.929001670236893	-1.30716073613051	0.218518391271251	0.428881126559964	-5.60946998366091
3765	-0.262656777994368	2.21211971659054	-1.30685915240331	0.21861722789368	0.428901114578113	-5.60983124233453
2894	-0.373523118046745	2.85486769175048	-1.30645879476493	0.21874849199021	0.428984679468437	-5.61031072712486
1926	-0.415961073873548	0.967305109741019	-1.30392126889553	0.219581970104688	0.430444720975073	-5.61334732010696
4599	0.282493164656413	1.13689978378135	1.30361080629048	0.219684123795014	0.430470551203028	-5.61371855174135
4326	-0.31088848217859	1.70106848235683	-1.30095867881233	0.220558363215522	0.431988046110689	-5.61688720843672
54	0.49156284653667	2.18136878166781	1.30072013579346	0.220637135580718	0.431988046110689	-5.61717198266314
3262	0.256944335917156	1.89716395566459	1.29877807685182	0.221279307117306	0.433070100256282	-5.61948902651386
4749	0.338862946949923	1.41576093231994	1.2955218399513	0.222359470210251	0.434953973462902	-5.6233683991371
2311	0.299037584864671	0.799342274497042	1.29507165018522	0.222509147117145	0.434953973462902	-5.62390418760665
2345	-0.275467235178806	0.897440829406332	-1.29506429728105	0.222511592459835	0.434953973462902	-5.62391293747048
4608	-0.428487343747152	0.889504200676938	-1.29444629894017	0.222717197792193	0.435180049644035	-5.6246482195956
4081	-0.269118604696559	1.4609467580466	-1.29399370921843	0.222867871082363	0.435298651714362	-5.62518654111634
2378	-0.380943636403851	1.45226465377195	-1.29355293173301	0.223014692139247	0.435409637033769	-5.62571068220385
4734	-0.163623894966336	1.21118346000484	-1.29122727620905	0.223790669479179	0.436748390052548	-5.62847404900765
4694	0.252726749629847	2.22000093751938	1.29077408121784	0.223942139271498	0.436778953632725	-5.62901212121887
4574	-0.180768869774395	0.814398445224981	-1.29064022953562	0.223986892096484	0.436778953632725	-5.62917101535622
2270	0.229849721072349	0.796545492431368	1.2895387965814	0.224355430067239	0.437310651014087	-5.63047806389738
3685	0.262559011561883	2.77037590246273	1.28894097099782	0.224555669233713	0.437310651014087	-5.63118715346172
2632	0.260551380862373	1.05601225961565	1.28867911633842	0.224643422360656	0.437310651014087	-5.63149766809015
3238	-0.1889426194547	0.457768715669355	-1.28852871879168	0.224693836487528	0.437310651014087	-5.63167599308286
510	-0.239202124098738	1.05153579366865	-1.28847600524626	0.2247115085616	0.437310651014087	-5.63173849148367
4273	-0.665760045062009	6.29446379411028	-1.28793588305506	0.224892648547332	0.437487186840367	-5.63237876617518
357	-0.155729507248288	1.18203035806746	-1.28676440157131	0.225285936741163	0.43787344206627	-5.63376680196176
4524	0.392943797234292	0.627071831638286	1.28670082229579	0.225307297559603	0.43787344206627	-5.63384210800232
779	0.328178764377961	0.749493244524782	1.28653007415603	0.225364672242161	0.43787344206627	-5.63404433612763
3355	0.302329887600978	4.05700472233166	1.28626658357339	0.225453233606259	0.43787344206627	-5.63435636698417
2814	0.298390923429655	1.02102672011295	1.2859661783514	0.225554236971339	0.437893819609686	-5.63471205637208
450	-0.289401013783907	0.547989749400667	-1.28420303561714	0.226147792753273	0.438870044661186	-5.63679845893959
4335	0.356778562162743	2.6904073364712	1.28387887625863	0.22625705854172	0.438906034171949	-5.63718182459191
4287	0.449175301581171	4.11887802803391	1.28323654966706	0.226473697644838	0.439150200082456	-5.6379412617995
1338	0.192877236135517	1.51443586720275	1.28230064042355	0.226789657160877	0.439554542899974	-5.63904731437077
4123	-0.21847885977513	0.790327170124396	-1.28191447019445	0.226920131602451	0.439554542899974	-5.6395035174578
584	-0.289546179239408	1.07117260002776	-1.28181193666898	0.226954784655671	0.439554542899974	-5.63962462890066
3212	0.216751450489898	0.532933504470608	1.28144137177718	0.2270800597427	0.439621180086108	-5.64006227727256
2759	-0.286584175338146	0.951710247194052	-1.28015041683685	0.227516927304915	0.440290757720472	-5.64158621575855
1422	0.152080732835143	0.843738747899362	1.27817820182985	0.228185660850699	0.441400069273398	-5.64391220642469
1333	-0.314936782680565	0.356514046163277	-1.2778110727914	0.228310322721754	0.441400069273398	-5.64434490285207
3745	0.389423998651077	2.84234677682081	1.27765344433903	0.228363863867573	0.441400069273398	-5.64453065517785
1394	-0.232388333142368	0.683195418764274	-1.27729083548275	0.228487068885005	0.441461836767434	-5.64495789691047
297	-0.510545106006463	2.17542518270092	-1.27685202545313	0.228636237494876	0.441573699401282	-5.64547480410342
2774	0.470082084527482	1.48378310554048	1.27657930382095	0.228728986165842	0.4415765503074	-5.64579599814116
2762	0.219936868337162	1.87475391774569	1.27629071163673	0.228827165556918	0.4415898791242	-5.64613582905972
3249	0.438665751432521	2.06466851989234	1.27433256078921	0.229494237635421	0.442700606730528	-5.64844016477458
446	0.286795877581219	2.2054389515668	1.27240657247263	0.230151896566162	0.443792297962174	-5.65070413392167
1585	-0.268058619608371	0.480534518216062	-1.27170778773968	0.230390886373916	0.44407613875578	-5.65152492641081
2352	0.320179588659385	3.37349133552066	1.27128328617193	0.230536167749403	0.444179203333975	-5.65202338512432
1844	-0.16559795348746	1.40672045187721	-1.27097481384823	0.230641786027014	0.444205796496296	-5.6523855235776
2962	0.728768834221404	2.26164451344965	1.26830666872268	0.231556978961691	0.445746299242427	-5.65551517507261
3523	0.362267311246749	2.54739709636847	1.26801523976921	0.231657119728739	0.445746299242427	-5.65585672079098
1813	-0.160687385314335	1.31513092514152	-1.26763137494087	0.231789076992928	0.445746299242427	-5.65630651084444
2076	-0.821393021152445	3.27685274154235	-1.2675699797044	0.231810187865636	0.445746299242427	-5.65637844089847
4629	-0.189742594742708	1.56769204235274	-1.26674508341193	0.232093981586682	0.446030478884457	-5.65734463394013
4764	-0.2018553916479	1.37816845727616	-1.26640991955232	0.232209370494288	0.446030478884457	-5.65773707655407
1522	0.293272957099125	2.43021999228043	1.26609554534974	0.232317644360563	0.446030478884457	-5.65810510748186
3664	-0.33792760925211	2.35705589335306	-1.26577492327116	0.232428112286693	0.446030478884457	-5.65848038372531
114	-0.149408131137932	0.806962298361849	-1.26560496122705	0.232486688726351	0.446030478884457	-5.65867928975278
1884	0.361255154373041	1.52336105537233	1.26484847922305	0.232747551302971	0.446030478884457	-5.65956436076965
2511	-0.402940315952785	1.55826713826647	-1.26479623673855	0.232765575184206	0.446030478884457	-5.65962546926808
3696	-0.181929123404864	1.21370415315193	-1.26476267329065	0.232777155315452	0.446030478884457	-5.65966472775537
2150	-0.405378271019602	1.4840951145237	-1.26452880881318	0.232857856710351	0.446030478884457	-5.65993825311525
2721	-0.442446355804802	2.60192278911716	-1.26446492099005	0.232879906916523	0.446030478884457	-5.66001296917339
410	0.284418380888776	1.1087910810387	1.26397427332302	0.233049305257066	0.44615233979102	-5.66058668361178
4067	0.239673696127369	2.606600293755	1.26351815984567	0.233206870186915	0.44615233979102	-5.66111987078018
1886	-0.281443877904008	1.23755052879671	-1.26346673899291	0.233224639000837	0.44615233979102	-5.6611799718357
1684	-0.332358055491887	0.84430730654429	-1.26321279859397	0.233312405884928	0.44615233979102	-5.66147675285972
2395	-0.649640007051386	1.11863863314634	-1.26222124498345	0.23365536327734	0.446170621300167	-5.66263516591598
4024	-0.267327434075786	0.85493261778971	-1.26218627970305	0.233667464487464	0.446170621300167	-5.66267600299844
2766	-0.305299195646563	1.03556823143443	-1.26210568473555	0.233695359711726	0.446170621300167	-5.6627701293067
2254	0.220565116370826	1.27841820521909	1.26209804571896	0.233698003839286	0.446170621300167	-5.66277905063278
1391	-0.215877213610258	0.738424779425667	-1.26185230342407	0.233783076683738	0.446170621300167	-5.66306602286235
4296	0.450448745112291	3.62899951687708	1.26000898283559	0.23442201171859	0.447213601220244	-5.66521730217809
769	0.365935329250723	0.806951400654093	1.25973441665406	0.234517303345796	0.447219043589657	-5.66553754173758
3873	0.490527478548855	2.17453504551477	1.25819972093136	0.235050516957588	0.44805925966935	-5.66732658543975
1853	-0.178715952289666	0.999041966348053	-1.25629058187836	0.23571519718935	0.449149320205622	-5.66954989075839
2858	-0.260412264545968	1.08279628573903	-1.25560291427415	0.235954986007371	0.449429221379394	-5.6703501116533
2397	0.388984456150801	1.21776536466333	1.25492384736633	0.236191969495913	0.449703560968605	-5.67114000753966
2147	-0.273598680177133	0.821953099839404	-1.25344044824088	0.236710322008043	0.450358510168041	-5.67286441388432
2419	-0.264175306345631	1.07094679054897	-1.25340667164789	0.236722135460382	0.450358510168041	-5.67290366064392
2229	0.556966100825784	2.32474498477865	1.25222689834808	0.23713506358423	0.450916406646626	-5.67427401059355
4462	0.456369818336496	2.1876023358061	1.25186314003351	0.237262498712406	0.450916406646626	-5.67469633725908
2017	0.296884593230675	1.73898922042638	1.25177041454414	0.237294992005438	0.450916406646626	-5.67480397790729
3044	0.512277853600506	2.47488443600609	1.25074971765716	0.237652907115347	0.45141922443033	-5.67598846797368
2708	0.193521632696759	2.11188487156652	1.24983044330543	0.237975630964469	0.451854828338345	-5.67705464960136
1135	-0.644757935628927	6.349540033634	-1.24918078089501	0.238203917330529	0.452110848193448	-5.67780778407175
4434	0.243908004355722	0.887096605246	1.2486665419869	0.238384742329521	0.452149347061729	-5.67840372097388
322	-0.289686266104877	0.763528610114528	-1.24829249423332	0.238516340688052	0.452149347061729	-5.67883708042118
190	0.308744843428548	1.78344384289751	1.24808015914408	0.238591071019592	0.452149347061729	-5.67908304219234
4216	0.151332676696387	1.69812358750109	1.24806038080574	0.238598032874865	0.452149347061729	-5.67910595117483
3046	0.246857536913714	1.97570628657953	1.24700412373359	0.238970067324054	0.452613808615075	-5.68032900960814
4901	0.185099789656472	1.45018477010545	1.24681280200267	0.239037504658478	0.452613808615075	-5.68055046246441
2245	0.488765689348459	2.0544133101151	1.24656807214391	0.239123789751991	0.452613808615075	-5.68083369802639
2983	-0.643919974295648	2.67600885291305	-1.24619230233926	0.239256324900524	0.4526875634997	-5.68126851125859
3930	0.234560712439111	2.48399526355606	1.24440530669082	0.239887415163941	0.453626669386575	-5.68333496379222
3607	0.335198620601514	2.1417520744261	1.2442560368114	0.239940191599885	0.453626669386575	-5.6835074776994
3525	0.157144649399289	1.56762603702805	1.24319117299113	0.240316960715524	0.453895494503248	-5.68473771544861
1354	0.184117442878831	1.70466610196217	1.24313107144181	0.240338240003747	0.453895494503248	-5.68480712753929
1067	0.203143842179018	1.93768328531319	1.24279876160096	0.24045592357655	0.453895494503248	-5.68519087178074
3943	-0.612665897957211	3.89583810326917	-1.24235543167308	0.240612995916367	0.453895494503248	-5.68570270125626
2486	0.303031998470229	1.36151041254558	1.24223289786522	0.240656424381866	0.453895494503248	-5.68584414406656
4818	0.27816604541392	0.765665343197931	1.24179606857666	0.240811296949696	0.453895494503248	-5.68634829922277
1460	-0.302164876104966	2.79420132453736	-1.24174653067914	0.240828865085275	0.453895494503248	-5.68640546379944
878	0.572675387812587	3.54042593472856	1.2415141453242	0.240911292089216	0.453895494503248	-5.68667360381067
4292	-0.829879743491969	5.41879683199656	-1.24147056437921	0.240926752766503	0.453895494503248	-5.68672388594741
2502	-0.213281007251958	2.02682903010653	-1.24115010719865	0.241040461986466	0.453932952545941	-5.6870935777924
4175	0.225186328783867	0.834526572146547	1.23854893979165	0.241965046222605	0.455496845768467	-5.69009176510219
3030	-0.309287408725529	0.809664145771168	-1.23822535375396	0.242080264250635	0.455536491032505	-5.69046441396492
3688	-0.246593183619824	0.546555028395658	-1.23718219503879	0.242451998447205	0.455929769897261	-5.69166524626475
4547	0.374440039167751	0.783342568044157	1.23711001162291	0.242477738310387	0.455929769897261	-5.69174831239784
3195	0.48916729429847	2.7443786143479	1.23524714378915	0.243142778753753	0.457002627665368	-5.69389078878884
3413	-0.376755708467219	1.79685774176475	-1.23475272485325	0.243319531562847	0.457147185240754	-5.69445901472322
397	-0.283063239647623	0.837145135049206	-1.23450349119903	0.243408670768951	0.457147185240754	-5.69474538989171
1683	-0.351847755725279	1.14507052536532	-1.23350041743091	0.243767688794531	0.457326561194972	-5.69589750959899
266	-0.303100120998752	1.2213883267771	-1.23344155776106	0.243788768937156	0.457326561194972	-5.69596509352937
184	0.302230506178386	1.97552747038674	1.23336398211766	0.243816554301417	0.457326561194972	-5.69605416387321
521	0.169430014478583	1.7269739707051	1.23318047380886	0.243882291831961	0.457326561194972	-5.69626484675714
1917	-0.258360009425731	1.11125459274137	-1.23213072464319	0.244258613607418	0.457835818820231	-5.69746959784884
3608	-0.174803100409493	1.64327928075956	-1.23189513274186	0.244343134393104	0.457835818820231	-5.69773987134789
3240	-0.230351599484663	0.62474529405924	-1.2309219316689	0.244692528354774	0.458218764025403	-5.69885592970991
1518	0.658921547533107	2.66715102100078	1.23079832451207	0.244736933906912	0.458218764025403	-5.69899763425437
2274	0.237754943624533	1.29473995901054	1.22965183637481	0.245149115265237	0.458812928299117	-5.7003114747313
1331	-0.268551672477027	0.517390029103554	-1.22937364549653	0.245249213444427	0.458822774417687	-5.7006301353451
2250	0.285416065827676	0.648944604305326	1.22899464989016	0.24538563580685	0.458900543499629	-5.70106417867953
2682	0.479925776027625	1.48101141459221	1.2285205801599	0.245556366564589	0.459042388500572	-5.70160696474798
2483	-0.202630917638641	1.14155521027778	-1.22687909411397	0.246148265448106	0.459971150342965	-5.70348517629009
1828	-0.282621677608533	1.85643025261925	-1.22447145994741	0.247018497092248	0.461419107695868	-5.70623663151219
2624	-0.435865864763043	1.32446949958541	-1.22291923618	0.247580849597363	0.462291065361652	-5.70800837729227
253	-0.175986221546645	0.773665686245527	-1.22254933672784	0.247715011053893	0.462363126342105	-5.70843034139662
1327	-0.141260363768075	1.60805158204365	-1.22221645925865	0.247835794519677	0.462410171186347	-5.70880999087368
3119	-0.345833678448324	2.25001521848489	-1.2211902065412	0.248208463720822	0.462926965104601	-5.70997995336171
2108	-1.13954458883396	3.8163638857293	-1.21919670914832	0.248933656228272	0.464100589145425	-5.71225050315667
2534	-0.488535488141366	1.51240773030292	-1.21785398142486	0.249423067179587	0.464779691004867	-5.71377827330182
1270	0.320888352152254	2.30597168534193	1.21767037657152	0.249490049098726	0.464779691004867	-5.71398708276603
2926	-1.05883022330398	4.68962141524255	-1.21678593448749	0.249812908945475	0.465202022124021	-5.71499260692165
2408	-0.245056091210077	1.33474565645812	-1.21572525218555	0.250200544530524	0.465476895499238	-5.71619777580593
311	-0.203945853486712	1.79188783170236	-1.21555387532913	0.250263220782711	0.465476895499238	-5.71639242364328
298	-0.459276755562511	1.21069128831732	-1.21549849024162	0.250283478999017	0.465476895499238	-5.71645532497496
3148	0.185113071945428	0.554898742844287	1.2153293152615	0.250345366285452	0.465476895499238	-5.7166474451623
4858	0.193311869755454	0.93454132490979	1.21416950438399	0.250769975533455	0.466087261479392	-5.71796402030909
3	-0.174760791018023	1.75242726165929	-1.21375480360732	0.250921937927144	0.466097525156835	-5.71843454432478
4484	0.349328951644825	0.984695330413151	1.2136286512148	0.250968179626613	0.466097525156835	-5.71857765423994
3247	0.607515072922127	2.18612659257611	1.21205071155855	0.251547155249422	0.466655295953871	-5.72036675718915
1410	-0.185955757663573	0.388664315434964	-1.21173829627054	0.251661912624255	0.466655295953871	-5.72072077295654
2330	-0.41769376637277	3.94898210501445	-1.21164856382545	0.251694881153905	0.466655295953871	-5.72082244127018
4654	-0.212402084591377	0.755369363332355	-1.21163856631589	0.251698554544726	0.466655295953871	-5.72083376825974
3234	0.145424924003979	0.929047730292019	1.21120126360782	0.251859274807533	0.466655295953871	-5.72132915516252
2319	-0.298230697772717	2.49316041526908	-1.21108423234989	0.251902300765636	0.466655295953871	-5.72146170812951
4423	-0.402561575191602	2.09117022879583	-1.21033269377986	0.252178739949374	0.466655295953871	-5.72231269259626
4012	0.50251767271179	3.39373246932808	1.21015565785793	0.252243894457629	0.466655295953871	-5.72251309658968
4811	-0.27058019136507	1.11472824528407	-1.210127366989	0.252254307586907	0.466655295953871	-5.72254511970101
1627	0.421138192237838	1.5565404855822	1.20996861054337	0.252312748045701	0.466655295953871	-5.72272480946368
2961	0.62923420171683	2.55734827438153	1.20992303363603	0.252329527535206	0.466655295953871	-5.72277639277429
1449	-0.422950992281545	1.66330136747433	-1.20885118742701	0.252724392618775	0.4670742033295	-5.72398907155324
445	0.183152166004956	1.61067718599309	1.20857135665109	0.252827562547792	0.4670742033295	-5.72430553672763
4085	-0.419933470361785	0.959439499032406	-1.20852225993112	0.252845667325333	0.4670742033295	-5.72436105531462
2353	0.53211559297988	3.48954522092207	1.20803708777736	0.253024633714827	0.467187904134334	-5.72490959676644
3700	-0.238361362393282	2.21575114209682	-1.20774539873628	0.253132278209705	0.467187904134334	-5.72523930399495
3982	-0.473692541495625	1.96339566584304	-1.20755138601368	0.253203896591263	0.467187904134334	-5.72545857072932
4731	0.167737839909075	1.33119782295341	1.20730875883649	0.253293483370062	0.467187904134334	-5.72573274253748
2084	-1.37687698273652	3.99324899935147	-1.20696270994708	0.253421300911832	0.46724552355619	-5.7261237103344
4825	-0.227198297808658	0.40775079957435	-1.20482432230837	0.254212281840599	0.468525340778978	-5.7285377961637
3406	0.223785058951003	1.72177554063329	1.20390366206181	0.254553435225489	0.468975445400196	-5.72957616040396
2572	0.171037656491373	1.54028268725958	1.2033140821336	0.254772097178907	0.469199621679313	-5.73024080175463
4579	-0.172569718850195	1.47412007931358	-1.20291617815033	0.254919755303118	0.469279493162984	-5.73068922525841
1510	-0.57710365870439	2.49777636241477	-1.20245603357747	0.255090595181869	0.469279493162984	-5.73120765196676
2746	0.167036763336858	1.16035543890747	1.20241330777279	0.255106462798398	0.469279493162984	-5.73125578183865
2963	0.664667045467215	2.27708700070797	1.2014485904271	0.255464951032006	0.469760331848287	-5.73234217497938
1093	-0.272647793413784	1.5972729407375	-1.20000898539082	0.256000652117053	0.470566548230359	-5.73396212535195
3506	0.277904413654392	1.85405813980743	1.19911828351577	0.256332544140353	0.470697500345066	-5.73496367338996
124	-0.246126685280577	2.0455513099325	-1.19904118317677	0.256361289230733	0.470697500345066	-5.73505034225461
3461	0.322981287830812	2.28271375091243	1.1990345328008	0.256363768790667	0.470697500345066	-5.73505781777688
4390	0.359631884748907	1.35889926482087	1.19757724575683	0.256907570896078	0.471517006067991	-5.73669516080579
1609	0.39313308660273	1.79301127480765	1.19668222248647	0.25724201227131	0.471701856814074	-5.73770002165976
2731	0.437210483326573	1.30968286613521	1.19635888597921	0.257362917691936	0.471701856814074	-5.73806289818
4886	0.332416722848132	1.09502104949929	1.19629705405064	0.257386043681913	0.471701856814074	-5.73813228291666
1534	-0.148190297613299	1.04471493626732	-1.19593776314015	0.257520456064579	0.471701856814074	-5.73853540765146
3257	0.174566743606376	1.90072629116378	1.19580380560234	0.257570584455492	0.471701856814074	-5.73868568464416
319	-0.258227649572375	0.760287699210124	-1.19574315393597	0.257593283526826	0.471701856814074	-5.7387537210385
4104	-0.564396873301009	1.80378360958646	-1.19465279428584	0.258001624889244	0.472120224447955	-5.73997639260972
726	0.19827990818886	2.5665424665394	1.19461197166845	0.258016922993054	0.472120224447955	-5.740022152504
1215	-0.380340946899687	3.0205565465416	-1.19395698115209	0.258262476366435	0.47213059454706	-5.7407561984227
3272	0.18752720363422	1.65829056110955	1.19372822752421	0.258348278875063	0.47213059454706	-5.7410124899722
2876	0.159074709832451	1.47641389899507	1.19359213562212	0.258399335904367	0.47213059454706	-5.74116494727259
216	-0.148147180312048	1.0845148249151	-1.19355587180504	0.258412942199383	0.47213059454706	-5.74120556968065
3137	0.590604816804668	2.13278568651342	1.19327353747904	0.258518894339422	0.472145870447008	-5.74152180607072
2608	-0.330856032441941	0.689830166216777	-1.19282199866073	0.258688415788321	0.472277190786375	-5.74202744662111
2308	0.298833072876551	0.747164049641852	1.19115491861766	0.259315052134149	0.473141086309484	-5.74389301149078
3455	-0.373509415211796	1.00918904021652	-1.19104288968097	0.259357205641329	0.473141086309484	-5.74401830768425
4651	0.213328697062546	0.723532528072799	1.19023123126854	0.259662773328509	0.473388087922627	-5.74492582095461
4567	0.214522695399912	1.83784362341502	1.19016346630677	0.259688297922003	0.473388087922627	-5.74500156752695
203	-0.143198487351863	1.56722753011537	-1.18882075837579	0.260194457132724	0.474132121886296	-5.74650174851632
3205	0.304952299702545	1.83887223110329	1.18851878747243	0.260308398346366	0.474161156325194	-5.7468389572591
4284	0.432552236525303	4.37878354472662	1.18780302311318	0.260578632056111	0.474474754191745	-5.74763798589192
1469	0.614366172990445	3.23486724148008	1.18675309125327	0.260975431028927	0.475018485823156	-5.74880939271885
2885	0.489323948089517	1.83618238113744	1.18579293504014	0.261338719716525	0.475500837152519	-5.74987994666731
3351	0.396591329912181	4.683201431795	1.18536109445658	0.261502243102414	0.475619493281759	-5.75036122467763
1892	-0.141477382911057	1.44231118317071	-1.18505615700896	0.261617761321858	0.475650025798038	-5.75070099114729
359	0.318506044628931	0.818889993609352	1.18479781078528	0.261715661156341	0.475650025798038	-5.75098879277209
1873	-0.249103682891584	0.67519496886999	-1.18297822303926	0.262406011481417	0.47672560403571	-5.75301448646014
487	0.232509104595816	0.568450433100085	1.18230592227126	0.262661445791536	0.477001558206027	-5.75376233855473
3303	-0.372643948987276	1.59011733700511	-1.18205956620757	0.262755095621964	0.477001558206027	-5.75403629825095
4044	0.343663241723011	2.92463545084215	1.18179783856395	0.262854617708172	0.477003240987297	-5.75432730415912
4286	0.410678077899989	4.17812539520418	1.18149433364967	0.262970062914434	0.477033807416585	-5.75466469919828
3029	0.243259457254848	1.55199421383341	1.18120224658057	0.263081202894711	0.477056544079689	-5.75498933899831
3458	0.245670680082736	1.30163384067036	1.18022893561239	0.263451818369678	0.477257630312295	-5.75607068195733
1710	-0.329602394409087	0.88578129580629	-1.17998096310073	0.263546306734851	0.477257630312295	-5.75634606922236
4426	-0.134874058667624	1.39018954736973	-1.17991822805751	0.263570215768837	0.477257630312295	-5.75641573297284
4820	0.392351164380968	1.47915536311699	1.17958959759369	0.263695488535706	0.477257630312295	-5.75678061246949
2864	0.224365583302431	0.693350918103145	1.17948039708749	0.263737125784525	0.477257630312295	-5.75690184097064
2875	0.341659210522355	1.16890700060236	1.17935752605216	0.263783981698032	0.477257630312295	-5.75703823550466
3133	0.294099336595206	1.35965948766565	1.178626578061	0.264062858859576	0.477536401231785	-5.75784940910727
2062	-0.185431002283718	1.78656850186409	-1.17843635822327	0.264135471206337	0.477536401231785	-5.7580604436176
201	-0.141205815775519	1.13974061003905	-1.17737985622367	0.264539055018328	0.477916371354856	-5.75923207872717
3870	0.202878944117944	1.38435834854175	1.17736898997599	0.264543208451489	0.477916371354856	-5.75924412495853
2945	-0.561166013540035	1.88632430452785	-1.17626077041054	0.264967076204725	0.478304110186907	-5.76047224137809
1160	-0.475562103579906	4.05831410679008	-1.17624300015108	0.26497387726859	0.478304110186907	-5.76049192697307
2674	0.336945364372986	1.13027325760863	1.17603256109769	0.265054427327635	0.478304110186907	-5.76072503052171
4186	-0.153777735493449	1.47725304375159	-1.17470178982227	0.265564255707715	0.478909151193716	-5.76219838806896
2914	-0.385184491728642	3.85752852489898	-1.17424710727146	0.265738625020355	0.478909151193716	-5.76270149516689
4631	0.214128265924252	0.978982730134229	1.17420971547975	0.265752968667402	0.478909151193716	-5.76274286261853
3386	0.236281951548385	2.16650247058076	1.17412447410178	0.265785669895645	0.478909151193716	-5.76283716346437
4219	-0.301442366726932	0.935199570172023	-1.17346507433261	0.266038743172762	0.479186686325325	-5.76356646720103
4747	0.314343461645774	1.74599461717689	1.17157421839484	0.266765493809037	0.480047424591902	-5.76565603487349
1574	-0.161743621732163	1.82798203442685	-1.17144827769228	0.266813954596174	0.480047424591902	-5.76579511905162
2609	0.430141087685092	1.40550763067035	1.17144741163029	0.266814287872597	0.480047424591902	-5.76579607545824
4566	0.190350238845837	1.87089112060924	1.1709060937471	0.267022660972125	0.480243730030907	-5.76639375570212
2655	-0.246116931979594	0.993423621359257	-1.17047497481021	0.267188706062667	0.480363790386913	-5.76686961146312
940	0.408148578709411	3.77080840980345	1.1694287871851	0.267591982151295	0.480813421455422	-5.76802380208014
939	0.56632144248296	3.42894952627231	1.1691334833624	0.26770590013377	0.480813421455422	-5.76834944821427
1928	-0.479788722122642	1.53699408384261	-1.1690530150959	0.267736948615318	0.480813421455422	-5.76843817360915
2126	-0.419372602641563	1.32202380732079	-1.16845495992736	0.267967795477657	0.480909983401814	-5.76909745040282
1770	-0.224696391732793	0.5192291979376	-1.16829053267444	0.268031291153569	0.480909983401814	-5.76927866432892
3581	0.307984589360305	2.07750057121253	1.16814130836912	0.268088926257687	0.480909983401814	-5.76944310626197
3298	0.176255244696452	1.4079525053695	1.1672621146097	0.268428696298731	0.481314740631698	-5.77041163111281
4864	-0.430884791936653	1.32233961515207	-1.16704271987856	0.268513535544637	0.481314740631698	-5.77065323026883
2950	-0.329589804326481	1.33475349599554	-1.16666621874542	0.268659176451874	0.481333129307752	-5.77106775488076
4597	0.264128125487006	0.815549386105151	1.16626774551159	0.268813384379467	0.481333129307752	-5.77150635864396
4668	-0.488787086896555	3.1655924520873	-1.16624480489289	0.268822264445958	0.481333129307752	-5.77153160612379
2750	-0.274721101023815	0.966005306220012	-1.16567527388773	0.269042797666166	0.481549779914507	-5.77215828561436
191	0.37412518797792	1.56702747875966	1.16501001777015	0.269300577407623	0.481832911796627	-5.77288999757711
4646	-0.356669066798425	0.895903920927456	-1.16315350860665	0.270020981184263	0.482727656163837	-5.77493026347194
2491	-0.264632564239998	1.09626611869575	-1.16294654684121	0.270101384701771	0.482727656163837	-5.77515755513317
4101	-0.254736668727728	0.587764658636268	-1.16235720494087	0.270330443751621	0.482727656163837	-5.77580461764776
3665	-0.420557282063887	2.28968547598475	-1.16229730867965	0.270353732114598	0.482727656163837	-5.77587036606085
2522	-0.361027136573374	2.00620315573462	-1.16196753916347	0.270481978530795	0.482727656163837	-5.77623230891937
985	0.370010434906206	2.83166999272483	1.16187230689641	0.270519022966164	0.482727656163837	-5.77633681762622
3486	0.279769987429362	2.40155193911676	1.16174088803154	0.270570150175993	0.482727656163837	-5.77648102698373
3980	0.369070448920706	1.82446425292981	1.16166703687944	0.27059888456311	0.482727656163837	-5.7765620602711
1324	0.1829988252161	1.80614026043855	1.16133143662896	0.270729491796297	0.482782632255985	-5.77693024816794
1363	-0.378301438952378	2.35961818067651	-1.16072164986505	0.27096693210796	0.48295335567097	-5.77759903706036
2662	0.404074518310904	1.31660567918063	1.16017312802427	0.271180656420836	0.48295335567097	-5.77820040189312
3002	0.448855461621688	1.90029181909934	1.15991100807388	0.271282834669155	0.48295335567097	-5.77848769635972
164	0.266027260305928	1.91307614540725	1.15979691910785	0.271327317668658	0.48295335567097	-5.77861272702631
4001	0.548401456472521	4.45657041038676	1.15970063090949	0.271364864643105	0.48295335567097	-5.77871824236621
1376	-0.333439632050347	1.18233165667914	-1.15954854421173	0.271424178187137	0.48295335567097	-5.77888488952814
424	0.317191773165764	0.888681802348775	1.15874611393695	0.271737292847828	0.483116184219587	-5.77976386380366
3490	0.228762805295219	2.0158064028049	1.15868468756316	0.271761273565658	0.483116184219587	-5.77983113031913
3349	0.410647039659118	4.76390857492695	1.15854640385027	0.271815265284356	0.483116184219587	-5.77998255135745
1553	-0.242113361767435	0.368847392799402	-1.15780270236013	0.272105781475696	0.483454928674042	-5.78079666740358
2309	0.287124252846215	0.478660000158764	1.15684632137016	0.272479735286358	0.48356140064599	-5.78184300680855
3792	0.2972868753481	1.98748549120338	1.15674128646591	0.272520829421989	0.48356140064599	-5.78195788076059
948	0.558014014263281	3.08471908700679	1.15664867426948	0.272557067290387	0.48356140064599	-5.78205916164009
1517	0.338371018576252	2.27954727725494	1.1566270976843	0.272565510450933	0.48356140064599	-5.78208275693687
2083	-0.885399713847552	3.83965573827933	-1.1562095651696	0.272728935952161	0.483673970724543	-5.78253928700581
1440	-0.149639929536095	0.475727289813104	-1.15444912774249	0.273418828664429	0.484607544749506	-5.78446274943119
1131	0.687074609015629	5.70301899142027	1.15413515652251	0.273542013304631	0.484607544749506	-5.78480555796845
2615	0.390382867558059	1.17742415264586	1.15373223950369	0.273700158878224	0.484607544749506	-5.78524537613289
488	0.26558174359884	2.66455448230022	1.15363278412096	0.27373920627864	0.484607544749506	-5.78535392186889
3737	-0.187684012871207	0.766141619289839	-1.15358954376026	0.273756184332451	0.484607544749506	-5.78540111219967
345	0.421464110260557	1.90876544652351	1.15286379007211	0.274041269862099	0.48493477088253	-5.7861929587767
3832	0.157868297847236	1.47045608045256	1.15257315548513	0.274155500005802	0.484959527981012	-5.7865099528062
1332	0.269193764818477	0.496806072560543	1.15101057890488	0.274770288639413	0.485869391972763	-5.78821318929426
3904	0.46849317449147	1.95340707736212	1.15051037416243	0.274967319407883	0.48604015027232	-5.78875804361737
4119	-0.158248770269182	0.73513827221129	-1.14976379526284	0.275261602327312	0.486246318809735	-5.78957092305533
1899	-0.139636471529171	1.12939941977901	-1.14916979330046	0.2754959188842	0.486246318809735	-5.79021738396459
3786	-0.25195918785577	0.991526017156897	-1.14903504695492	0.275549094081509	0.486246318809735	-5.79036399435356
4288	0.430103935766652	4.44423603525115	1.14900794132695	0.275559791793397	0.486246318809735	-5.79039348494839
1740	-0.241851782296937	0.492570040536116	-1.14894031457028	0.275586483293984	0.486246318809735	-5.79046705969086
3076	-0.776819937422409	3.2839997075624	-1.14782946635711	0.27602521124935	0.486842862568121	-5.79167513028264
2461	0.233455596983301	1.05253717470517	1.14755742014569	0.276132738587224	0.486855025249631	-5.79197084816248
3092	0.494130985342619	2.28869880530719	1.14674000999368	0.276456019861077	0.487247440469177	-5.79285905703148
2322	-0.288428386905931	2.55274701145269	-1.14647685108964	0.276560160595717	0.487253480321222	-5.79314490461364
61	0.516030212219976	2.99131321655428	1.14589694645856	0.276789756181448	0.48748046611061	-5.79377462707947
4201	0.459720686478608	1.48977471451399	1.14533346042931	0.277012993713007	0.487696093007107	-5.79438628371974
50	0.278774666353721	2.2197202650135	1.14472633443907	0.277253677297777	0.487942266557529	-5.79504504970216
1265	0.444986362938878	1.82622256834781	1.14381131254511	0.277616728363073	0.488361074110612	-5.79603738789886
1669	-0.591754567655048	1.15778926818533	-1.14355776599439	0.277717392960657	0.488361074110612	-5.79631224928224
771	0.248486803988778	1.98630567052595	1.14336366279268	0.277794476220009	0.488361074110612	-5.79652263813078
4373	0.520756716007092	2.52572004746495	1.14267734801193	0.278067162765082	0.488662889014699	-5.79726631366797
366	-0.343448841612664	1.63695888689694	-1.14232624299546	0.278206744396425	0.488730657004323	-5.79764662919271
1098	0.35333584930963	2.23196180217401	1.14169805683356	0.278456615678161	0.488992053230832	-5.79832685129438
1934	0.17745946959079	1.73779476170561	1.14124043152244	0.27863875361584	0.489012400575186	-5.7988222010186
2107	-0.981852060130874	3.95705612580369	-1.14110939367018	0.278690924639629	0.489012400575186	-5.79896401256782
3815	0.409610668645506	2.0459055118057	1.14085061493538	0.278793976382172	0.489012400575186	-5.79924403044126
1937	-0.171192692420645	1.43484835299768	-1.14055588636138	0.278911380323608	0.489012400575186	-5.79956288857712
4265	0.373087995851865	2.65658466286585	1.14039975701136	0.278973589414534	0.489012400575186	-5.7997317743525
2988	-0.435849063516368	1.57576234642505	-1.13857052674058	0.279703243332756	0.490113832395462	-5.80170912069801
963	0.274005359610281	3.48191068651141	1.13812363784861	0.279881726415555	0.490249019695314	-5.80219181955502
2514	-0.310061655401161	1.72505300483691	-1.1370006213247	0.280330639284225	0.490658123261485	-5.80340417409625
3012	0.168816437995852	1.51254937534312	1.13692871524683	0.28035940196617	0.490658123261485	-5.80348176868622
3791	0.124566290014932	1.13662665059598	1.13677840224716	0.280419535100869	0.490658123261485	-5.8036439606483
2146	-0.829297559416493	3.45100540969338	-1.13618149346337	0.280658429089115	0.490898582766862	-5.80428787716567
2153	0.143525830104572	1.77649067086071	1.13533602507011	0.280997071894401	0.491313275686705	-5.80519947689198
1900	-0.130265273303489	1.29806202025516	-1.13419733213822	0.281453664074278	0.49193382470786	-5.80642640081167
2799	0.159676093829131	1.30201083121653	1.13356656986489	0.281706834503183	0.492134224748494	-5.80710562416322
4751	-0.418026054452122	2.19144352068955	-1.13340486770199	0.281771765719993	0.492134224748494	-5.8072797023455
3228	0.128806135761274	1.77282923784633	1.13296651514464	0.281947843855667	0.492141748452125	-5.80775150716496
3682	0.278837262826044	2.31078000695919	1.13288767424905	0.281979521849792	0.492141748452125	-5.80783634958542
3949	0.291747359816033	3.01728050214023	1.13251201324318	0.282130499063044	0.492227679216374	-5.80824054337817
1971	-0.120728194424025	1.0299415161558	-1.1306107712827	0.282895565784533	0.493384552006335	-5.81028458640355
2112	-0.394576282094451	0.817007204810652	-1.12922336057696	0.283454879765688	0.494181876867171	-5.81177451163451
1213	0.376718019753208	4.39838890299161	1.12873259909719	0.283652928070883	0.494236927791845	-5.81230119275076
3302	-0.359705040308909	2.04315824545657	-1.12863885579607	0.283690770665141	0.494236927791845	-5.81240177692155
1925	-0.322458618685712	0.944339918947002	-1.1278727129943	0.284000196300884	0.494597894061799	-5.81322358378748
132	0.340731671833029	2.20448420371086	1.12532068056357	0.285032783588496	0.496041546205734	-5.81595788486975
3380	-0.266496972661174	2.129035381461	-1.12531716501259	0.285034208030579	0.496041546205734	-5.81596164816142
2922	0.186284912445702	1.70445665172334	1.12428310300571	0.285453431748974	0.496592485725113	-5.81706818087913
2874	0.221006951019709	1.09537714902918	1.1236737929961	0.285700678139988	0.49684395429233	-5.81771982043284
2531	-0.174691086844792	1.66653120710686	-1.12310358159757	0.285932209082064	0.496928726562767	-5.81832939445496
318	-0.275462091614029	0.69392792055532	-1.12304783569094	0.285954852160137	0.496928726562767	-5.81838897558285
1705	-0.248025581302537	0.64024498211366	-1.12262162475179	0.286128017925233	0.49705111336527	-5.81884443249038
4141	-0.147574338984871	1.25385673794343	-1.12191815712908	0.286414007990563	0.497117696705344	-5.81959587460384
3353	0.32372154783797	4.1406291958663	1.12177664998135	0.286471563464215	0.497117696705344	-5.81974698752439
877	0.542609316770527	3.45214940964852	1.1217691728987	0.286474604881046	0.497117696705344	-5.81975497174986
4338	-0.817998433268562	5.14740768958985	-1.11981711133521	0.287269489629399	0.498318318690223	-5.82183800634839
4609	0.271247636661515	0.753576885298426	1.11930623302293	0.287477801698115	0.498500933553936	-5.82238269189972
2273	0.207965713863034	1.18078980959967	1.11885254252634	0.287662893054534	0.498643166104564	-5.82286624168267
2510	-0.231320629333817	1.64963059315614	-1.11788656098699	0.288057289430329	0.499147982186223	-5.82389528576776
1743	0.182346147765539	0.98436119874631	1.11579385232497	0.288913143520052	0.500334480233559	-5.82612221836785
1262	0.320119663888863	1.50540310821774	1.11570664714598	0.288948850304375	0.500334480233559	-5.82621494560675
3768	-0.193125940657296	0.447090086790392	-1.11520982016067	0.28915234459514	0.500507707746436	-5.82674312426668
746	0.135633015975962	1.67196722242045	1.11329070140175	0.289939430104316	0.501690616181932	-5.8287816087648
4563	-0.173384885626419	1.85488324576309	-1.1127750020906	0.29015121430484	0.50181739782026	-5.82932891268961
3958	-0.507719896020916	3.04233964025437	-1.11260720799001	0.290220148636025	0.50181739782026	-5.82950694700622
3104	0.592549321045444	2.64192807474153	1.11084760508943	0.290943800741732	0.502888927469989	-5.83137266237235
3334	0.190394348219009	1.2492228583725	1.10921102330564	0.291618105249259	0.503874426141398	-5.83310584938277
1732	0.146370237655194	1.02492864521044	1.1087132350807	0.291823442256397	0.504049201583881	-5.83363262183116
3582	0.254802137841417	2.16997275691067	1.10792541569928	0.292148643973404	0.504430813541517	-5.83446593168055
2313	0.363246789760199	1.78515596037056	1.10704623021855	0.292511889339595	0.504877816848005	-5.83539533157658
3553	0.266666603724426	1.746738299031	1.10636182447631	0.292794899484948	0.505186064089935	-5.8361184238924
1380	0.185190163627835	1.59716062800219	1.10555714423527	0.293127913659704	0.505580337356737	-5.83696813778934
616	0.224063791711485	1.99034395764145	1.10475085147067	0.293461886912939	0.505975983209122	-5.8378190647538
3647	0.125311216862092	2.01346778288907	1.10336507911735	0.294036568019399	0.50673022034745	-5.83928040378992
1075	0.309032812673612	2.28113362020998	1.10319100575828	0.294108817431922	0.50673022034745	-5.83946386695215
4432	-0.317171774962059	3.33220419279115	-1.10293424864783	0.294215409728258	0.506733411272805	-5.83973443219692
1064	0.140876054161421	1.07126486273136	1.1006586482947	0.295161417365759	0.508181828190584	-5.84213023498637
3923	-0.227376569024031	0.862545499752892	-1.09977302167248	0.295530217966841	0.508635786027597	-5.84306158402726
2812	0.391389716880247	1.39051653343006	1.09839104884977	0.2961064168806	0.509446246396992	-5.84451371839851
263	-0.201564520423048	1.23253356929996	-1.09803453229927	0.296255202227275	0.509521033905281	-5.84488810031852
3063	-0.259046096394489	0.611896688550911	-1.09672128413932	0.296803755069285	0.510283072858991	-5.8462663257939
4226	-0.313101738116807	1.6165595743508	-1.0963549240515	0.296956924843001	0.510365045254152	-5.84665057954412
3364	0.262122804445949	2.22180310890527	1.09308436207214	0.29832698010899	0.512482128530565	-5.85007636861056
1147	-0.601046096165874	6.24891227212289	-1.09290891768749	0.298400611010872	0.512482128530565	-5.85025991036258
1781	-0.323704589185267	1.0219445175072	-1.09127906225102	0.299085296430182	0.513334132312606	-5.85196387091347
4366	-0.185769595349595	1.4912433724808	-1.09122289623725	0.299108912564952	0.513334132312606	-5.85202255463655
650	0.262076973049055	1.50239417071485	1.09093287402202	0.299230880928135	0.513361348202241	-5.85232553925521
1951	-0.182942876869164	1.04804058204786	-1.09018883407321	0.299543959408151	0.513640659471888	-5.85310254097972
2495	0.264569005096085	0.742508612480723	1.0900414078403	0.299606023362891	0.513640659471888	-5.85325644833807
1446	0.379867255418685	2.23451902131397	1.08976713902491	0.299721512022957	0.513656633073704	-5.8535427304834
3066	0.205604388671139	2.37736394635438	1.08888089023581	0.300094924509906	0.514091895993346	-5.85446740650334
4641	-0.25819885053812	1.17932393420131	-1.08854747426682	0.300235498020148	0.514091895993346	-5.85481512430814
3594	-0.283397051355154	1.56069838667684	-1.08840810292736	0.300294274096155	0.514091895993346	-5.85496044885939
358	0.199257840544051	1.04695091774122	1.08811242002653	0.30041899939393	0.514123494541151	-5.85526871276435
4655	0.246935636156048	0.669067076136625	1.08694110164638	0.300913474593131	0.514787620255151	-5.8564892145669
4767	-0.375877611935634	2.92722061162632	-1.08615799448577	0.3012444113736	0.515161393276966	-5.85730462058126
3644	0.358887180289933	3.72378235853802	1.08592027749676	0.301344924136795	0.515161393276966	-5.85755204950431
3871	0.277052807428062	1.4549795782965	1.08563455671721	0.301465767940269	0.515185936169205	-5.85784938634041
4593	0.151564698307428	1.46738132839452	1.0853702769505	0.301577576276736	0.515195026139423	-5.85812435499481
2405	-0.19446514545673	1.73565350054074	-1.08377018444009	0.302255199214855	0.515699279029347	-5.85978802469348
1636	0.554346469976425	2.8187967354412	1.08373478271397	0.302270204587303	0.515699279029347	-5.8598248109349
797	0.339845485046871	2.36331640874641	1.08353852431917	0.302353400942238	0.515699279029347	-5.86002872736536
2741	-0.358592300398653	2.48672109994988	-1.08344681613837	0.302392283148432	0.515699279029347	-5.86012400392233
4587	-0.177026636267448	0.849837632278064	-1.08341513499929	0.302405716123658	0.515699279029347	-5.86015691628427
3400	0.170716705709544	1.21967840496358	1.08271563320142	0.302702424458628	0.51602337192771	-5.86088340728487
3563	0.200887939446949	1.64147041239041	1.08214180075032	0.302945992921034	0.516256679729469	-5.86147910080154
984	0.159436075366525	2.9033658259434	1.08175960393972	0.303108302605612	0.516351397185194	-5.86187571825547
2186	0.295195807462647	1.54555366517521	1.08126211535691	0.303319673005534	0.516529594509247	-5.86239181011131
980	-0.221883196587348	1.82681657623467	-1.08011109593286	0.3038091420296	0.517133896239209	-5.86358514492149
3218	-0.622835326585145	3.33567970673245	-1.07977475934914	0.303952281916271	0.517133896239209	-5.86393365483033
1935	-0.193799590572497	1.06873667855231	-1.07967392664193	0.30399520481693	0.517133896239209	-5.86403812017977
1894	-0.132551181379322	1.27706802610735	-1.07880742876788	0.304364249315286	0.517579697078156	-5.86493551373805
4667	-0.557993493305928	3.13430279992687	-1.07815990219139	0.304640255381341	0.517808599074805	-5.86560575266329
4162	0.284685382166397	2.17375938684862	1.07798951312932	0.30471291475113	0.517808599074805	-5.86578206478413
4849	0.319481980719501	1.33198034151455	1.07709216474579	0.305095790181629	0.518117276185941	-5.86671023929496
2155	-0.173280544710177	0.569933198642202	-1.07706181180211	0.305108747386057	0.518117276185941	-5.86674162413518
134	0.290157871243857	1.93928481700333	1.07600031447771	0.305562147136935	0.518705146613505	-5.86783876396636
474	-0.395027040913631	1.14615617445136	-1.07434996881062	0.306268078428455	0.519721137648848	-5.86954280575895
2958	-0.412518437742811	1.81553954216262	-1.07375385924573	0.306523366759107	0.519971966472847	-5.87015779597674
4007	0.27118355300031	3.20617007974252	1.07323623812056	0.306745172714232	0.520134030649664	-5.87069159014944
2560	0.169468941483906	1.08034783543696	1.07302920212085	0.306833923826817	0.520134030649664	-5.87090503728484
1673	-0.177594249227983	0.480367694219071	-1.07265716347764	0.306993456334687	0.520217586416382	-5.87128851371712
3567	0.222936307761368	1.28841098527759	1.07207036155715	0.307245208469442	0.520217586416382	-5.87189313954587
4211	-0.429923117197227	1.82147336956931	-1.07174463010502	0.307385022610968	0.520217586416382	-5.87222865059349
2783	0.221032956364134	1.20132655448874	1.07153115390738	0.307476679430103	0.520217586416382	-5.87244849178521
2386	-0.514554333992262	2.24934498470402	-1.07144030208693	0.307515693286799	0.520217586416382	-5.87254204179457
2797	-0.165415294300471	1.06018058176019	-1.07141076288316	0.307528378906749	0.520217586416382	-5.87257245690776
2479	-0.220337170151127	2.53449452502011	-1.07115055245979	0.307640143481229	0.520224751542183	-5.87284035417581
1992	0.352079141952733	0.936562267732635	1.07054823545522	0.307898966394864	0.520480502941424	-5.87346026409524
3989	-0.224557256455018	2.66872604527321	-1.06928244659969	0.308443428605071	0.521057879438464	-5.87476211405534
3289	0.310622477192377	0.497869771610039	1.06925341356621	0.308455925322812	0.521057879438464	-5.87479195972375
4670	0.311106002709128	0.762257719419809	1.06896356662223	0.308580705446771	0.52108131378509	-5.87508988385441
2606	0.278493860028506	0.875981762112107	1.06843327474876	0.308809096839533	0.52108131378509	-5.8756347857138
1383	0.210565858001608	0.931825116867113	1.06813467132337	0.308937758623021	0.52108131378509	-5.87594152045496
2433	0.169234161958304	1.32939358995526	1.06806137141201	0.308969348175196	0.52108131378509	-5.87601680589184
3387	-0.158949842073719	1.23357555074201	-1.06797093181463	0.309008327666272	0.52108131378509	-5.87610968957645
4720	0.30474461134229	1.62887608873634	1.0673273836557	0.309285804531599	0.521367499067553	-5.876770447063
110	0.352765294188452	1.67682141132543	1.06611869639414	0.309807460137719	0.52191683734546	-5.87801059206254
1264	0.354750858330142	2.2430249790716	1.06607243220859	0.309827440441538	0.52191683734546	-5.87805803791759
3606	0.294822027906464	2.17185571219717	1.06356667564153	0.310911067348031	0.52341782879722	-5.88062532481606
4404	0.283804376669496	0.716223419304767	1.06305463329759	0.311132854431979	0.52341782879722	-5.88114934316212
3391	0.337308485076842	2.06355356241114	1.06301793175773	0.311148755999958	0.52341782879722	-5.88118689531088
1834	-0.204671420032625	1.30414485970561	-1.06301220991128	0.311151235142787	0.52341782879722	-5.88119274967509
4883	-0.206055104085433	1.77832486535022	-1.06107304439176	0.311992289563227	0.524464537843899	-5.88317536625576
2665	0.222308707664553	1.23197943093593	1.06071967081098	0.31214573926135	0.524464537843899	-5.88353634416531
4582	0.16509265789688	1.69414946241176	1.0605825210974	0.312205310778302	0.524464537843899	-5.8836764191686
1455	-0.300496603046878	2.68838032573362	-1.06057844058347	0.312207083296906	0.524464537843899	-5.88368058649318
2765	-0.15416131906166	0.929222705890704	-1.0595786373968	0.312641612705495	0.52481382535676	-5.88470127091102
1369	-0.300661837332762	1.19768356020267	-1.05946509898986	0.312690987010862	0.52481382535676	-5.88481713160056
1753	0.220181889667207	0.443000287538724	1.05935138854365	0.312740442022228	0.52481382535676	-5.88493315782783
3931	0.148716973130237	2.29886168580712	1.05731222379499	0.313628317827123	0.526005446241011	-5.8870121482441
540	-0.208787105825066	1.48367979800568	-1.05722122216005	0.313667985201595	0.526005446241011	-5.88710485193805
1775	-0.162207603868303	0.57591139296703	-1.0561601368278	0.31413078843606	0.526535708983437	-5.8881853086244
2634	0.160067164374388	1.44368614571146	1.05599729605581	0.314201858585197	0.526535708983437	-5.88835104482028
2379	-0.323058128182444	1.48687038840186	-1.05472298553238	0.314758436056603	0.527285773421692	-5.88964730168799
1589	0.270220478548145	1.70492705735813	1.05442168153276	0.314890144234468	0.527323820632176	-5.88995361020567
4807	0.236858244372491	1.39671774462371	1.05395458938996	0.315094404867672	0.5274832978373	-5.89042832092772
85	0.212030496067917	3.04015508519768	1.05211650754681	0.315899170571933	0.528484862547034	-5.89229473418048
35	0.253815780122922	3.04197325743655	1.05193974032727	0.315976645758535	0.528484862547034	-5.89247408734327
3454	-0.255699148773726	0.894814720036332	-1.05183991940648	0.316020402511073	0.528484862547034	-5.89257535779887
3139	0.434397097942325	1.99960937741323	1.05156327076951	0.316141695935304	0.528505018982377	-5.89285598317598
2966	-0.383675909288145	2.81675206696567	-1.0502707013926	0.316708871663435	0.529270300900759	-5.89416634243518
951	0.453532797509942	3.03227421474222	1.04973237738582	0.316945311958902	0.529482534273883	-5.89471169125889
3221	-0.222347149678245	0.886720375331015	-1.04897559616409	0.317277926130736	0.529855231833103	-5.89547796574705
2387	-0.552131026619041	2.2876520004347	-1.04754369438966	0.317907980285873	0.530724226578003	-5.89692660661922
1990	-0.14646309512209	1.91344372836543	-1.0468096971577	0.318231311588811	0.530954372639187	-5.89766856358724
4586	0.262689371060683	0.770363557492537	1.0467324975634	0.318265332917247	0.530954372639187	-5.89774657589785
2846	0.305730037365206	0.944227393282201	1.04593698722482	0.318616067677188	0.531356268673642	-5.89855018964777
3604	0.227438670690599	0.626297812412122	1.04539380879367	0.318855717513387	0.531397004899501	-5.89909861689495
269	-0.214154033490161	2.40103443818186	-1.04534981834153	0.318875131972647	0.531397004899501	-5.89914302233419
2500	0.221533398865386	0.909570367901026	1.04510629284951	0.318982623950076	0.531397004899501	-5.89938881776055
2320	-0.202263917728413	2.11066778991169	-1.04486852483576	0.319087600772999	0.531397004899501	-5.89962875728642
1962	0.144890943884271	2.1047627844394	1.04459271332992	0.319209406580218	0.531397004899501	-5.89990703234392
1818	0.236276741562635	2.31840941496213	1.04438870810908	0.319299523200258	0.531397004899501	-5.90011282144788
3112	-0.249108875194218	0.798043375203959	-1.04372014421693	0.319594986048043	0.531705826169337	-5.9007870031913
4181	0.141375525672847	1.01121008597145	1.04328609060344	0.319786919800631	0.531710089253073	-5.90122451677506
2971	-0.822346114381433	4.16501994627314	-1.04307203864214	0.319881602999316	0.531710089253073	-5.90144022069554
3725	0.216471146081317	0.692745369052035	1.04296884458353	0.319927257092951	0.531710089253073	-5.90154419834178
2832	0.293834363324713	1.34991545086132	1.0417596494906	0.320462580664432	0.532416883672569	-5.90276195369674
2697	-0.32056659491047	2.83758424269323	-1.04102039405029	0.320790186885131	0.532778209457694	-5.90350587815083
2460	-0.275602352678419	1.3925879997017	-1.03946970360025	0.321478199860409	0.533737656460075	-5.90506497013913
4834	-0.313267849320976	2.69696445088936	-1.03757936914559	0.322318397621682	0.534503121772448	-5.90696299369262
976	-0.121746844554327	1.14911026866993	-1.03739194010262	0.322401793577864	0.534503121772448	-5.90715103218725
3636	-0.237117823293803	0.823233134969644	-1.03734818251051	0.322421265699058	0.534503121772448	-5.90719492808897
829	0.627906887551018	4.67313543328822	1.03710504746845	0.322529476748782	0.534503121772448	-5.90743880422916
2670	-0.18890461696181	0.356417967053401	-1.03700723901784	0.322573015575801	0.534503121772448	-5.90753689770579
2668	-0.463192482260742	2.21420846387009	-1.03694183504444	0.322602132198335	0.534503121772448	-5.90760248807972
127	0.318588869344616	2.93259409295707	1.03572538582842	0.323144030236483	0.535217671442692	-5.90882179124339
1040	-0.156728785088336	0.476378589617365	-1.0346642764142	0.323617282664419	0.535818074445742	-5.90988443977573
3129	0.326719064501981	0.750635192926549	1.0329612865806	0.32437789256338	0.536893686014928	-5.91158804720728
1418	0.125597394706131	1.09892483282107	1.03144317362994	0.325057053072368	0.537833797114951	-5.91310478462193
4831	0.232254201778233	0.918332658020398	1.03117060280833	0.325179105574029	0.537851799236632	-5.91337691609154
1849	-0.117263208026159	1.14819248772916	-1.03088917941331	0.325305157910796	0.53787640258798	-5.91365782438972
4167	0.285557250091396	1.51785008170712	1.02990672660876	0.32574549349397	0.538420463793586	-5.91463798922501
660	0.143864758958225	1.99743138989326	1.02946030613602	0.32594572578952	0.53856742533118	-5.91508311837886
1059	0.185108195880126	2.14203532278648	1.02797899619816	0.326610791603629	0.539482079132249	-5.916559016148
733	-0.1940434908983	0.530981933613952	-1.02697935329667	0.327060172656995	0.540039971097114	-5.91755402708032
558	-0.32692685405604	0.903745586367589	-1.02530660630772	0.327813169654595	0.541098640323756	-5.91921725600902
2038	0.246753472224332	2.17935347422008	1.02421938819222	0.328303277372185	0.541722802157787	-5.92029710067151
135	0.253146559901252	1.88162945089494	1.02302051436416	0.328844348864331	0.542430603411399	-5.92148675871553
916	0.278199339317783	3.36331553003264	1.0222230003276	0.329204646385652	0.542839836132852	-5.92227751151065
3966	-0.235982553334265	0.755449799552346	-1.02102651759473	0.329745737327328	0.543546806538199	-5.92346290488582
3547	0.179818349612773	1.97931728826396	1.0193935086561	0.330485304127962	0.544580347878433	-5.92507894577923
1654	0.225428801900913	2.68516778505659	1.0188311392008	0.330740277607923	0.544641260295014	-5.92563498179363
4919	0.120617325425044	1.17459752421041	1.01881538838486	0.330747420989407	0.544641260295014	-5.92565055160698
3614	0.264666572867902	1.8203971483945	1.01803496858576	0.33110150361035	0.544904790011378	-5.92642175631127
3896	0.180763436101561	0.597367978718085	1.01796620301196	0.331132716542673	0.544904790011378	-5.9264896867121
4126	-0.107869190545023	1.01471440715902	-1.01637840017996	0.331854031638068	0.545906088087375	-5.9280571599194
1411	0.2291084248312	1.05106358034863	1.01447675663	0.332719448767639	0.546987189072961	-5.92993181640552
2923	-0.150268797856481	1.43812723822354	-1.01443746042765	0.3327373496159	0.546987189072961	-5.92997052458291
661	0.152672327257478	2.00776548547371	1.01393492447262	0.332966335768224	0.5471776944452	-5.93046543221483
4294	-0.500933518461633	4.36351889080942	-1.01282458420539	0.33347268760882	0.547541345716758	-5.93155820460684
2772	-0.266036381922967	1.0704622024188	-1.01281311323207	0.333477921718305	0.547541345716758	-5.93156948895866
1238	-0.445341462136809	2.97193864907454	-1.01262046646533	0.333565833898215	0.547541345716758	-5.93175898588034
4293	-0.661594468262991	4.73102260784081	-1.01242795430852	0.333653701746762	0.547541345716758	-5.93194832084118
438	0.184721572104575	0.887074384232741	1.01180385768956	0.333938674142844	0.547541345716758	-5.93256191429067
4285	0.367001728950454	4.22121250967111	1.01174950751618	0.333963499795472	0.547541345716758	-5.93261533508204
3621	0.164579500961973	1.28261076892005	1.01171371545405	0.333979849361338	0.547541345716758	-5.9326505138173
3555	-0.193739436846365	2.10640809256405	-1.01141159741275	0.334117878331613	0.54758207837681	-5.9329474141028
1456	-0.248983080053587	2.69499705481025	-1.01098688704077	0.334311987374778	0.547670641211432	-5.93336466635957
2845	-0.17144562238621	1.79335307955499	-1.01079804892588	0.334398320408964	0.547670641211432	-5.9335501421698
4652	0.192787295896318	0.956926406092976	1.01036791357703	0.33459503115479	0.547733955327117	-5.93397251263583
3055	-0.366119499298507	1.2419688517364	-1.01021843998528	0.334663408835667	0.547733955327117	-5.93411925333091
1755	0.210731241772086	1.24464851978795	1.00992495990117	0.33479769322475	0.547768427399845	-5.93440731569552
3089	-0.268793618671295	0.548445099212595	-1.00929093324111	0.335087933353662	0.547960887760778	-5.93502940330563
1454	-0.260488777225719	2.42783997773659	-1.00917319901542	0.335141849293952	0.547960887760778	-5.93514488519614
4368	-0.385339978319863	0.981512548933065	-1.00844402680271	0.3354759134189	0.548321780108323	-5.935859861216
3210	0.208198136576374	0.682596942118053	1.0079088855645	0.335721240006848	0.548537439768029	-5.93638431354488
2803	0.178233087229104	0.500264543271564	1.00748552090952	0.335915418130677	0.548669410167527	-5.93679905975171
2242	-0.203788720832452	1.70054139311989	-1.00661401425023	0.336315399081351	0.549124613867683	-5.93765237400051
1405	0.117524648314623	1.40662695125175	1.00638380001331	0.336421115234355	0.549124613867683	-5.93787768117178
1950	-0.124594817052866	1.28123749658228	-1.00589458514424	0.336645847723102	0.549306108358977	-5.93835632754174
2723	-0.153210153688916	1.77986751543074	-1.00480481951091	0.337146854760175	0.549938126544076	-5.93942186247864
4681	0.18341818696622	1.43024875979871	1.00366358349207	0.337672112628491	0.550609262182891	-5.94053670407316
4189	0.373646315536714	1.64157302601069	1.00311899562687	0.337922973127363	0.550708956499109	-5.94106832901632
3640	0.173913163979784	2.24103923080527	1.00303666097926	0.337960911915224	0.550708956499109	-5.94114868315555
4267	-0.238328265038164	3.11837022687903	-1.00277327497347	0.338082297963988	0.550721265168274	-5.94140569708468
278	0.236040234873154	0.900084987407351	1.00190077920331	0.338484631839187	0.551191063223826	-5.94225668738114
1496	0.254004768421273	1.31243227997943	1.00149201865135	0.338673244538915	0.551218382534156	-5.94265516271848
2428	-0.21204673937464	2.37314091967612	-1.00137061349674	0.338729278890874	0.551218382534156	-5.94277348726771
3927	-0.246102005781301	2.81446278878982	-1.0005941249579	0.339087827010428	0.551616310382129	-5.94352999304082
3350	0.367700062848989	4.79683971181363	1.00027857771822	0.339233612417958	0.551667972059859	-5.94383728147266
2474	0.373969197089305	0.902667560580724	0.999739857429599	0.339482611954168	0.551887391342158	-5.9443617171343
250	-0.132471981153908	1.09323342212223	-0.998739737780674	0.339945228561335	0.55238925186847	-5.94533469981549
4422	-0.112050899115184	0.995019938605797	-0.998578885171089	0.340019675912423	0.55238925186847	-5.94549111288979
2370	-0.248922282271593	1.21071183444495	-0.996550323471259	0.340959581113893	0.553730262983892	-5.94746190132358
3373	-0.228575957116138	0.523381558179744	-0.993870531559455	0.342204142298529	0.555564980013517	-5.95006029758725
527	-0.209072660667193	2.44381282778096	-0.992915767584648	0.342648360842459	0.55596333190541	-5.95098466432523
2944	-0.484666447247306	1.97997682062032	-0.992849213610195	0.342679341823467	0.55596333190541	-5.95104907200147
3045	0.167847951721136	1.59902535683551	0.992162125438093	0.342999302275326	0.556295884816637	-5.95171379354951
2763	-0.359981010183272	2.76980075542255	-0.991455450612565	0.343328611676099	0.556595741054844	-5.95239706702545
3616	0.173253085121459	1.739217404603	0.991271693487065	0.343414280084479	0.556595741054844	-5.95257467309027
420	0.303693805758439	1.04072966643456	0.99069444197804	0.343683499034335	0.556845535273983	-5.95313242453846
2475	0.392831208794852	0.948901530950323	0.989829307833045	0.344087269706952	0.557313093686721	-5.95396783012165
1847	-0.11629611326247	1.11034413042676	-0.989530548048393	0.344226785728343	0.557324946565896	-5.95425618326844
3320	-0.238088304815053	2.6095529406815	-0.989320322421997	0.344324982489761	0.557324946565896	-5.95445904294328
2020	-0.205133660744516	1.16815814188034	-0.988265097307194	0.344818189148703	0.557936588328236	-5.95547675540287
4138	-0.272814497969981	1.78015704920363	-0.98758784015273	0.345135007239888	0.558165536513551	-5.95612946236361
1772	-0.261622236646756	0.607969960430262	-0.987469417081398	0.345190426880642	0.558165536513551	-5.9562435545793
3542	0.255267000908855	1.69338624488206	0.987212593967453	0.345310637303568	0.558173358929055	-5.95649094644321
2191	-0.334448160827782	0.828833658863788	-0.986697793094269	0.345551690590117	0.558376445916829	-5.9569866817997
1350	-0.221860763862744	0.913429599076581	-0.98638794163947	0.345696836371428	0.55842447224206	-5.95728495465011
1049	0.220196708644567	2.23560570438294	0.985879552452584	0.345935080848348	0.558622804120263	-5.957774177954
2843	0.197231390026848	0.478768520643389	0.985622283542018	0.346055689415644	0.558631106237199	-5.95802166832619
395	-0.182669251962991	1.22694068194797	-0.985061227777914	0.34631882067177	0.558869397735165	-5.9585612131057
854	0.262933431810647	1.90840213072656	0.984796625946184	0.346442967699516	0.558883320350202	-5.95881558162093
419	0.260653731282268	1.08070690730056	0.984181730550171	0.346731592250849	0.559162481103203	-5.95940647734593
304	-0.136016820257335	1.15760960890187	-0.983337835474441	0.347127991722584	0.559615202916982	-5.96021693617937
3882	0.112296693391574	1.23977169651676	0.982909601485017	0.347329270588576	0.559753168257006	-5.96062798225316
32	-0.374613046217486	3.6964832372999	-0.982180687773521	0.347672070610248	0.560119040163962	-5.96132729788493
2211	0.313637765776053	1.16781091599531	0.981693618976406	0.347901270903292	0.560301713924809	-5.96179434877055
4336	-0.277195772803529	3.9159099198688	-0.980168485397168	0.348619665291603	0.561271860459493	-5.96325555644126
3290	0.243353615318851	0.69958528552967	0.979509673946271	0.348930323379771	0.561418936800419	-5.96388616991788
1542	-0.628316879102552	2.9032232039635	-0.979394117988899	0.348984833753914	0.561418936800419	-5.96399674360143
2819	-0.146089070701462	1.3667953429288	-0.979236599458196	0.349059148800261	0.561418936800419	-5.9641474531462
4812	-0.121327311076342	1.10114697198884	-0.978690139329711	0.349317050253259	0.561647021975829	-5.96467013543668
4202	0.407945751974503	1.68629923707917	0.977477281123563	0.349889952506255	0.562152967740531	-5.96582935223954
957	0.331832869864271	2.39542732094476	0.977286234877155	0.349980256757462	0.562152967740531	-5.96601184002394
1965	-0.1819101931764	0.519410140273511	-0.977194414197298	0.350023664824936	0.562152967740531	-5.9660995367752
4088	-0.165769169869717	1.94079839410528	-0.976881647623723	0.350171554024754	0.562152967740531	-5.96639820466001
431	-0.190440912195753	0.880228903323999	-0.976794645304473	0.350212700448525	0.562152967740531	-5.96648127100246
1326	-0.106899905119118	1.40590324490305	-0.976371966329449	0.350412650000595	0.562287363417207	-5.96688474040748
3689	-0.217604739195457	2.01576465083015	-0.975748731955165	0.350707624055292	0.562574099860578	-5.96747938538112
2509	-0.175147844240584	1.00120734314773	-0.974103081890286	0.351487368910834	0.563451464749726	-5.96904802560535
4604	-0.165005890864884	0.824756305327411	-0.974005331738908	0.351533724592326	0.563451464749726	-5.96914113205554
1543	0.271889176223209	1.79464399983254	0.973794582251466	0.351633682600307	0.563451464749726	-5.96934184323492
2978	-0.645128560714045	3.16530108720682	-0.973611728270838	0.351720426528353	0.563451464749726	-5.96951595829515
3519	-0.242330936124958	1.87081233773672	-0.972807243255786	0.352102249690732	0.563876426350137	-5.97028167191215
3593	0.144441870673207	1.45785167567164	0.971815450549975	0.352573385812243	0.564444090191804	-5.97122494000621
2082	-0.738812360256223	3.59900106792781	-0.971082375129056	0.352921915598116	0.564789813501049	-5.97192163326848
1688	-0.229482667513693	0.768377254597408	-0.970870240184381	0.353022818525666	0.564789813501049	-5.97212315827512
3907	0.297129067823914	1.59884601434265	0.970380122604055	0.353256025000053	0.564976082297606	-5.97258862217358
2722	-0.349737479529916	2.58134581619102	-0.969944015917973	0.353463625892819	0.565121289514031	-5.97300262716829
2976	-0.885155436074398	2.98358331109061	-0.968942590805486	0.353940670758776	0.565697048275838	-5.97395271281518
1689	-0.276199676396936	0.653601364091198	-0.967969211358954	0.354404801792608	0.565988075905348	-5.97487540552424
4241	-0.173192213475428	1.7014615804906	-0.967616781706264	0.354572957300369	0.565988075905348	-5.97520929221036
105	0.411001247683488	3.83676086675709	0.967517335720588	0.354620416606223	0.565988075905348	-5.97530348751358
823	0.427194478145278	4.00566763719915	0.967496600742353	0.35463031268394	0.565988075905348	-5.9753231266801
3399	-0.227774992619866	1.45724948569669	-0.967262832898611	0.354741895686561	0.565988075905348	-5.97554451593389
3328	-0.197421562013813	1.83987820265279	-0.9670894190041	0.354824686693039	0.565988075905348	-5.97570871826545
669	0.123262026264874	1.3863291086738	0.966370041402019	0.355168279995701	0.566349419452604	-5.9763896206881
2260	0.303279496049997	1.42589627524817	0.963959257469203	0.356321484712187	0.568001101495078	-5.97866837901859
794	0.210572842370013	2.19237823367285	0.963479527354929	0.356551286854705	0.568171588340123	-5.97912126922299
1085	0.257724732481939	2.37061767530163	0.963245742433354	0.35666331413579	0.568171588340123	-5.97934190603221
3075	-0.604158201423969	3.20159531388994	-0.9621159762053	0.357205044039629	0.568847268947901	-5.98040750274447
1541	-0.442245479863008	2.02672567992188	-0.960959186061597	0.357760346449693	0.569419003454239	-5.98149750411097
4320	0.219822900525841	0.573280968774878	0.960877761926646	0.357799456490468	0.569419003454239	-5.98157418576941
3962	0.346378137367537	1.02664266210529	0.960335667165967	0.358059916629865	0.569568323299252	-5.98208456803341
3574	0.31210025980262	1.68778964213039	0.96016566824269	0.358141624093538	0.569568323299252	-5.98224457236395
4732	-0.143127905531868	1.36109223174782	-0.959792751599543	0.358320907987482	0.569568323299252	-5.98259548136757
4561	-0.139600743798252	2.13384557210443	-0.959702732961159	0.358364195147359	0.569568323299252	-5.98268017046056
4721	-0.300435213253305	1.11352193946856	-0.958704909738113	0.358844269447735	0.570144031391837	-5.98361847201009
4859	-0.288094712899026	1.22369637103064	-0.957022587857037	0.359654718455477	0.571074881156304	-5.98519858879736
4531	0.218634228818187	0.72600669452229	0.956998736761357	0.359666218041186	0.571074881156304	-5.9852209741583
1346	0.122538116341963	1.94184041970199	0.955658033975121	0.360313050657766	0.571737203034331	-5.98647853374693
651	0.134939493812883	0.705678541240777	0.955644250697116	0.36031970484739	0.571737203034331	-5.98649145458161
4096	-0.147132879192234	0.846415859804944	-0.955185879288704	0.360541044323677	0.571849309989101	-5.98692105586572
512	-0.291252294648859	0.960055940651013	-0.955008433799526	0.360626755844718	0.571849309989101	-5.98708731739471
1138	-0.587544113958332	5.94284608275377	-0.954552197353094	0.360847198996734	0.572011385565596	-5.98751467937947
2215	0.158798052478556	0.625851925689459	0.953555189190094	0.36132926759569	0.57258794517784	-5.98844799205755
929	0.135427234621169	1.63978193035629	0.952944830917964	0.361624613134005	0.572820537332162	-5.98901895257757
4841	0.277873191602334	1.68602118084212	0.952762562279381	0.361712844470805	0.572820537332162	-5.98918939652157
3865	-0.1298627172845	1.56345478296213	-0.951803351200974	0.362177427232017	0.573368584080006	-5.9900859274978
3698	-0.136916280096528	0.703198274356741	-0.949733185614774	0.363181545858647	0.574740717574564	-5.99201823135519
444	-0.154423819045331	1.85319335317645	-0.949526819155836	0.363281751621128	0.574740717574564	-5.99221066111477
4866	0.120609203144442	1.08799383204372	0.949074585212753	0.363501412986514	0.574800717131724	-5.99263223107023
3175	0.412484647236562	2.08538320758105	0.948821113338221	0.36362457222277	0.574800717131724	-5.9928684422907
927	-0.102885536690094	1.09438196162506	-0.948715073233637	0.36367610482435	0.574800717131724	-5.99296724565037
383	-0.419673932881559	1.41017256185369	-0.948005937721375	0.364020859776575	0.575108688493722	-5.9936277472327
2340	0.143702061349713	1.79440015676949	0.947825324259398	0.364108704600304	0.575108688493722	-5.99379590748705
556	-0.247766716399486	0.926388696029402	-0.945931283175574	0.365030821604531	0.576376995731958	-5.99555773155194
82	-0.207314511480566	2.4665143574084	-0.944945527721619	0.365511398439318	0.576947518972079	-5.99647350078605
668	0.135377124701384	1.60289174296018	0.944431088129633	0.365762378216748	0.577155376977373	-5.99695109713589
4648	0.206800703706076	0.717346803123488	0.943951379687549	0.36599652461758	0.577251585506495	-5.99739625234529
70	-0.147569005616031	1.14846554569598	-0.943817314745307	0.366061981052899	0.577251585506495	-5.99752062657423
1777	-0.280205206687848	1.22931031975988	-0.943163013275798	0.366381559951988	0.577567281540475	-5.99812741912143
954	-0.232323649684309	1.68036569768583	-0.942167112256713	0.366868367764081	0.577891193275762	-5.99905032695706
3168	-0.572330727763633	2.22293630996718	-0.941993633279487	0.366953213460297	0.577891193275762	-5.99921100698559
390	0.188986272641391	0.729927693491383	0.941797400880727	0.367049204354274	0.577891193275762	-5.99939273166643
3430	-0.358410071329708	1.39192873546137	-0.94176546560937	0.367064827808271	0.577891193275762	-5.99942230290156
236	0.177688872270129	1.19702247747697	0.940527007419546	0.367671075435835	0.578657339934473	-6.00056843092949
1578	-0.1769504129014	1.02068910215528	-0.94023723918562	0.367813025228501	0.578692493026175	-6.00083641259045
2968	0.423997841774113	3.72776524693485	0.939701816223215	0.368075417558371	0.578917057915279	-6.00133139585871
1166	-0.33080710115643	3.24348701674949	-0.939147643170726	0.368347139134188	0.579156145314008	-6.00184346251548
1402	-0.174353314536893	1.43849027709842	-0.93834970789333	0.368738632960601	0.579583335368222	-6.00258032240114
4077	-0.325506005467584	1.08354493010728	-0.937700549868253	0.369057350226471	0.579895894899535	-6.00317940267582
2237	0.243196956608496	0.649092641773415	0.937226629633418	0.369290154786861	0.580073301577544	-6.00361654239748
781	0.125220885569381	1.81591830062571	0.935959880510655	0.369912934921714	0.580650936370386	-6.00478406407737
1045	-0.133643360606154	1.74425561181324	-0.935627576202462	0.370076431493016	0.580650936370386	-6.00509011733168
2227	0.331155211519561	1.18200385701927	0.935518491853135	0.370130113132165	0.580650936370386	-6.00519056432136
2223	0.23910433356687	0.463359725582388	0.93550253182398	0.37013796770696	0.580650936370386	-6.00520525979663
2492	0.309284820098552	1.73640758082373	0.934751479773623	0.370507724788325	0.581042584287169	-6.00589656449339
4385	0.344697591278502	3.44563945888986	0.933780422314806	0.370986183795816	0.581604393131614	-6.00678967713321
3779	0.138192095255588	1.80506436300202	0.931664826154928	0.372030098959129	0.583052030697851	-6.00873274018144
1717	-0.274109186813539	0.663498973523412	-0.931161911004079	0.37227856276603	0.583252489204033	-6.00919409255036
3670	-0.110072124714667	1.29628637041277	-0.930874058946724	0.372420828231597	0.583286489797496	-6.00945806057308
2802	-0.131856117175421	1.57730027919055	-0.930529058331463	0.372591389107181	0.583364770388525	-6.00977434433474
3451	-0.219700700188303	0.51377883629189	-0.929275560718238	0.373211557642282	0.584054308798812	-6.01092266888976
1887	-0.178000955865042	1.13152279075998	-0.929150972953331	0.373273237454718	0.584054308798812	-6.01103673166632
1447	0.315550035982878	1.85344704537469	0.92625210292894	0.374710424279057	0.586113492616255	-6.01368705082461
2915	-0.28377613070762	3.63692949630851	-0.925061482702111	0.375301837044262	0.586848832456412	-6.01477355255305
2600	0.301978407820818	1.94848848141428	0.92480968410808	0.375426996642417	0.58685486583393	-6.0150031797836
3331	0.155507267913942	1.32334297109857	0.923752216485068	0.375952946213726	0.587312449929331	-6.01596695623561
3321	-0.20265848494694	2.74506613697759	-0.923732983195885	0.375962517038267	0.587312449929331	-6.01598447680059
4358	-0.322043619496141	2.36480023731543	-0.923215589665065	0.376220045823963	0.587525042510113	-6.01645568025983
2934	-0.59898473872396	3.24296255986085	-0.920497549216093	0.377574977106693	0.589362542047079	-6.01892738689496
3412	-0.105815795036173	1.0461197395125	-0.920366638131102	0.377640322518798	0.589362542047079	-6.01904627736751
1754	0.22042152030446	0.507321369423405	0.919756728586795	0.377944869365547	0.589525997515144	-6.0195999939526
2246	0.211161724357112	1.022004027295	0.919668848632361	0.377988764839185	0.589525997515144	-6.01967975153063
1674	-0.186212008750845	0.620211895604144	-0.918852005773627	0.378396944620688	0.589965122519163	-6.02042078710949
2575	0.153441755533985	1.05719606956759	0.918617454214022	0.37851420841246	0.589965122519163	-6.02063346762348
3933	0.326662175952532	2.79706841321904	0.91818205573921	0.378731953291099	0.590114392921848	-6.02102814445701
1403	0.180046962883242	1.62236563603232	0.916573412466704	0.379537208897841	0.591178691773263	-6.02248495559698
4276	0.523289455086784	6.30906974551216	0.914947861626472	0.380352151795968	0.592257389890214	-6.02395487049132
2321	-0.214803744988776	2.40832095612414	-0.913320265697044	0.381169352366341	0.593338908220192	-6.02542440908114
2085	-1.18310122682224	4.25084633346008	-0.912264937186522	0.381699881872405	0.593876164469173	-6.02637606266328
914	0.343287774098456	3.19930204731555	0.911977868993046	0.381844285061388	0.593876164469173	-6.0266347672425
321	-0.164553174741801	0.763945901372989	-0.91171081673563	0.381978654126655	0.593876164469173	-6.02687537125316
4522	-0.208812839089879	0.991625102145617	-0.911657463629232	0.382005503064917	0.593876164469173	-6.02692343319232
1033	0.188389871615606	2.47575131079036	0.910771029364966	0.382451778178435	0.594205490970115	-6.02772160664043
1461	0.222920019027401	2.3801581084357	0.910748787906411	0.382462980339177	0.594205490970115	-6.02774162504103
98	0.261925499895979	2.16362849470898	0.909945202724173	0.382867869508174	0.594643580314782	-6.02846461142485
2241	-0.187680364968712	1.81346438635428	-0.909624502610266	0.383029539285442	0.594703758364239	-6.02875299370046
2149	-0.258701205666217	1.00679890098286	-0.908076951902893	0.383810355898524	0.595690048848419	-6.03014337456362
2653	-0.309194376923519	1.50519660055849	-0.90787757632357	0.383911031895281	0.595690048848419	-6.0303223545968
4568	0.141932221261035	1.57250902646075	0.907418065452774	0.384143135364287	0.595801453962628	-6.03073473109903
2977	-0.534622991580278	2.92506828993098	-0.907247863243821	0.384229131121	0.595801453962628	-6.03088742957745
1616	-0.176963105251183	1.64251355997951	-0.90560018821756	0.385062326564948	0.596902126216348	-6.03236439205287
3191	0.13746542845656	1.53143849490253	0.904800586769089	0.385467124005908	0.597239457407604	-6.03308032190129
4540	0.374848795476049	2.65943366059485	0.904380039143775	0.385680145237744	0.597239457407604	-6.03345664593512
1134	-0.463649218239754	6.17247528402072	-0.904087366947747	0.385828441926491	0.597239457407604	-6.03371845333896
3830	-0.128405231150469	1.69145143952354	-0.903785456685004	0.385981461307514	0.597239457407604	-6.03398844869884
1854	0.258582515864682	0.760415237807597	0.903752961328964	0.38599793369463	0.597239457407604	-6.03401750438042
3314	0.50196156803758	5.32874646673076	0.903341556061715	0.386206523740087	0.597239457407604	-6.03438528466971
4453	0.280737135940203	2.9573354238285	0.903209287574536	0.386273603032451	0.597239457407604	-6.03450349714073
3629	-0.125228617880471	1.81453226352535	-0.903063010955606	0.386347795959164	0.597239457407604	-6.03463421188576
2031	0.157155403139503	1.99512021653861	0.902977903859261	0.386390967690327	0.597239457407604	-6.03471025639842
3215	0.13929254049282	1.49872352770305	0.902239172026076	0.386765841071326	0.597627958832027	-6.03537006734522
4548	0.28105073746248	0.682455356016877	0.900362017667675	0.387719555606775	0.5989103480286	-6.03704460185528
982	-0.199189369885754	2.62143789183767	-0.899947042441685	0.387930610899186	0.59892501556888	-6.0374143819802
2648	0.190173382207817	1.29183346238795	0.899856555434735	0.387976642991499	0.59892501556888	-6.03749499464198
943	0.503050205618347	4.54689489714897	0.897423971254345	0.389215562917135	0.600645899008963	-6.0396595234706
3000	-0.419527376617417	2.30498013233336	-0.896863526837254	0.389501388628758	0.600817792247683	-6.04015749924968
1898	-0.105853525066217	1.13418490950986	-0.896718602984948	0.389575323332158	0.600817792247683	-6.04028622613509
903	0.386273781812864	3.00714572023387	0.89612283973798	0.38987936201095	0.601095077568188	-6.04081521850442
449	-0.171119650978925	1.46154967470243	-0.895809416373705	0.390039379132669	0.601150212247166	-6.04109339363716
2209	-0.296513279799759	1.39243489987956	-0.895564002204501	0.390164706319926	0.601151862794842	-6.04131114981311
100	0.390855457471253	2.78200115083612	0.894761548652199	0.39057469589735	0.60145058631543	-6.04202281044622
1809	-0.178535776294648	1.16360291013046	-0.894490229112085	0.390713386250593	0.60145058631543	-6.04226330805031
1300	0.35804086195061	1.60841500415496	0.894454719024769	0.390731540469078	0.60145058631543	-6.04229477955916
1667	-0.337914192616459	0.736906549946993	-0.89327359237203	0.391335715299979	0.602060336209501	-6.0433409656297
4580	-0.120652911290834	2.08147601549073	-0.893193805230485	0.391376551752559	0.602060336209501	-6.04341159455119
2024	0.109380305542782	1.39669171249869	0.892727595147235	0.391615225423569	0.602236001461929	-6.04382418336886
791	0.15250030677567	1.5966347130001	0.891046607248253	0.392476637379421	0.603368913772366	-6.04531029722668
421	0.195348479810532	1.89361887884751	0.890323188472909	0.392847753441028	0.60374759566318	-6.04594911131571
955	-0.152873404100096	1.63033837374699	-0.889605071525015	0.393216390393497	0.603958488833001	-6.04658280299991
1351	-0.168974815234942	1.01115585730863	-0.889178927755997	0.393435259719526	0.603958488833001	-6.04695863964697
3610	0.342523270521769	2.08570374173944	0.889096383412703	0.393477664624038	0.603958488833001	-6.04703142158371
3712	-0.174387244850012	1.18778265050519	-0.888848558328209	0.393604997039469	0.603958488833001	-6.04724990186213
2623	0.335673590322234	2.38871102043651	0.888747794998631	0.393656777360201	0.603958488833001	-6.04733871891001
2692	0.30557039875803	1.18335871757502	0.888559155855754	0.393753728051801	0.603958488833001	-6.04750497014912
2394	-0.118625908789823	1.73703352292051	-0.888354687877215	0.393858832630864	0.603958488833001	-6.04768513739645
1972	0.379293653184646	1.13757929284183	0.886561558160062	0.394781404682968	0.605181380182572	-6.04926362958487
2067	0.0978151994739988	1.58142404029817	0.88607163650153	0.395033731303377	0.605376367451928	-6.04969443075004
4224	0.33806657710329	1.71130930205411	0.885047479038727	0.395561568377942	0.605993308363674	-6.05059433817612
3623	0.150647032817083	1.24611479390185	0.884707740697823	0.39573677270442	0.606069802578026	-6.05089266197427
4823	0.339445013220466	1.33298640186775	0.88319129644582	0.39651946298716	0.60707631706705	-6.05222304796402
3558	0.22088722728729	2.08461200248676	0.882725923896647	0.396759872533805	0.607143479312903	-6.05263092828904
2824	0.265701698115865	1.14533746894854	0.882620553754218	0.396814320295039	0.607143479312903	-6.05272325528686
2032	0.169805628398346	1.9025948288162	0.882201773545078	0.397030767006194	0.607144797234219	-6.05309010337998
684	0.170742440113328	2.00456231997307	0.882133287789744	0.397066171651316	0.607144797234219	-6.05315008208898
4769	-0.184246044072207	2.04700439582215	-0.881738599793814	0.397270253481899	0.607264924595712	-6.05349566526913
2681	0.227078257870561	1.13001558453889	0.881182674481483	0.397557829324303	0.607512564204352	-6.05398219962235
1803	0.29847084498079	3.4420661328717	0.879777083496766	0.398285571363841	0.608250161406728	-6.05521116470494
1695	-0.315991648836785	1.03030918566368	-0.87976474853602	0.398291961830615	0.608250161406728	-6.05522194217792
3695	-0.320683695528977	1.95997665867917	-0.879038826596443	0.398668170254814	0.608538616330278	-6.05585597541092
3592	0.114887106005547	1.1368229102598	0.878818858645285	0.398782216804912	0.608538616330278	-6.0560480103039
1328	-0.114401852624657	1.93693304422797	-0.878672337339805	0.398858196027968	0.608538616330278	-6.05617590232769
1507	-0.182752845443068	0.493802800369997	-0.876394462338611	0.400040680537407	0.61015031918032	-6.05816179430549
4071	0.321823264432973	3.03929380639826	0.875819007050607	0.400339790841543	0.610414090164319	-6.05866278287652
2251	0.152511934329178	0.414630463149909	0.875519749029108	0.400495400063554	0.610458962037641	-6.05892320322582
986	0.248436265693126	3.34066599507617	0.874258905618848	0.40115147469198	0.611266404585763	-6.06001957089114
1989	-0.18030973891842	1.08411073006475	-0.872646982716186	0.401991307582099	0.612353257582556	-6.0614192330304
3711	-0.0937554642166316	1.17411521861391	-0.872158834447795	0.402245877277406	0.612548175721779	-6.06184266095956
2937	-0.434046354267383	2.56260217581628	-0.871895516148348	0.402383243920862	0.612564548171532	-6.06207098264368
1034	0.267765150426412	3.18558673752417	0.871144340221159	0.402775290772168	0.612904517552417	-6.06272199529168
3477	0.177357105060945	1.85233804770355	0.870842490584128	0.402932903169142	0.612904517552417	-6.06298345911709
1274	0.346819069908755	2.434473228524	0.870739632801881	0.402986620573426	0.612904517552417	-6.06307253720598
861	0.243704296638999	2.43168018156166	0.870017814994664	0.40336372761732	0.613281715895673	-6.06369739834255
1696	-0.371361014851506	1.18685128008186	-0.869779747920133	0.403488156613462	0.613281715895673	-6.0639033893039
3431	0.253363649547773	1.68134925146797	0.868222394532997	0.404302777640571	0.614326896427476	-6.06524970905468
2283	0.21834282856214	0.549434189625325	0.867798839455134	0.404524525753231	0.614469483193766	-6.06561550807101
3719	-0.190944995127725	0.800307985198779	-0.867558031992835	0.404650635273944	0.614469483193766	-6.065823410113
3385	-0.197999267135957	2.67207398087429	-0.867296015782762	0.404787882274957	0.614485024928221	-6.06604956609045
1210	-0.392344656879663	3.10864774565434	-0.866664367474951	0.40511887768063	0.614710543298587	-6.06659452228125
2951	-0.182717257868989	1.14743169954206	-0.866501776199589	0.40520410848773	0.614710543298587	-6.06673474270576
4527	0.186015967422035	1.98428534165821	0.866168235003165	0.405378990129601	0.614710543298587	-6.06702232086003
822	0.444797292730013	3.8305985085818	0.865963395402734	0.405486416803959	0.614710543298587	-6.06719888540144
2546	-0.130067723273159	1.56656147561811	-0.865800738262194	0.405571735057687	0.614710543298587	-6.06733906439029
1910	0.154162226852685	1.21157724675361	0.864792615260737	0.406100797851357	0.615120274883805	-6.06820736276894
2073	0.271334475282568	1.56797963017922	0.864538382845285	0.406234293447156	0.615120274883805	-6.0684261953301
2673	0.274570656953668	0.821193517055881	0.864257012594878	0.406382073887553	0.615120274883805	-6.06866832202305
2775	0.211596037423611	1.01745337571459	0.864126644741048	0.406450557754711	0.615120274883805	-6.06878048393403
2519	0.243387183001145	1.95364044668581	0.863941004929545	0.406548090283624	0.615120274883805	-6.06894017374573
2404	0.167025104371078	1.55323059115249	0.863832837170942	0.406604927465566	0.615120274883805	-6.06903320737114
2310	0.191961188397386	0.529969672989215	0.863103465718949	0.406988320329551	0.615288451957976	-6.06966026639601
2981	-0.464999847921972	3.0234983423782	-0.862985722030696	0.407050235236857	0.615288451957976	-6.06976145058432
1927	-0.321664049530931	1.41853228947378	-0.862895599284448	0.407097630160703	0.615288451957976	-6.06983889036354
1764	-0.267923072892418	1.13939060570986	-0.862576429863392	0.407265509435536	0.615349948360126	-6.0701130867283
4040	0.26316302894498	3.12971149079053	0.862204091461662	0.4074614146764	0.615453738434101	-6.07043284910193
3494	-0.166393350745684	0.979351902247325	-0.859691186769133	0.40878525687363	0.617260634442767	-6.0725877886277
1863	0.178502279548279	1.80993225289449	0.858359125894238	0.409488197485076	0.618129141788704	-6.0737278834414
4741	-0.413106082466635	3.17541939376411	-0.857537847616727	0.409922003473111	0.618523387487057	-6.074430040895
4918	0.306926134926983	1.37353901661582	0.857380663957623	0.410005064834847	0.618523387487057	-6.07456435960622
138	0.243456739859661	2.00081342882125	0.855965066619411	0.410753632186791	0.619459498915117	-6.07577307158317
95	-0.286363775915166	1.90636584710516	-0.855157613675236	0.411181029005713	0.619905916729084	-6.07646174060812
4402	0.202321622770583	2.85730994216053	0.854921791814736	0.411305910024878	0.619905916729084	-6.07666276430821
2644	-0.27359626123153	1.30290300971903	-0.854561967055588	0.411496507257714	0.620000031800941	-6.07696940004759
3738	0.0951704194276643	1.39766821906262	0.853629700518664	0.411990602901954	0.620551225666144	-6.07776333774526
2626	0.214371309493582	0.733651044925879	0.850962076704195	0.413406651989211	0.622407487544996	-6.08003097853564
2077	-0.840478623615704	3.69972783262228	-0.850823514853588	0.41348029453692	0.622407487544996	-6.08014859576729
1647	-0.252055235056043	1.28686152524371	-0.848834262585953	0.414538518040188	0.623806329791113	-6.08183532061524
4739	0.147837268545491	1.83401374134484	0.848088280166806	0.414935831058277	0.62418410192116	-6.08246696703886
2103	0.138532991490718	0.981147797600273	0.847878526221185	0.415047593195612	0.62418410192116	-6.08264448508746
3668	-0.140980692613118	0.883148630127999	-0.847542201531746	0.415226837893999	0.624259615205459	-6.08292904211169
686	-0.156908737561763	2.52695491808415	-0.847188892260732	0.415415190941368	0.624348770976805	-6.08322786350374
2178	-0.258978690014433	1.16613566563534	-0.846466688670185	0.415800385357284	0.624733622471597	-6.08383835005653
3199	0.120786886591333	1.49718989650076	0.84540193649256	0.416368721726495	0.625058734394191	-6.08473756908451
1794	-0.380623200752968	3.38511477654465	-0.845240585314002	0.416454892464731	0.625058734394191	-6.0848737495068
2091	-0.175672220186834	0.89663346191458	-0.844815770853297	0.416681825242849	0.625058734394191	-6.08523218461332
4744	-0.122688066935671	0.828634694785149	-0.844473685766884	0.416864625286227	0.625058734394191	-6.08552070302764
585	-0.197317171489643	1.20694778728447	-0.844330344340454	0.416941238755751	0.625058734394191	-6.08564156850979
2736	0.191042158636057	1.07999104134767	0.84426288253517	0.416977299193014	0.625058734394191	-6.08569844610848
2222	0.153487736522999	0.650047999466648	0.843945880078896	0.417146775076917	0.625058734394191	-6.08596566040116
3109	-0.379178439439175	2.69915449728919	-0.84370883779171	0.417273533025862	0.625058734394191	-6.08616541581926
2327	-0.163265380673659	2.47006995642816	-0.843661214687332	0.417299002533406	0.625058734394191	-6.08620554188194
2503	-0.135563479100135	1.78293207395604	-0.84364299719604	0.417308745781983	0.625058734394191	-6.08622089097205
4151	-0.476845149446138	2.67310450636771	-0.842409522685058	0.417968801203403	0.625707528416697	-6.087259478509
1500	-0.191648291481966	2.65601715612574	-0.842350198059262	0.418000564663656	0.625707528416697	-6.08730939652458
4908	0.205976685208038	0.884695655443936	0.84158521828249	0.418410294259204	0.626127127629455	-6.08795280502187
571	0.176600735993274	2.22242537661884	0.841295497493495	0.418565541801457	0.626165767234215	-6.0881963499189
3049	0.259026509727321	0.515338991581388	0.84079564385739	0.418833480754178	0.626372914957871	-6.08861636446486
2365	-0.166283006352031	1.28789058408864	-0.839888136819341	0.419320231378244	0.626716721314621	-6.08937836296699
3831	0.0965005784024507	1.20345616114829	0.83988399668941	0.419322452851474	0.626716721314621	-6.08938183762719
1042	-0.109342344494306	1.5366554344466	-0.839421043307981	0.419570910143831	0.626894398788095	-6.0897702831791
790	0.13980218355826	1.73347194354479	0.838407414281047	0.420115249324838	0.627513916713049	-6.09062012529057
2354	0.406687705004166	4.06972570735996	0.837317832168346	0.420700906385896	0.628076289632351	-6.09153264708491
1325	0.0915714636133798	1.34759764334128	0.837223946507166	0.420751396175785	0.628076289632351	-6.09161122751919
4182	0.257228089906086	1.37016669504558	0.835647625800034	0.421599717428556	0.62903322174399	-6.09292942624873
804	0.257712121138175	2.41504122720484	0.835549639345114	0.421652488242199	0.62903322174399	-6.09301129574867
1361	0.185692421295124	1.85381656828193	0.833722687335736	0.422637209256207	0.630149149640691	-6.09453621008254
4170	0.104928052212525	1.67317971431496	0.833678555928858	0.422661015002902	0.630149149640691	-6.09457300941898
2969	0.163071922751758	0.496558602945265	0.833096126155919	0.422975278576476	0.630206502290004	-6.09505851357279
2754	0.32796375693556	1.54205285738685	0.832939066413516	0.42306005063701	0.630206502290004	-6.09518938523137
2080	-1.02423087738627	4.3056860285764	-0.83288308580528	0.4230902685899	0.630206502290004	-6.0952360264331
501	-0.183457986974786	2.83037006588356	-0.831380117913614	0.423902101274565	0.631221411500875	-6.09648722394939
1495	0.171366685624166	1.52417535543038	0.828412724741625	0.425508008591246	0.633275887750702	-6.09895172051594
4080	0.306315397104792	1.74671510817235	0.828340722901624	0.425547025354238	0.633275887750702	-6.09901142394494
2873	0.215324539718174	0.92121534553823	0.828105527737403	0.425674490898157	0.633275887750702	-6.09920641445612
2849	0.162466156798555	1.48418306773581	0.827209778164928	0.426160181790597	0.633803553489981	-6.09994859860186
1335	-0.265110754218267	2.39584655363885	-0.826718731220958	0.42642659294104	0.633927854189152	-6.10035516261124
871	0.296026720059502	3.16866083590795	0.82657273691439	0.426505821700225	0.633927854189152	-6.10047599827185
1052	-0.115177889968178	1.12496890696046	-0.82332810622836	0.428269166118741	0.636163046314678	-6.1031566615723
2698	-0.284519082855618	2.39689410010855	-0.823186723357216	0.428346113121498	0.636163046314678	-6.10327325949549
3466	-0.32903053358016	2.92059247576139	-0.823037216401806	0.428427491639629	0.636163046314678	-6.10339653819592
3843	0.268608674335264	3.18822635699226	0.822838579872969	0.428535627932934	0.636163046314678	-6.10356029717411
2339	-0.204363919327362	2.67170525041239	-0.821643637107537	0.429186529703803	0.636768014633732	-6.10454469366322
4164	-0.161006427434671	1.3066640404823	-0.821607203263642	0.429206386052212	0.636768014633732	-6.104574688205
4086	0.155344079270648	0.813204745751013	0.821307199864282	0.429369910352292	0.636815336077372	-6.1048216247118
1450	0.160386840272944	0.935767615399174	0.820153277009963	0.429999270940872	0.637553316828666	-6.10577069436536
3875	0.261528706576501	2.02572896846974	0.819638056047922	0.430280475372086	0.637689844820777	-6.10619407069777
3479	0.511223271241586	1.83702797774434	0.819501605543597	0.430354969685787	0.637689844820777	-6.10630615801516
346	-0.228035374129008	1.8839948563536	-0.81775885222983	0.431307168841091	0.638905108038334	-6.10773630037943
1694	-0.363870406998722	1.03204412498178	-0.816119326468033	0.432204242746986	0.640037994003648	-6.10907928724768
3978	0.281801563781738	2.1444394202724	0.815864046668386	0.432344031495519	0.640049089466133	-6.10928818156066
312	0.13931526974041	1.73318820282296	0.814367829570901	0.433163948101694	0.640978942182066	-6.11051137273652
1861	-0.157925622191091	1.60143626419557	-0.814234410950387	0.433237110569524	0.640978942182066	-6.11062034948075
2888	-0.247593011062578	1.74897838331975	-0.813255567783291	0.433774126844263	0.641535098356829	-6.11141939080529
4562	-0.132686732734511	2.03252468232755	-0.813065920376612	0.433878222782874	0.641535098356829	-6.11157410435398
935	0.20423007598089	2.39795781162021	0.812678704381326	0.43409081386526	0.641653332563437	-6.11188989482672
3799	0.0983921435829937	1.32083965871744	0.812276848526009	0.434311515454085	0.641783479464527	-6.11221748458241
2497	-0.266593197009991	1.58759307615409	-0.810789223475216	0.435129173615323	0.642795402122423	-6.11342894238374
2757	0.195708431030452	1.38908545814393	0.810041976727522	0.435540273868218	0.643149851036081	-6.11403672944869
1977	0.182473661111945	2.0701120076637	0.809869887029631	0.435634985912616	0.643149851036081	-6.11417663182114
2063	-0.158121277083051	1.89720867855616	-0.807357533301754	0.437019244312132	0.64492438665659	-6.11621609458807
4861	0.311239033625894	1.24134966491954	0.807204659422171	0.437103568385068	0.64492438665659	-6.1163400131665
2220	0.200225393082506	0.729999868357955	0.805503434908468	0.438042674613041	0.646040482355486	-6.11771761708825
1132	0.474477661193048	5.61633546904093	0.805269272679263	0.438172040291835	0.646040482355486	-6.11790703421898
3746	0.161656900897725	0.965614280085709	0.805108968732892	0.438260616595846	0.646040482355486	-6.11803667830514
4340	-0.0939080402654791	1.22286772865236	-0.804635040040155	0.438522555886624	0.646229706177121	-6.11841982972678
4570	0.176219839402551	1.1533787129138	0.803868122492569	0.438946647646626	0.646295101717855	-6.11903942823021
56	0.255688201464131	1.98871478534268	0.803708112689674	0.43903516422581	0.646295101717855	-6.11916863556422
2344	0.12838658486197	1.53253212975009	0.803646085173836	0.43906948067781	0.646295101717855	-6.11921871644681
4112	0.177424876300701	1.12441843880015	0.803588607749469	0.439101281386232	0.646295101717855	-6.11926512054749
4277	0.503414232791139	6.67475769213219	0.80188583182593	0.440044068373848	0.647396209414354	-6.12063851751467
4827	-0.122240668371763	1.71554298507157	-0.801754176941266	0.440117017933818	0.647396209414354	-6.12074459831875
2442	-0.124461928257372	1.14809183651973	-0.799561292339024	0.441333256158339	0.64883053149445	-6.12250924858454
4856	-0.172397458987411	0.94482665767171	-0.799512522217815	0.441360330539115	0.64883053149445	-6.12254844611741
3924	0.174924853488615	0.796483280262241	0.799230816528377	0.441516738736099	0.648863299515567	-6.1227748172895
3230	0.092164073141589	1.18545236337235	0.797746658683307	0.442341370554473	0.649629590246777	-6.12396628144658
4519	-0.0975950044827944	1.21512968543581	-0.797563618142263	0.442443141887431	0.649629590246777	-6.12411308845691
4822	-0.226943504619427	1.31235571333508	-0.797402665526973	0.442532644908805	0.649629590246777	-6.12424215529017
2005	0.155888991905742	1.87306659451502	0.797326030600538	0.442575264459152	0.649629590246777	-6.12430360022679
113	-0.110832786155788	1.23884639913838	-0.797064637929318	0.442720654924237	0.649645898854552	-6.12451314231882
3151	0.12599898713979	1.25797268068361	0.796704543480756	0.442920995983482	0.649742807328104	-6.12480170782706
3016	0.229313392509798	2.42846770926011	0.796200998177049	0.443201246423808	0.649783750194308	-6.1252050356202
4607	-0.253198711482099	0.990514072485256	-0.796171759567758	0.443217522869206	0.649783750194308	-6.12522844811458
4693	0.154946393137387	2.34671615722599	0.795860687411796	0.443390713630454	0.64984073691128	-6.1254774885829
2374	0.226084004418612	2.27095190979163	0.795534055750322	0.443572614857877	0.649910451448337	-6.12573889304399
523	0.165946868830026	0.458953825168097	0.79477814110571	0.443993771003505	0.650054757978375	-6.12634348971152
3348	0.314779289217893	4.97566140205191	0.794761704137946	0.444002931726285	0.650054757978375	-6.12635663069399
3603	-0.138346497310942	0.468635722857541	-0.794633837617993	0.444074199073694	0.650054757978375	-6.12645884885251
1724	-0.246911139228358	0.650853091957998	-0.793908188769804	0.444478786416967	0.65042901740307	-6.12703866600542
2787	-0.148194614151458	1.72374019713663	-0.793693107702733	0.444598751664315	0.65042901740307	-6.12721043263948
71	-0.120253485771424	1.08237789925068	-0.791397388579447	0.445880546710789	0.652107038992381	-6.1290412547983
2075	-0.517056391430115	2.66666831169079	-0.790628990603407	0.44631011303216	0.652538025642065	-6.12965299725748
1233	0.264575615338788	1.41876999385054	0.790084278532383	0.44661479301388	0.652593838442699	-6.13008633806054
972	0.191482123040015	3.11862178628206	0.790078429907518	0.446618065126865	0.652593838442699	-6.13009098944413
3164	-0.233936197520479	0.665690291907586	-0.789431029996146	0.446980360615361	0.652926021937535	-6.13060567469183
3554	0.138530334123712	1.37413938068325	0.788995781985689	0.447224040037881	0.653084788923414	-6.1309514879868
212	0.145884430354102	1.31244343787525	0.787548760844496	0.448034795829218	0.654071316301073	-6.13209995860763
3942	-0.247306667867521	3.37080742473331	-0.786574196509381	0.448581375861414	0.654602272530562	-6.13287239533343
2323	-0.172779608925489	2.36651092377437	-0.786417843315351	0.448669106182584	0.654602272530562	-6.13299624134213
3945	-0.336975135417402	4.67394864292633	-0.786142643663177	0.44882354875142	0.654630186572014	-6.1332141714895
3511	-0.146981849836524	2.12290495321954	-0.785718856103641	0.44906144669045	0.654779770671609	-6.13354963566904
4625	-0.116834379582066	0.870749424207068	-0.784573758727146	0.449704669670215	0.655334515999299	-6.13445527468456
2473	-0.182330513825799	1.44221794227209	-0.784559266981394	0.449712813790342	0.655334515999299	-6.13446672845256
3102	0.135935943568636	2.27849066484127	0.783318709518929	0.450410341297736	0.656033115999393	-6.13544652464673
524	0.212626496564064	2.92900366355006	0.783117167362745	0.450523728515544	0.656033115999393	-6.13560557314643
3796	0.102543260039406	1.36863479741782	0.782983362577925	0.45059901704547	0.656033115999393	-6.1357111460981
2110	0.248274153839713	2.27439325061438	0.78261319898524	0.450807341129883	0.656115189706985	-6.13600312432108
3568	-0.120472593079774	1.27745619098004	-0.782401299872455	0.450926623765135	0.656115189706985	-6.13617021119065
4573	-0.182194187398714	0.82672364699034	-0.78182819875493	0.451249337361097	0.656352176355958	-6.13662191182233
3669	-0.109606511650014	0.843396890570632	-0.781598256220831	0.451378860198594	0.656352176355958	-6.13680306269973
1104	0.415027537708927	4.03739256677912	0.78138945557311	0.451496495021213	0.656352176355958	-6.13696751674727
2781	0.247702526155105	1.36232239444213	0.780750042510373	0.451856853227316	0.656678719108969	-6.13747088352111
2060	-0.0939146054120402	0.524342910781357	-0.780372499947809	0.452069714769064	0.656790774790609	-6.13776792519442
334	0.131961762005851	0.716856961345315	0.779997980766695	0.452280935816493	0.656900380510415	-6.13806246184871
2307	-0.112154677199646	1.53724847994911	-0.779756245795783	0.452417303229639	0.656901234401258	-6.13825250495745
3687	-0.15766142874011	1.51871772457243	-0.779373196142657	0.452633443475195	0.657017881648063	-6.13855353711084
4145	-0.217078287743528	1.4690849366068	-0.778742072301257	0.452989708122961	0.657280366151143	-6.13904923937907
3070	-0.494116142873252	3.73367354199038	-0.778571563222699	0.453085990308818	0.657280366151143	-6.13918310063718
4029	0.145193066708345	0.784786242291324	0.778131526225934	0.453334529242052	0.657356824205466	-6.13952843913177
4249	-0.285354048225795	1.1509760516008	-0.777997152677723	0.453410442822166	0.657356824205466	-6.13963386007495
3138	-0.104421578413047	1.43432520220696	-0.777251975590851	0.453831575483127	0.657770270277821	-6.14021818442622
3549	0.101876758904809	1.67143910908895	0.776525852334983	0.454242182899807	0.657908424707132	-6.14078708818542
3105	0.39750701468504	3.09773649561254	0.776469143267635	0.454274260776213	0.657908424707132	-6.14083149872362
4546	0.208051451499537	2.65485875550825	0.776362021711957	0.454334858814909	0.657908424707132	-6.14091538088113
481	-0.113563817603226	1.63123550872201	-0.776005350676907	0.454536663138245	0.657947902288539	-6.14119459990377
4564	-0.116590646520232	1.83530971319754	-0.775833153863989	0.45463411272232	0.657947902288539	-6.14132936283372
2212	0.291238993770102	0.596601637394538	0.774737472594094	0.455254496121483	0.658528561128923	-6.14218622961188
2729	-0.276876849531475	1.38854507742776	-0.774643776779863	0.455307572752428	0.658528561128923	-6.1422594534184
2870	-0.21182526872462	1.462212813821	-0.774255541489785	0.45552754206242	0.658649805289297	-6.14256277737408
1065	0.0847598019707063	1.14249816029401	0.773272999542032	0.456084544074108	0.659258148858839	-6.14332982098455
2187	0.379053438626513	2.46430235672386	0.772698947656291	0.456410176399551	0.65953179014965	-6.14377756568871
4728	-0.140405089443394	1.64531685175162	-0.771760086566325	0.456943070076734	0.660053730291192	-6.1445092124679
425	0.222762892378517	0.837078096984244	0.771581936600992	0.457044232425691	0.660053730291192	-6.14464795372509
2557	-0.144903226360915	1.37835086352197	-0.770022510185567	0.457930366546087	0.661136112608167	-6.14586119816004
2096	-0.230789612102221	1.28251681906063	-0.769375202064059	0.458298519263098	0.661470237528302	-6.14636416498617
4102	0.273016434476043	1.83662899072885	0.767095017476881	0.459596874210537	0.662986797578179	-6.1481328897625
4221	0.182931909801408	0.73791693792971	0.767048580921068	0.459623340032495	0.662986797578179	-6.14816886159436
371	0.192962066865838	1.44471704792979	0.765612478605166	0.460442307373264	0.663970158888778	-6.14928037020195
2647	0.256069978203987	1.80768633361734	0.764689069530665	0.460969394055977	0.664532159845893	-6.14999408337693
3440	-0.226168282543917	2.14736013672624	-0.763826914079175	0.461461865305018	0.665000985914034	-6.15065975792867
4168	0.232826488671399	1.60814118237445	0.763587195536856	0.461598854548864	0.665000985914034	-6.15084472653136
2198	0.143915128300239	1.15684969515573	0.763398038906594	0.461706968103605	0.665000985914034	-6.15099064454502
1573	-0.105513019170606	1.9104123456699	-0.762379745008138	0.462289257948092	0.665068271477613	-6.1517756149088
4027	-0.194758083882852	0.644762369828762	-0.762206148633288	0.462388572163161	0.665068271477613	-6.1519093413338
3422	-0.113238514546706	1.97272843483413	-0.762078338647637	0.462461700767778	0.665068271477613	-6.15200777973742
423	0.280644754550652	1.15782640329098	0.761744263267588	0.462652882432072	0.665068271477613	-6.15226501263433
1559	0.24366645935975	1.55082363765124	0.761666277841829	0.462697518498253	0.665068271477613	-6.15232504568486
3708	-0.198235931760147	1.00127887645881	-0.761537413195142	0.462771282035689	0.665068271477613	-6.15242423342441
1148	-0.302466167673762	5.64083193863933	-0.761438006895737	0.462828188421992	0.665068271477613	-6.1525007366734
1106	-0.337765573099945	4.60119818714868	-0.761382131431271	0.462860176995819	0.665068271477613	-6.15254373459862
4301	-0.105831053501525	1.1965238556768	-0.761153831946701	0.462990892587143	0.665068271477613	-6.15271938889072
815	-0.329364347310801	3.33026151261857	-0.759489157036168	0.4639447342159	0.666240612685226	-6.15399876947761
1286	0.233142860819921	1.34488600023136	0.758845085105424	0.464314116766925	0.666573203833348	-6.15449309614348
693	-0.128981263005354	2.61746856293768	-0.756719293324423	0.465534611941414	0.667763424248558	-6.15612198048955
3033	0.218034258973292	0.71468312312494	0.756435018058227	0.465697979449952	0.667763424248558	-6.15633949562833
1953	-0.126736614064865	1.89606021234022	-0.756375672310695	0.46573208890666	0.667763424248558	-6.15638489518834
4743	0.152585898345893	1.43224944830157	0.756203478578393	0.465831067666163	0.667763424248558	-6.15651660551152
1644	-0.157227713721806	0.593714976764397	-0.756199576751232	0.465833310632262	0.667763424248558	-6.15651958969276
2616	0.289392477336063	1.64958918425652	0.754644897125053	0.466727565046796	0.668801220302982	-6.15770753587151
4127	0.111936589577659	1.82192951756148	0.754460404375319	0.466833757950221	0.668801220302982	-6.15784836315475
4572	-0.182927206383849	0.809104067196996	-0.754099192779384	0.467041713581706	0.668901068770957	-6.15812399434509
3419	-0.233615280748352	2.93625217739268	-0.753463566736367	0.467407797071466	0.669227263164177	-6.15860873669191
2078	-0.758627565940003	3.88716518915624	-0.753004416366638	0.467672354153863	0.6694079436084	-6.15895866678652
2326	0.142768260144389	2.25115038540992	0.751384539773105	0.468606466783914	0.670546609376095	-6.16019168726137
1919	-0.0897540071689846	1.25059694816951	-0.750829724197759	0.468926676580308	0.670806404877449	-6.16061345496791
3142	0.326844949006281	2.31786487193337	0.749689952403012	0.469584926468994	0.671295038769819	-6.16147902584199
1289	0.252085811472631	1.58615849415482	0.749612708636363	0.469629558045018	0.671295038769819	-6.16153764395774
1720	-0.259902720436036	1.3165269493126	-0.749517593035216	0.46968451968496	0.671295038769819	-6.16160981705491
4664	-0.170603513751752	1.07468738214357	-0.748981335739815	0.469994466998795	0.671539643041988	-6.16201657171979
4324	-0.252978870441716	2.50140141187717	-0.747639292705631	0.470770711257591	0.672253933419907	-6.16303337423503
3107	-0.518049361824258	2.54805397647706	-0.747636569153438	0.470772287396992	0.672253933419907	-6.1630354360763
4269	-0.228160464826789	3.82090650412539	-0.746809842756948	0.471250874087326	0.672653051091444	-6.16366099013172
3300	0.338244572052617	0.964049708157487	0.746502742437369	0.471428730774771	0.672653051091444	-6.16389320346832
3414	0.194882015266833	1.71934215916767	0.74632337538663	0.471532630537654	0.672653051091444	-6.16402879182887
3402	-0.14066276206456	2.50149059361019	-0.746193403697585	0.471607926685031	0.672653051091444	-6.16412702261661
3704	0.103574631116455	1.4553093035554	0.745426184452986	0.472052552363026	0.673088785243832	-6.16470656293555
242	0.13208114080269	1.29861700885796	0.744423476432213	0.47263404913442	0.67357579528606	-6.16546317831382
1782	-0.161777449859203	0.991615049700963	-0.744324846828961	0.472691271424809	0.67357579528606	-6.16553755198635
853	-0.169943807754192	1.74650397457054	-0.744117156941938	0.472811781891579	0.67357579528606	-6.16569413582495
2717	0.171395579071986	1.19295469929146	0.743533783666858	0.473150383344189	0.673705800226227	-6.16613374880143
4415	-0.226435717192803	1.10989032632214	-0.743365386253156	0.473248152962098	0.673705800226227	-6.16626059047766
4056	-0.131705185685461	1.36734741648703	-0.743240279405076	0.473320796810447	0.673705800226227	-6.16635480775041
978	-0.12328796736268	1.2548219480779	-0.742229025718024	0.473908243563889	0.674343553635911	-6.16711585362466
47	0.32160487920461	3.64268044143452	0.741332320633978	0.474429531658568	0.674658008749404	-6.16778991303573
1511	-0.490987360048353	2.93400759525269	-0.741213164177256	0.474498828888051	0.674658008749404	-6.1678794285761
3692	0.306201011978751	1.90222675059835	0.74112849525353	0.474548073242633	0.674658008749404	-6.16794302770376
3498	-0.236014443010913	2.20643349671039	-0.740889604146493	0.47468703219987	0.674658008749404	-6.16812243569281
3910	0.197134063275163	1.4435651939338	0.740168745831076	0.475106498466499	0.67505587065519	-6.16866348703907
2125	0.153824038389788	1.07683593099908	0.73949717845113	0.475497491941242	0.675413055200156	-6.16916711569133
4052	0.106586867552404	2.04896817718439	0.738938301696468	0.475823029803321	0.675468518104482	-6.16958592042427
3693	0.20711569232437	1.89344764350609	0.738937854241431	0.475823290495647	0.675468518104482	-6.16958625561883
4374	0.281328620888119	2.21895659471883	0.738657975364354	0.475986368638907	0.675468518104482	-6.16979588081664
1159	-0.278598128679606	4.14382677357784	-0.738471559817977	0.476095007593279	0.675468518104482	-6.16993546366044
4065	-0.173381598287279	2.67664058511396	-0.737632886557847	0.476583960717596	0.675741602835304	-6.17056304663265
3902	0.129084389143758	1.2664586458991	0.737542413358856	0.476636726121737	0.675741602835304	-6.17063070974557
3463	0.239456145939278	2.87985284638613	0.737422771140107	0.476706508986542	0.675741602835304	-6.17072017630872
3508	0.19018704487756	1.83530122314278	0.736603223097217	0.477184693165337	0.676008135694963	-6.17133266979816
406	0.137234986996993	0.603990565112904	0.736474344623848	0.47725991762436	0.676008135694963	-6.17142893195131
3470	0.159755575020234	1.9396993814288	0.736382170372039	0.477313722929722	0.676008135694963	-6.17149776960766
3019	-0.327464222479664	2.50021951044949	-0.736032971913685	0.477517596645274	0.676043717421628	-6.17175848787816
4070	-0.199758092765727	2.71675033492501	-0.735860487791199	0.477618318757157	0.676043717421628	-6.17188722671155
2390	0.20229829821794	2.01017682132769	0.73550420162097	0.477826414211462	0.676140448071089	-6.17215306575201
4826	0.167871691320722	0.730732450867454	0.733825740343019	0.478807513657954	0.677242110425199	-6.17340386986053
2452	0.214212764830684	1.1967913584103	0.733571627131484	0.478956158447706	0.677242110425199	-6.17359301265913
821	0.369144824610103	3.79472974708633	0.733433270122563	0.479037103199854	0.677242110425199	-6.17369597038844
926	0.0900379954983662	1.10839383964986	0.733214874643432	0.479164891274381	0.677242110425199	-6.17385845272884
1871	-0.188264772688666	0.502381646140158	-0.732170906132799	0.479776034877047	0.67790784367265	-6.17463454360639
1970	-0.0844815051513532	1.160365060988	-0.731319636207499	0.480274732078426	0.678414351473117	-6.17526664298382
2468	-0.0850703490138752	1.09099663551262	-0.730205598748711	0.480927854225726	0.679138633608891	-6.17609285434944
700	0.0864820207682075	1.55552041465066	0.729510097177989	0.48133588376943	0.679476015374295	-6.17660808748621
2375	0.204455479996899	2.11679393438085	0.729319633986351	0.481447660335486	0.679476015374295	-6.17674910682128
59	0.266587593019144	2.30510452796238	0.728724053797824	0.481797291066009	0.679771156073885	-6.17718986104071
1529	0.124368588428604	1.23391073634254	0.728387496449583	0.481994934367418	0.679851747075676	-6.17743878373112
1594	-0.0957234036400126	0.939891104487293	-0.727690302538152	0.482404522079706	0.680231150632941	-6.17795410799694
1668	0.189257030704736	1.37368471671068	0.727073163557286	0.482767259779862	0.680544289864502	-6.17840988843578
2181	0.0998281224651417	1.66895476483567	0.72559402723355	0.483637346730336	0.681415864594811	-6.17950086393383
3447	0.16014890168273	2.15573463113937	0.7253330242662	0.483790980168328	0.681415864594811	-6.17969316502998
3903	0.0807419644608532	0.675138937102444	0.725303975740794	0.483808080794373	0.681415864594811	-6.17971456346028
2291	0.178142153249296	1.68675544596226	0.724661116901723	0.484186622557778	0.681690422617561	-6.18018792344823
4105	0.133920185323977	1.31125010729018	0.724494395802792	0.484284824831864	0.681690422617561	-6.18031062419125
3035	0.294293468197908	1.86558424282472	0.723895613740545	0.48463762214188	0.681988602653408	-6.18075109578958
2358	-0.2743741860823	2.32990349938337	-0.7236497010073	0.484782558024993	0.681994188928444	-6.1809318968748
3403	0.147154720180827	2.47407437280351	0.722708708606076	0.485337407765706	0.682576272898396	-6.18162322450799
4660	0.118491331027337	0.852341677090647	0.721686983915208	0.485940306349712	0.683225574577131	-6.1823729429125
4758	0.188810890452949	1.37331699608894	0.720901064225012	0.486404376818497	0.683679365208567	-6.18294897983847
19	-0.145888969218563	2.47431100177834	-0.719831082937548	0.487036621032563	0.684369204924641	-6.1837323053849
2393	-0.100418504681025	1.72981285667863	-0.719427706953252	0.487275104872817	0.684505504464195	-6.18402734060462
2800	0.0873626869031632	1.09587306891704	0.718789000292905	0.487652868498499	0.684837323017631	-6.18449419390553
4196	0.0990641452578175	1.89908904233843	0.717921280727817	0.488166371883392	0.685359520363277	-6.18512783915745
941	0.311527745600833	3.67388558706513	0.717679024026255	0.488309795367523	0.685361993033965	-6.18530462136637
3767	0.0854424821382423	1.24250067231853	0.716263901438111	0.489148111575778	0.686339490662301	-6.18633619987756
3715	0.196395697495248	1.97379553289442	0.71553861606731	0.48957811325606	0.686743668290177	-6.18686419418947
1840	-0.112948275159428	1.91149784265025	-0.71517756359593	0.489792258143583	0.686844911564827	-6.18712685293279
1653	0.100529454826686	1.78211136563735	0.714717952831409	0.490064942717715	0.687028163682499	-6.18746103707129
1390	0.178058741422883	0.699192433349896	0.714419413528155	0.490242114556773	0.687077447921688	-6.18767800139595
1031	0.166026629605434	1.90563924729192	0.713731801605966	0.490650336375742	0.687450427855732	-6.18817741271345
1725	-0.108865516676461	0.536453531329947	-0.713313100710918	0.490899013410036	0.687599718262233	-6.18848130078692
4542	-0.155115372509454	0.65891000782484	-0.713024861856364	0.491070250805033	0.687640484340014	-6.18869040708164
851	0.273996202180712	3.30750825617301	0.712584904306626	0.49133169231569	0.687807502147948	-6.18900943168902
2927	-0.323036324514325	3.01456228285716	-0.711823805406591	0.491784171745307	0.688241776946427	-6.18956090236263
3014	0.412446139929197	2.98618993634468	0.709753034942832	0.493016556903399	0.689657460009619	-6.1910586165828
4242	-0.134422339897756	2.03618196726798	-0.709252207975035	0.4933149002196	0.689657460009619	-6.19142025195105
1848	-0.0823633235596522	1.11304008914582	-0.709171327731289	0.493363091074647	0.689657460009619	-6.19147863193328
107	0.148591927498387	1.44594883351496	0.708992121290225	0.493469877886616	0.689657460009619	-6.19160796298351
3432	0.165913669768373	1.55237358508942	0.708927311434921	0.493508500734457	0.689657460009619	-6.19165472813847
1434	-0.149154620221493	0.860020515454397	-0.707449489591736	0.49438969812374	0.690556596767822	-6.19272003332561
4133	-0.177207641661106	1.34766639090047	-0.707369567864809	0.494437381398043	0.690556596767822	-6.19277758828108
702	-0.0833230693082868	1.097929212434	-0.705243074030385	0.495707133923605	0.692130191608197	-6.19430679458561
4475	0.143670477476563	1.16105556766076	0.704670756850134	0.496049210879941	0.692142915040679	-6.19471764516533
4895	0.224099709299374	1.11283723796045	0.704645410155911	0.496064364065501	0.692142915040679	-6.19473583383968
3734	-0.221701780424392	2.43352998835729	-0.704342927111539	0.496245221372858	0.692142915040679	-6.19495284841194
4166	0.159858490237235	1.43049520559496	0.704270550578701	0.496288501917345	0.692142915040679	-6.1950047619429
3681	-0.110643209284236	1.78826831704014	-0.703370885444872	0.496826686338825	0.692693806486235	-6.19564966000316
4282	0.389379269759169	5.11664269125357	0.701209043727336	0.498121366748781	0.69429881081262	-6.19719624567113
4108	-0.160439736129944	1.15491237690957	-0.699322550308507	0.499252824729907	0.695564060000905	-6.19854230647982
1893	-0.0917352996813288	1.29773121869181	-0.69921620169801	0.499316655722022	0.695564060000905	-6.19861809060953
4063	-0.162802128977358	0.596487401354621	-0.698582782252798	0.499696940190982	0.695779050105146	-6.1990692485558
4158	0.340381312135268	1.7360085178747	0.698399277032205	0.499807143651324	0.695779050105146	-6.19919988202121
1579	0.15094011150619	1.45876181011037	0.698240623343076	0.499902434511262	0.695779050105146	-6.1993127990173
3401	-0.175608278675955	1.62146105706009	-0.697797112087593	0.500168875591025	0.695949675038648	-6.19962833087415
1371	0.148169390137136	0.748673590550323	0.696430613080056	0.500990347252011	0.696892265671429	-6.20059936531428
4824	-0.181422882573984	0.738396097358046	-0.695465132508151	0.501571239711443	0.697499757897086	-6.20128439035525
2252	0.123198132902178	0.943978453458808	0.694403970001622	0.502210171151836	0.69818758851511	-6.20203630414987
579	0.1023590269557	1.54083572225281	0.69356072693075	0.502718243561401	0.698693152068388	-6.20263305915046
3416	0.133336854687611	1.93001508518019	0.693066721167636	0.503016037330754	0.698906257497469	-6.20298235512348
4274	-0.479318790508057	7.0220607259174	-0.692318181784357	0.503467470960774	0.699332651308707	-6.20351119126893
874	-0.214743076762855	3.22900983728569	-0.691085862823788	0.504211198689676	0.700164689799269	-6.20438067756918
1593	-0.0800672070954399	0.925781306853018	-0.690595282402945	0.504507457825623	0.7003750590991	-6.2047264226575
3185	0.123603419673723	1.31185372405747	0.690031774430161	0.504847887227712	0.700646608837541	-6.20512328819684
1352	-0.20420723879671	0.994442392547875	-0.689470388346085	0.50518717255911	0.700787869242011	-6.20551836530434
2046	-0.0967352916657052	1.85469108446009	-0.689384036526106	0.505239373277415	0.700787869242011	-6.20557910960412
2695	-0.175364862493305	2.59876666479255	-0.688824332564773	0.505577799958851	0.701056290112045	-6.20597266566262
2993	0.30424950556308	1.86135664013254	0.688106077482826	0.506012295217475	0.701259961278049	-6.206477279405
4173	0.308366283200272	1.49928861371172	0.688035096743371	0.506055245928973	0.701259961278049	-6.20652712118127
385	-0.199466371872218	1.18511729060823	-0.687862778329152	0.506159525585562	0.701259961278049	-6.20664810145296
2247	-0.225129969383484	1.08929580420756	-0.687322895898342	0.506486322894656	0.701318492742783	-6.2070269596584
4015	0.0918572686816828	0.840430992447335	0.687314025025068	0.50649169360134	0.701318492742783	-6.20703318245441
2218	0.116501114102758	0.46054677356349	0.686860404837745	0.50676637528612	0.701498061125679	-6.20735129300467
4135	0.225258480481336	1.61496436967196	0.685347125643388	0.507683362926834	0.702419833432547	-6.20841112358121
4533	-0.145949291867722	0.679400571490442	-0.685282335916673	0.507722645207445	0.702419833432547	-6.20845645161762
2755	-0.174502966201962	1.09220793110242	-0.684906357254042	0.507950638692153	0.702534359631971	-6.20871941561863
2683	0.188808701754375	1.36177342541093	0.683854108941067	0.508589049038246	0.702859146888167	-6.20945466953941
3032	0.224621439750912	0.698208156615317	0.683726852828722	0.508666289326891	0.702859146888167	-6.20954351914447
3972	-0.0812267748125149	1.57109726098789	-0.683596663853487	0.508745317053415	0.702859146888167	-6.20963440081607
4588	0.0885276061598331	0.727017294338942	0.683561631445655	0.508766583795444	0.702859146888167	-6.20965885336313
2380	-0.21253435481329	1.13098930673785	-0.683281583218912	0.508936608799714	0.702893323829008	-6.20985428524707
879	0.257836852187373	3.8341643872545	0.682039488476001	0.509691129600459	0.703734499145839	-6.21072019933613
4912	0.158111776260551	0.765865614678957	0.68045276932773	0.510655970040538	0.704865501585199	-6.21182426838889
3047	-0.107359767750598	1.98293893217474	-0.679350986779063	0.511326576510275	0.705589839462838	-6.2125895251437
3126	-0.101201807990208	0.579388750833706	-0.677296935061114	0.512578192268505	0.707115282063024	-6.21401316111367
3365	0.144747458717553	2.13220822997311	0.676712257297	0.512934793919245	0.707405511112117	-6.21441767172905
3460	-0.225849334566045	2.18434496821335	-0.674554465208734	0.514252136279834	0.709020186754584	-6.21590777479693
692	-0.122076980894493	2.40617829402335	-0.674261303416537	0.51443126830463	0.709065092893961	-6.21610988658257
3395	0.21930249500906	1.4367212442549	0.67389023587373	0.514658056703002	0.709175641791262	-6.21636559273277
175	-0.0844789599715147	1.46627796764279	-0.672824488639337	0.515309748944924	0.709871459395086	-6.21709929169902
3537	0.163734298963089	0.517711534670832	0.670943064343524	0.516461415174456	0.711073718765291	-6.21839193296892
476	-0.213430548744925	2.83410103417527	-0.670918524981095	0.516476446411995	0.711073718765291	-6.21840877091798
4099	-0.0914322232786701	0.76657910980969	-0.670583869739666	0.516681460636986	0.711153600728801	-6.21863834184576
2398	-0.209335666884138	1.3043858150719	-0.66966697079153	0.517243412382882	0.711724581657675	-6.21926678910144
4661	-0.194229213228906	0.845385959563835	-0.669077802613782	0.517604694687879	0.71201919616149	-6.21967019160306
2585	-0.095555762535522	1.63152442024801	-0.668231878648852	0.518123682951166	0.712530522489408	-6.22024882452133
3928	-0.179292085539409	0.640345806704721	-0.667505960394302	0.51856929131192	0.712714607235133	-6.22074483480499
2004	0.0907299162998153	1.64222496238564	0.66748681236539	0.518581048489584	0.712714607235133	-6.22075791169826
1812	0.121797439975436	1.88993267708955	0.667293930116735	0.51869948988733	0.712714607235133	-6.22088961887183
3976	0.235284204058677	1.42951969513932	0.666921041016148	0.518928511781857	0.712826842703186	-6.22114414232106
204	0.210682767616952	2.00510553577531	0.666381103261603	0.51926023798218	0.713080054316714	-6.22151245686391
1996	-0.107704852658991	0.832916241151035	-0.665475608772935	0.519816835720474	0.71333398790045	-6.22212951820789
3759	-0.265754138678676	1.74950777217037	-0.665474314691043	0.519817631430842	0.71333398790045	-6.22213039952582
1628	0.164093076374103	1.26095468618418	0.665360718529128	0.519887482707108	0.71333398790045	-6.22220775660468
3154	0.168315414576162	1.4075520377905	0.664542251014047	0.520390929394302	0.713621351531119	-6.22276476061611
3202	-0.144929390070868	0.490361490574472	-0.664540634555212	0.520391923977219	0.713621351531119	-6.22276586006591
2079	-0.881784227577867	4.07607359138022	-0.663930522744984	0.520767396749119	0.713767898038885	-6.22318065789062
1946	-0.136216205178453	1.41176282493187	-0.663671995747882	0.520926546677706	0.713767898038885	-6.2233563174977
3890	0.214718170735056	0.845365259549871	0.663647885211444	0.520941390652192	0.713767898038885	-6.22337269651721
1882	-0.128189941167103	1.39082082692289	-0.66275945100839	0.521488540964428	0.714315277798954	-6.22397585546587
3352	0.233827682389913	4.49843541850277	0.662241647953328	0.5218075908393	0.714549992776827	-6.22432704992814
1567	0.206980840482129	1.7389566431846	0.661933435329292	0.521997553904382	0.714607856759875	-6.22453597208098
785	0.170545658764922	1.97322150676704	0.661000316489875	0.522572918415527	0.715193148315225	-6.2251679421475
4398	-0.197016304742259	1.90551072141846	-0.660292089490646	0.523009862739111	0.715588720568954	-6.22564705321765
990	0.0983694973865441	1.86538886545793	0.659953371856538	0.523218912251646	0.715672348734369	-6.22587602654456
2837	0.127856077459069	0.702502791798265	0.659079456273604	0.523758501606273	0.716207922773078	-6.22646629482097
4281	0.514841286711666	6.24128439721139	0.658698975712518	0.523993527133676	0.716294054898008	-6.22672305771318
4062	-0.119700514964193	1.18245761568974	-0.658498153898969	0.524117601144884	0.716294054898008	-6.22685852497362
4401	0.144336012942281	2.97645070941524	0.657285218007426	0.524867357445389	0.717116146659359	-6.22767592018822
2459	-0.175995658308149	1.10231616256828	-0.656725526722555	0.5252135333127	0.717386525738804	-6.22805262735423
3929	-0.136344389378282	2.30982812129501	-0.655742626825521	0.525821792535932	0.718014629491628	-6.22871346526453
2294	0.30515495723064	2.3213571671365	0.654644111962976	0.526502086902724	0.718548120918332	-6.22945095647211
1488	0.204281885308512	1.647103154127	0.65463210354495	0.526509526386004	0.718548120918332	-6.22945901206618
683	0.072443137306783	1.29033428483266	0.652713272440356	0.527699074592986	0.719846678177761	-6.23074447047058
2573	-0.207024589308492	1.52357140625841	-0.652617299656767	0.527758612545787	0.719846678177761	-6.23080867300633
103	0.290035013699028	3.11391574536494	0.652173315647545	0.52803409477359	0.7200194336287	-6.23110557001094
3575	0.292017919254806	1.68220591208177	0.651534565619273	0.528430572160647	0.720349748404888	-6.23153238249179
1901	0.169925974182861	1.18399026110385	0.651195924493632	0.528640839893912	0.720349748404888	-6.23175850595498
765	-0.086835986217616	1.73914718508902	-0.650904799735125	0.528821642936498	0.720349748404888	-6.23195281430754
1807	0.142681749473902	1.48515989673428	0.65082386929831	0.528871911189368	0.720349748404888	-6.23200681630027
719	0.18692773272504	0.939973621562047	0.650465255374465	0.529094690256271	0.720450355040765	-6.23224603207497
472	-0.115425616224503	0.869280511962888	-0.648499101901235	0.530317080268376	0.721911658508274	-6.23355540666511
522	-0.177927319382141	0.430925853349665	-0.647232321247338	0.531105527977252	0.722388033503455	-6.23439709161529
4756	-0.0960636348685095	0.930367480464859	-0.647118279973526	0.531176540972195	0.722388033503455	-6.23447278935549
4796	-0.115467245307397	0.90206683644043	-0.647094037841194	0.531191637151105	0.722388033503455	-6.23448887908902
4611	-0.181251625848169	0.921299375424304	-0.646977378101715	0.531264287557936	0.722388033503455	-6.23456629948678
1443	0.25182851196654	2.7305908629629	0.646083651596069	0.531821051371097	0.722630753096389	-6.23515898722951
1592	0.159058834761244	1.57495311321997	0.6455702302358	0.532141049970724	0.722630753096389	-6.23549912804578
2597	0.158725498568941	1.62935706579898	0.645567303238288	0.532142874591818	0.722630753096389	-6.23550106646123
4437	0.107208308578792	0.676642443437754	0.645280536091817	0.532321656046264	0.722630753096389	-6.23569093977536
4614	-0.117521060516142	0.972094370854387	-0.645260808969534	0.532333955958463	0.722630753096389	-6.23570399856894
3069	-0.410548032954355	3.34866456026093	-0.645040938192181	0.532471057114171	0.722630753096389	-6.23584952181692
4638	-0.148132414965843	0.957653672980086	-0.645013208545893	0.532488349480907	0.722630753096389	-6.23586787165523
3053	-0.252387851523357	2.10404209474208	-0.643597584400352	0.533371573177539	0.723381228404469	-6.23680367998892
1832	0.213584726663744	1.34065695842996	0.643016231680091	0.53373453115341	0.723381228404469	-6.23718743721147
4835	-0.16319482063268	2.51426170060214	-0.642955763100171	0.533772291916904	0.723381228404469	-6.2372273347814
4637	0.100521269101709	0.686585518421767	0.642948746406057	0.533776673726081	0.723381228404469	-6.23723196421824
1139	-0.399269175529088	6.23771901619984	-0.642784050532445	0.533879529545972	0.723381228404469	-6.23734061297435
4832	0.168902818591308	1.26788050655657	0.642573617344754	0.534010965901008	0.723381228404469	-6.2374793969084
3733	-0.219697125143805	2.35234237960696	-0.642286672322803	0.534190221623232	0.723381228404469	-6.23766857391909
344	-0.0826161418711066	2.0143728577752	-0.642210965929255	0.534237521514917	0.723381228404469	-6.23771847258659
4763	-0.195771155888589	1.08364609524055	-0.641271084404108	0.534824942901907	0.72395646363373	-6.23833750313103
3435	0.267142490347791	1.67162771795841	0.640903709689222	0.535054651695254	0.72395646363373	-6.23857923796173
735	-0.166961259413469	0.690581004246868	-0.640813177076835	0.535111267869826	0.72395646363373	-6.23863878931592
4511	-0.0960772750620594	1.37492348841842	-0.640012450313248	0.535612167100672	0.724257273839991	-6.23916515999008
55	0.211585309510969	2.00039155407263	0.639979132932042	0.535633014840737	0.724257273839991	-6.23918704852453
2372	0.13923344827934	1.22461300318957	0.638866969488973	0.536329199263326	0.724995994980713	-6.23991710244139
3723	-0.176332055444701	1.40835102948118	-0.638123574940675	0.536794834907635	0.725422740581882	-6.24040443178537
3397	0.158181175050545	1.38443133502096	0.636192439873196	0.538005515707317	0.72685581820497	-6.24166792692448
3374	-0.122524322699533	1.30263705457622	-0.635828131468243	0.538234086381212	0.726915355028299	-6.24190588785668
3500	-0.151298280255441	2.0498535646054	-0.635643278628802	0.538350086206365	0.726915355028299	-6.2420265827922
4596	-0.112054257552824	0.664375076325357	-0.635237969411666	0.538604478239625	0.727055933516547	-6.24229110539998
3341	0.119764742435554	1.82722893488695	0.634849814584593	0.538848168034223	0.727181990780913	-6.24254428590521
3727	-0.144583355409279	0.656585599167695	-0.634289431782379	0.539200096926619	0.72745400695231	-6.24290955230275
3649	-0.0685126637950591	2.09674049206949	-0.633665957770544	0.539591802995438	0.727534497073876	-6.24331559158886
1966	-0.142415021767721	0.342371718043889	-0.633587724912472	0.539640965377582	0.727534497073876	-6.24336651486123
4021	-0.134973660155883	2.205556836964	-0.633476451868163	0.539710894997549	0.727534497073876	-6.2434389345973
4894	0.214136703687903	1.25766627544707	0.632466235818362	0.540346003575613	0.727913784619063	-6.24409587368818
1513	-0.331894434156681	2.4831055238258	-0.632314234636075	0.540441601613277	0.727913784619063	-6.2441946353485
1404	0.0771809519783636	1.65521432433616	0.632310999010103	0.540443636699395	0.727913784619063	-6.24419673743389
4246	0.164552834301742	0.803965484219681	0.63171394976755	0.540819233151961	0.72815232805207	-6.24458445117835
1389	0.0850140626908977	1.40044526182884	0.631551016606113	0.540921758375184	0.72815232805207	-6.24469019830569
2462	-0.169055672507658	1.22626348663197	-0.630388227926708	0.541653762613337	0.728934882760313	-6.24544413938406
3241	0.187208673571971	0.839466454441934	0.629930662290145	0.541941966683355	0.729119920693568	-6.24574046757323
4817	-0.129891287957292	1.02145140602894	-0.629404790765543	0.542273302347504	0.72928014821507	-6.24608078565966
2650	0.223570890884084	2.49424991417525	0.629263189155143	0.542362540983427	0.72928014821507	-6.24617237821268
336	-0.111077410035296	0.65734556674325	-0.628162686696987	0.543056373462277	0.73001020694929	-6.24688356798409
2269	0.0819275418984078	1.51199997929817	0.627865681326046	0.543243712807381	0.730059189600587	-6.24707530724642
2443	0.119009573355283	1.18096889184878	0.627038115331373	0.543765903322845	0.730303469133524	-6.24760911965283
1713	-0.135506495777956	0.646161456847875	-0.626963979616671	0.543812696587693	0.730303469133524	-6.24765690822037
3502	-0.120497405831467	1.80664025364981	-0.62685998843048	0.543878338009113	0.730303469133524	-6.24772393307006
4819	-0.219839115919921	1.42037387217266	-0.626077792373984	0.54437222120651	0.730712572229056	-6.24822774695836
4041	0.244860625486729	3.283501197376	0.625839831364222	0.544522521819679	0.730712572229056	-6.24838090231193
2105	0.259444643873808	2.23836339592423	0.625660007973082	0.544636117291851	0.730712572229056	-6.24849660357265
2999	-0.292733084814432	2.10853114614182	-0.624979715638162	0.545065983837778	0.731086562186629	-6.24893403549644
644	0.140456454183317	1.29875177140801	0.624396415714365	0.545434715893498	0.731302945544889	-6.24930874910947
3757	0.153086328842969	1.30591200755778	0.624154009758368	0.545587994091275	0.731302945544889	-6.24946437591381
4737	-0.0986461019856694	1.86906148380278	-0.623364318479799	0.546087501552246	0.731302945544889	-6.24997097584339
534	-0.177995121124311	0.512709813241149	-0.623173382822178	0.546208314023043	0.731302945544889	-6.25009337483359
717	-0.107646429826364	2.49839358298424	-0.623032563604735	0.546297425577459	0.731302945544889	-6.25018362446002
625	0.0863759192109227	1.44207472612852	0.622774520776534	0.546460738600917	0.731302945544889	-6.25034895238779
689	0.129979757982278	2.82906197233284	0.622711739806244	0.546500476310558	0.731302945544889	-6.25038916651173
2214	-0.11782817292777	0.504021970563735	-0.622667083713395	0.546528742733945	0.731302945544889	-6.25041776852012
4183	0.215794572368743	1.23790574383882	0.622396078929046	0.546700301188723	0.731302945544889	-6.25059130490856
4208	-0.169879652156975	1.50540660273691	-0.622195337423215	0.54682739945416	0.731302945544889	-6.25071980338226
2343	0.0912786977650937	1.53629342818878	0.622096397256295	0.546890048983342	0.731302945544889	-6.25078312271428
3818	0.0923700979396512	0.967611582413127	0.620217731897339	0.548080403375125	0.732640737336586	-6.25198364880126
956	0.0948026071666909	2.15543743712458	0.620039581381773	0.548193358652014	0.732640737336586	-6.25209731749634
2924	-0.0960679500707513	1.36125434801657	-0.619322893664566	0.548647903286496	0.733045721099162	-6.25255429260931
4190	0.177737048438386	1.44037979765974	0.618850515285396	0.548947616160587	0.733064857540733	-6.25285522246843
380	0.274314718013245	2.24659177020806	0.618822694711332	0.548965270539495	0.733064857540733	-6.25287293898358
500	0.114400897040632	1.40625856316748	0.617939228868603	0.549526067091091	0.733390080669886	-6.25343515692923
911	0.158167514802531	2.39826874843481	0.617874116858475	0.549567410958485	0.733390080669886	-6.25347656322265
1092	0.13632458649635	1.86549496632989	0.617722661402276	0.549663586711245	0.733390080669886	-6.2535728617025
1018	-0.195999802640097	1.7387326805504	-0.616881051592471	0.5501981905191	0.733812881542071	-6.2541075746653
1384	-0.130172141895458	0.843566965047545	-0.616738924042478	0.550288501114623	0.733812881542071	-6.2541978078687
1066	0.102986944383217	1.58796318767707	0.616271355610301	0.550585662120094	0.733812881542071	-6.25449451889097
1620	0.178244522343584	1.49846610707837	0.616268973141846	0.550587176518751	0.733812881542071	-6.2544960302294
1622	0.161248409280523	2.29078925222491	0.61554759784087	0.55104582141121	0.734221890384862	-6.25495339070544
2436	-0.108965215946755	1.94729859266856	-0.614462034190031	0.551736419849566	0.734688904704334	-6.25564071193517
1702	0.172523411123534	1.48240390200217	0.614345205993427	0.5518107709642	0.734688904704334	-6.25571461408442
1241	-0.19364035115788	2.81240533677875	-0.614280587644109	0.551851897415368	0.734688904704334	-6.25575548417479
2043	0.23736515666418	2.0213752812159	0.613464242079798	0.552371610295038	0.735178500854854	-6.25627146548733
2696	-0.195348510346692	2.75803796100601	-0.61303019703003	0.552648049869158	0.735344132361658	-6.2565455490673
4759	0.192337360020511	1.1399087082667	0.612111483467858	0.553233426938928	0.735920626761213	-6.25712508764863
3337	0.154430452146082	2.49414993331861	0.610865269796063	0.554028033291047	0.7364597217415	-6.25790992528595
183	-0.206453520971268	1.83589226330096	-0.610546192016224	0.554231585372482	0.7364597217415	-6.25811063393525
4757	0.088324921368097	0.865383272948297	0.610530731845245	0.55424144907912	0.7364597217415	-6.25812035632568
3894	0.194870370533247	2.14280859200518	0.610521104683376	0.554247591331294	0.7364597217415	-6.25812641041369
1028	0.124989735451219	1.8519788190593	0.610098537618013	0.554517232090973	0.736600223966484	-6.25839205621068
2738	0.147649404427568	1.06845084752637	0.609665569917625	0.554793585709921	0.736600223966484	-6.25866406269745
3841	0.0934391493345681	1.67462191110772	0.609577718695914	0.55484966859308	0.736600223966484	-6.25871923217207
384	-0.176808387600562	1.22127292659557	-0.609401234216472	0.554962343190953	0.736600223966484	-6.25883003985306
4161	0.152184408153189	1.07581028788865	0.608338694966226	0.555640980401243	0.737298700817667	-6.25949653497611
3158	-0.292734008344029	2.65541366824269	-0.607660937793784	0.556074101968259	0.7376350579838	-6.25992110326559
3744	0.125064170980617	2.53986917349337	0.607372987674528	0.556258173935457	0.7376350579838	-6.26010135076014
1697	-0.130711125111868	0.917685980023567	-0.607144482906378	0.556404269709488	0.7376350579838	-6.26024433073145
4865	-0.121384350712093	2.0825966500571	-0.606750089987643	0.556656477379835	0.7376350579838	-6.26049099227376
2000	0.19456034591652	1.79731296293083	0.606749586099977	0.556656799648378	0.7376350579838	-6.26049130732006
3312	0.396763015416756	5.85371844631061	0.606368168471006	0.556900770605311	0.737756278255338	-6.26072971158604
1539	0.124916924820014	1.93869682108547	0.606073873919832	0.557089054703065	0.737803680989167	-6.26091356426976
4544	0.238514046479465	1.75884777876763	0.60437292088251	0.558177987670633	0.738866474516419	-6.26197455924701
2415	0.164277108593303	1.44645848052583	0.604343278611822	0.558196974856864	0.738866474516419	-6.26199302441231
1909	-0.16204715532583	1.50803091648964	-0.604093487280718	0.558356991542667	0.738876128305093	-6.26214859427404
2998	-0.16154952436414	1.65707575463338	-0.601298695635839	0.560149078683785	0.741044911860037	-6.26388509811576
2002	0.160405958807699	1.2782782687823	0.600604679922779	0.56059459258248	0.741431557931668	-6.26431515041343
542	-0.128957667778537	0.657016672840763	-0.598878216185932	0.561703724379136	0.74269544098012	-6.26538295635406
2360	-0.306293740653437	2.74647338224757	-0.597742866886039	0.562433768356346	0.743441223759657	-6.26608359793494
4617	0.185628177342363	0.84090185833245	0.597523169412946	0.562575097185636	0.743441223759657	-6.26621903327387
2997	-0.184626488572743	1.86220500963201	-0.597078065170447	0.562861487741356	0.743583526467993	-6.26649328099251
1133	0.363634004876812	5.83971345569355	0.596637647222349	0.563144942304987	0.743583526467993	-6.26676445341115
2549	-0.100310426425817	0.955728426725278	-0.596606511443129	0.563164984387423	0.743583526467993	-6.26678361713795
4118	-0.0894836134197763	1.65661522771855	-0.596151350472318	0.563458016201055	0.743583526467993	-6.26706365701782
2359	-0.270821673800187	2.66443476358416	-0.595968293206776	0.563575891870035	0.743583526467993	-6.26717622754546
1070	0.105778172668674	1.56800711455715	0.595923156128906	0.563604958982664	0.743583526467993	-6.26720397949528
4327	0.149514533006365	1.63355462231959	0.595485337823784	0.563886945597475	0.743739748997976	-6.26747306452551
3488	-0.165903811484614	2.12499673606426	-0.594923784031865	0.564248740711358	0.743739748997976	-6.26781792742616
1780	-0.192855285146705	1.17213593058821	-0.594891971897844	0.564269240306613	0.743739748997976	-6.26783745487875
1704	-0.113650476146546	0.640913289946577	-0.5947848314916	0.564338284119795	0.743739748997976	-6.26790321440573
514	-0.126500089074107	2.67033673594162	-0.594021913294253	0.564830061277144	0.743917149389695	-6.26837115038554
3117	0.304978598673594	2.14938904071823	0.593938295852652	0.564883975440673	0.743917149389695	-6.2684224030227
348	-0.187983544980797	0.710380554538965	-0.593721683689452	0.565023654023157	0.743917149389695	-6.26855514234072
3291	-0.211867460385904	0.787861018756553	-0.593365464099101	0.565253397372415	0.743917149389695	-6.26877333428127
3995	-0.154017617923839	2.70018109046829	-0.593099851870424	0.565424737083725	0.743917149389695	-6.26893594765536
4455	-0.152428034895467	0.768050151355504	-0.593095694390845	0.565427419195504	0.743917149389695	-6.2689384924105
602	0.119393973792626	1.45460326373587	0.59290685744476	0.565549250817548	0.743917149389695	-6.26905406019399
4887	0.146260376211372	0.87583541802839	0.592020551780277	0.566121260091009	0.744353467586993	-6.2695960175272
3434	-0.185838784079466	1.4972306530425	-0.591916143159098	0.566188664886344	0.744353467586993	-6.26965981129962
4506	0.145267742045301	2.42206114169136	0.591299614310514	0.566586777482101	0.744674498630374	-6.27003629654047
1039	-0.150399280388566	0.558488261234817	-0.590487335796184	0.567111526586522	0.745062186993616	-6.2705317567221
372	-0.15868098557705	2.06714672373772	-0.590220299191229	0.567284096117053	0.745062186993616	-6.27069450013981
1258	0.23841703341395	1.51108039669362	0.590127989273498	0.567343757107169	0.745062186993616	-6.27075074169726
4129	0.0953298004319528	1.95415560088538	0.589381511741883	0.567826340771568	0.74549357846753	-6.27120524484549
4403	0.131068599289362	2.28279607995424	0.587474336212493	0.569060314756063	0.746654040593415	-6.27236401030576
2264	-0.0867321670647795	1.30840865131496	-0.587451909689068	0.569074833808106	0.746654040593415	-6.2723776153473
3436	0.0892828335867685	0.952751416912935	0.587113115773014	0.569294195461407	0.746654040593415	-6.27258308539465
4727	-0.104025680904092	1.66752166359259	-0.586796260983289	0.569499393841309	0.746654040593415	-6.27277514949642
3526	-0.104802942791588	0.518923579454496	-0.586694989221805	0.569564986986885	0.746654040593415	-6.27283651572752
1514	-0.231884487308592	2.17725031419789	-0.586269590610573	0.569840560344597	0.746654040593415	-6.27309418025562
2507	-0.117556207074049	2.04805662250184	-0.586194997805141	0.569888889092463	0.746654040593415	-6.27313934318992
3421	0.0771998116122175	1.96374850930002	0.586108569642854	0.569944888778727	0.746654040593415	-6.27319166522657
4443	0.218489587936052	2.25050264297822	0.585797089917749	0.570146731801476	0.746716266501229	-6.27338016945583
4036	-0.136860818895322	2.74805202051094	-0.585043329507566	0.570635340061538	0.747003226929725	-6.27383594898072
3394	-0.158029768367787	1.54269888393207	-0.58460798829491	0.570917644262025	0.747003226929725	-6.27409893823281
4203	-0.155152609035284	1.50810689428198	-0.584312406123661	0.571109362801498	0.747003226929725	-6.27427739465578
4585	0.0988631899907355	0.796020139515861	0.583930613505071	0.571357050517068	0.747003226929725	-6.27450777513301
4289	-0.25998836978042	4.62796682722908	-0.583831048546996	0.571421652840617	0.747003226929725	-6.27456783121589
4298	0.142887626481981	2.9438106054937	0.583630693846759	0.571551664244212	0.747003226929725	-6.27468865307617
3917	-0.0828214202607353	1.41948722661156	-0.583595156777513	0.57157472615042	0.747003226929725	-6.27471007928714
1494	-0.200350410266196	1.62438288781158	-0.583554573113342	0.571601063682068	0.747003226929725	-6.27473454672474
1321	-0.193147257795619	1.06020504164227	-0.582126920274885	0.572527986229361	0.748012529672603	-6.27559424814328
1297	0.147332748395819	1.93936027798467	0.58166479854257	0.572828199935582	0.748202708231195	-6.27587210500838
4191	-0.114216164845784	1.33547562869385	-0.58059073996386	0.573526283924979	0.748900705366916	-6.27651709807391
4388	-0.108602686277151	1.4325691589676	-0.580366354474916	0.57367218149851	0.748900705366916	-6.27665170480654
3288	0.17045974472901	0.62110392262044	0.579437875484405	0.574276101396659	0.749486856907751	-6.27720817198681
4656	-0.105434286995417	0.77802729775277	-0.578341558180196	0.574989633615762	0.750185067549314	-6.27786415433277
1811	-0.101100251654574	2.2932087073034	-0.578083830223109	0.57515744414874	0.750185067549314	-6.27801819691105
1047	0.185704035318216	2.45044924031154	0.577901356869633	0.575276271312103	0.750185067549314	-6.27812722128662
682	0.0672349653847591	1.293595362217	0.577465093412141	0.575560421160912	0.750276428191003	-6.27838774957188
4828	0.106876308338674	1.9245274991963	0.577296674452361	0.575670137165231	0.750276428191003	-6.27848827680851
4760	-0.109689237986617	1.91382111162055	-0.576901345206383	0.575927717601299	0.750276428191003	-6.27872413596964
4163	-0.0975721913620232	0.97005766879387	-0.576841600358054	0.575966650331001	0.750276428191003	-6.27875976742701
3714	0.160300154567409	1.82418280290797	0.576408339485268	0.576249027340144	0.750442205725873	-6.27901805792717
4023	0.0889662302102573	1.55234021420959	0.574709049221626	0.577357258393269	0.751485900657769	-6.28002933974126
3307	0.200150530139976	2.83676729077401	0.574703133003199	0.577361118798042	0.751485900657769	-6.28003285570648
1526	0.0910548228904751	1.48997267384137	0.573956466462152	0.577848439557701	0.751917899564324	-6.28047632140773
3672	0.0741758986407945	1.47754376685793	0.573466531987072	0.57816832149968	0.752131847113592	-6.28076701279842
708	0.12031009572375	2.10516365358557	0.572354381339178	0.578894806924599	0.752874482769143	-6.28142601672781
3971	-0.0746592960447168	1.68560099134167	-0.57208625547286	0.57907002708414	0.752899970715687	-6.2815847147447
2381	0.128604972623669	0.945825359240897	0.570680963494215	0.579988851129004	0.753749542758811	-6.28241533482032
4633	0.0693443311972909	1.25143682785356	0.570610344043333	0.580035044996084	0.753749542758811	-6.28245702491997
1819	-0.154337622578888	0.665131406933623	-0.569056530623031	0.581051930997565	0.754653439384873	-6.28337308976251
3847	0.198145489142197	1.81749783125758	0.568690708033852	0.581291480796121	0.754653439384873	-6.28358842238829
852	0.0903552995061915	1.61534686488078	0.568683140191189	0.581296436967673	0.754653439384873	-6.28359287564188
3541	0.0977193629407067	1.80646605867728	0.568385078026124	0.581491655542328	0.754653439384873	-6.28376822431192
3259	-0.120363811981669	0.759689824713149	-0.568111805316545	0.58167066888045	0.754653439384873	-6.28392891352168
4893	0.167724872276268	1.38655100873772	0.568009779546241	0.581737510683175	0.754653439384873	-6.28398888786455
2771	-0.156425182125234	0.941067496059197	-0.567880039580406	0.58182251527606	0.754653439384873	-6.28406513896247
3425	-0.0741608959214604	1.26200367125876	-0.566708494210456	0.582590403403998	0.755446896721668	-6.28475294090986
3752	0.0955123099745556	2.68981205753123	0.564982365609988	0.583722778754375	0.756457241588626	-6.28576389882167
1651	-0.197794364821694	0.958261374700282	-0.564801991389622	0.58384117563261	0.756457241588626	-6.28586937288159
4477	-0.235480803562162	1.45213707027137	-0.564801823786879	0.5838412856523	0.756457241588626	-6.28586947087278
3347	0.229139529737794	5.14363846951589	0.564567677537589	0.583994997381877	0.756457241588626	-6.28600634090023
1531	0.0918749015930316	1.65167597273911	0.562673691188599	0.585239149330692	0.757700212662124	-6.28711150627963
2437	-0.0750366471522283	1.69351107563293	-0.562406027845897	0.585415089980114	0.757700212662124	-6.28726740941885
222	0.187793001814278	2.05478536325538	0.562391818998597	0.585424430535556	0.757700212662124	-6.2872756835498
2901	-0.265519765212691	4.98453656051135	-0.562067392925011	0.585637722020326	0.757773548845771	-6.28746455060474
3278	0.129984934043696	1.21529399858412	0.561321833898736	0.586128040727307	0.757818341377929	-6.28789819456708
4110	0.157523486626806	2.50448268088458	0.56131588731525	0.586131952388914	0.757818341377929	-6.28790165113588
3083	-0.12522271011838	0.753573647881598	-0.561234886637387	0.586185236001986	0.757818341377929	-6.28794873094272
1062	-0.171238007513485	3.0500404268146	-0.561054228686738	0.586304085119012	0.757818341377929	-6.28805371123628
3198	0.126301591721917	1.08190838894163	0.560824046332625	0.586455533302804	0.757818341377929	-6.28818742404835
756	0.088193662954567	0.229002445768687	0.560158588990316	0.586893486891968	0.758181759568315	-6.28857369729732
3564	0.105507813604137	0.791426944180164	0.559842382815223	0.587101650628893	0.758248207619483	-6.28875709186966
2952	0.120828173601839	1.4407766051838	0.559374708007133	0.587409600428898	0.758296288814983	-6.28902815706435
4218	0.0751406919948041	1.79419584583114	0.559223468692778	0.587509205287829	0.758296288814983	-6.28911577000053
3340	-0.121895473339248	1.98958581833012	-0.558849892438561	0.587755277618834	0.758296288814983	-6.28933208709391
2727	-0.182124733429409	1.17129800019078	-0.558833874907173	0.587765829486603	0.758296288814983	-6.28934135890546
2892	0.186026635749104	1.82540107220717	0.557560859775476	0.588604774303469	0.75900073335062	-6.2900774481432
3728	0.0915717581380745	1.6368801617	0.557199912147034	0.588842761896056	0.75900073335062	-6.2902858693038
3590	0.102049891642261	1.05371997866814	0.557100163673797	0.588908539131498	0.75900073335062	-6.29034344440702
1101	0.32389657106883	4.46365261625516	0.55705338658812	0.588939386729687	0.75900073335062	-6.29037044092882
3294	0.278636205015967	0.89355635474916	0.55606481848133	0.589591507148619	0.759638804683094	-6.29094047492501
3481	0.080441883171104	1.43030008934465	0.555210975340417	0.590155061391991	0.760162456606617	-6.29143205492597
685	-0.100342111206154	2.46902901111855	-0.554949668819891	0.590327585902837	0.76018228921957	-6.2915823536702
2385	0.252705820382411	1.99136047631799	0.554204354438858	0.590819816886537	0.760479048828067	-6.29201067844168
2960	0.251442427927302	2.38681168034045	0.553919447619307	0.591008036162271	0.760479048828067	-6.29217426817045
2236	-0.166713486162405	1.30350818034245	-0.553886803690195	0.591029603884566	0.760479048828067	-6.29219300681826
4016	0.0785867381508289	1.42799671954772	0.553198448624403	0.591484494012207	0.760862000008258	-6.29258790188879
3717	0.144234264842296	2.06268174051399	0.552538485067015	0.591920794927621	0.7612184924876	-6.29296607447046
2072	0.266826921207338	2.61562970464379	0.552303309714938	0.59207630988649	0.7612184924876	-6.29310073184869
2261	0.325769687185112	1.83447799217757	0.55202111164163	0.592262948015697	0.761256148379369	-6.29326224225954
2306	0.146690366217297	0.585874834604907	0.551319762300685	0.592726935249775	0.761650176026138	-6.29366330824417
4627	-0.0715665289206145	1.1616574988998	-0.550977252668958	0.592953596518805	0.761739113106207	-6.29385899724258
3706	0.177120717717904	1.93018177339522	0.549951188413939	0.593632883224161	0.762409314849613	-6.29444454064365
715	0.0659893466627602	1.39971810310458	0.549518448270704	0.593919493027768	0.762528954101887	-6.29469118336488
1603	0.0878467976625998	2.02825479451124	0.549334626752852	0.594041262507237	0.762528954101887	-6.29479589803999
1009	0.185342693186659	2.32506910480898	0.548582683778827	0.594539510631093	0.762800635860163	-6.29522390110235
3793	0.199122910157108	2.12584977407362	0.548539319793277	0.594568250894724	0.762800635860163	-6.29524856683947
1561	0.271306349314262	2.69228072641613	0.547676611455359	0.595140177472295	0.763331966757944	-6.29573889875311
320	-0.12810183948741	0.653247068050634	-0.5472326562508	0.595434606582414	0.763507189675515	-6.29599094270215
2567	-0.0769899740311307	1.13585613213182	-0.546273119014807	0.596071227296627	0.764120985071829	-6.29653503545002
2464	0.0834370696197817	0.798044486817362	0.544858336123571	0.597010535793151	0.76512237673305	-6.29733562388243
1348	-0.12228109484473	0.430188219823048	-0.544367839711586	0.597336368159347	0.765337221704163	-6.29761272504372
1485	0.296325192086349	2.04770133603149	0.54366467990217	0.597803632380919	0.765733114497984	-6.29800955698824
3478	0.260120804112669	1.79989183552238	0.541091923802043	0.599514900982749	0.767525414948549	-6.2994573735034
3785	0.08134287007295	1.36139302332843	0.541077000021047	0.599524834943886	0.767525414948549	-6.29946575291052
1330	0.0720463672242227	1.85325025512432	0.540845704259259	0.599678807049507	0.767525414948549	-6.29959559295717
4271	-0.183702293666745	3.65900887378548	-0.540179280957232	0.60012255537839	0.767890220291101	-6.29996940241861
1515	-0.172341446588398	2.10259620678836	-0.538701785041417	0.601106975293743	0.768946469188559	-6.30079660342648
96	0.200314485097609	2.10779413667485	0.538324031671922	0.601358797258559	0.769065255389085	-6.30100775101517
2769	0.106715959538479	0.755637755360518	0.537890527096219	0.601647851867046	0.769231582276101	-6.30124988841896
567	0.138320501543506	1.50696363774819	0.537463756208317	0.601932486649988	0.769387411404855	-6.30148808438933
4039	0.147559862927624	2.84936335730107	0.537078097023064	0.602189761783578	0.769387411404855	-6.3017031805889
2290	0.199546012343472	1.2804007074748	0.536992573781148	0.602246822445264	0.769387411404855	-6.30175086022989
2817	0.11282048927227	2.1522963682853	0.535559393807128	0.603203447580992	0.770268873535584	-6.30254879611522
2680	0.117080448816985	1.12133872127642	0.535481861424739	0.603255221543268	0.770268873535584	-6.30259190542121
1731	0.0622915742551941	0.91867301382102	0.535165097024295	0.603466771751044	0.770335683834183	-6.30276797036807
2086	-0.641223855289049	3.82748912849216	-0.534548124032462	0.603878925041986	0.770455777314497	-6.30311061503637
2109	-0.380711898814938	3.45345576261108	-0.534547484205403	0.603879352537531	0.770455777314497	-6.30311097017914
1921	0.101857847108767	0.902054002254205	0.533669635032859	0.604466027339185	0.771000959732922	-6.30359785054152
4193	-0.0756835256800136	1.5048340284142	-0.532424764571601	0.605298487826295	0.771859273617189	-6.30428699216215
1043	-0.118879134375453	1.62459906756309	-0.532056033718829	0.605545175671504	0.771970371514819	-6.30449082341293
1825	0.183260700385407	2.17224587625444	0.531613358989724	0.605841401455221	0.772144546954784	-6.30473535351402
1995	0.0945475270025485	1.27011837993639	0.531080274668505	0.606198225424152	0.772395842665802	-6.30502956926591
3116	0.0896883576057726	1.18726480910988	0.530512901234782	0.606578119305583	0.7726763931544	-6.30534240237199
2612	0.191259908202126	2.51501172898336	0.529392018800416	0.60732898195121	0.773336489866822	-6.30595949279498
3324	-0.127639581211565	2.13380885154244	-0.529262148212488	0.607416011057032	0.773336489866822	-6.30603091176578
2249	0.0997666731055011	0.694411228522767	0.528846415079233	0.607694645727097	0.773382156976488	-6.30625942177434
962	-0.221557620268567	3.34908521226985	-0.528620368325753	0.607846175275045	0.773382156976488	-6.3063835981881
3571	0.138716346995818	1.93433725520501	0.528493174711415	0.60793144749516	0.773382156976488	-6.30645344854218
3662	0.205362816368573	2.24423770098761	0.52757416433414	0.608547745208486	0.773957894312021	-6.30695766389714
2748	0.0990200384927859	1.60353625514187	0.527341286467399	0.608703966072187	0.773957894312021	-6.30708530029344
4090	0.122031439098911	2.42662709781966	0.526784502444285	0.609077554944494	0.774229430063443	-6.30739024754885
1672	-0.0994253687646014	1.28681895102759	-0.52612165225863	0.609522463980054	0.774591458034016	-6.30775288828777
1027	-0.116587367480871	1.63923132024722	-0.525034075405108	0.610252810372393	0.775237107869827	-6.30834695586184
1426	-0.110704148583774	0.807108743737428	-0.524887907492965	0.610351001214587	0.775237107869827	-6.30842670833594
2376	0.101632117464894	2.10528919314783	0.524272143223128	0.610764739748864	0.775559005486877	-6.3087624517606
1552	0.0927659738479473	2.42297297194808	0.523260428263976	0.611444830895076	0.776057660233899	-6.30931327409956
1546	-0.0641649731778656	0.966077449397554	-0.523210719773413	0.61147825564523	0.776057660233899	-6.30934031157849
4592	-0.0812626062159833	0.860690110051245	-0.522638096821435	0.611863362902339	0.776219319971828	-6.30965159730379
427	0.243505839309542	2.05755085824548	0.52235513826754	0.612053706958131	0.776219319971828	-6.30980529804898
1096	0.104607016727064	1.58987672437124	0.522305712165462	0.612086958597049	0.776219319971828	-6.30983213779391
3256	0.0829344990354472	1.69143749333526	0.520572171829496	0.613253784459961	0.77743192604167	-6.31077197316462
4815	0.0731677371716679	1.35226772524635	0.520321332369914	0.613422714682859	0.77743192604167	-6.31090771960515
3721	-0.0630271391985544	1.30419685070361	-0.519969613616345	0.613659622625396	0.77743192604167	-6.31109795413278
3377	-0.119812719197873	1.90113578265768	-0.519930562502084	0.613685929217267	0.77743192604167	-6.31111906822038
912	0.0873442606000002	2.97517423897445	0.519544727433682	0.613945875733778	0.777516382041696	-6.3113275999065
1700	-0.165560690123389	1.16656785193601	-0.51935455898137	0.614074017317346	0.777516382041696	-6.31143032587334
3150	-0.0983474839053089	0.490215419398302	-0.518437457499353	0.614692179072693	0.778095437559835	-6.3119252280104
1484	0.285342858723386	2.17990203051195	0.518039297172783	0.614960652121828	0.778167170970536	-6.31213983151512
69	-0.0737697082242708	1.61340377450597	-0.517876355947053	0.615070537782416	0.778167170970536	-6.31222760966417
3213	-0.113918512448909	0.639769637919267	-0.516872351693496	0.615747844690467	0.778820411140517	-6.31276789846653
221	0.0705104713813278	0.984400041774562	0.516273379377351	0.616152093424564	0.779128026133832	-6.31308975138888
3223	-0.0905749915210391	1.11262619072801	-0.515697704000298	0.616540744664836	0.779354660476376	-6.31339875168024
4365	0.152173323325178	3.48929173193984	0.515530721190266	0.616653501509625	0.779354660476376	-6.31348832029972
1452	-0.104289051141802	1.41765078897872	-0.515219358419018	0.616863780052524	0.779416810627869	-6.31365525987234
4576	-0.103029556929637	1.13293457723986	-0.514595431221689	0.617285256986655	0.779745711044761	-6.31398949478301
2189	-0.484591482909389	3.56309483550635	-0.514266265470585	0.617507674094798	0.779753136925249	-6.31416567222523
3501	0.0887495590868106	1.99926513053193	0.514109697739506	0.617613480921363	0.779753136925249	-6.31424943343958
1569	0.148682826186756	1.51276099636374	0.512514528443802	0.618691997205609	0.780911005082373	-6.3151014411951
2453	-0.173977178630954	1.29421589812597	-0.509018926291163	0.621058711760626	0.783693804772537	-6.31695969688375
3326	0.108879445486145	2.15438318684346	0.508375028885553	0.6214951570474	0.784040044275182	-6.31730067178706
4142	0.113435725008463	0.680040323280987	0.508024087479245	0.621733095706585	0.784135744793654	-6.31748633933475
1516	0.130510325003072	2.32878836501406	0.507376562108919	0.622172237490824	0.784308716305579	-6.31782859599618
1670	-0.227834124466608	1.14767034840839	-0.507343783538379	0.62219447151319	0.784308716305579	-6.31784591042124
1596	-0.158654500498697	2.46041603400656	-0.506336748653104	0.622877745336662	0.784827922066015	-6.31837733140892
2633	0.0772292024193468	1.60493336800564	0.506258574478728	0.622930802135903	0.784827922066015	-6.31841854254785
2599	-0.204797339480679	1.54913753661181	-0.505764876065173	0.623265926952066	0.784927450365772	-6.31867866596315
64	0.294722623246697	3.66736438962155	0.505549753809623	0.623411980913753	0.784927450365772	-6.31879193555188
3988	0.065661186106356	1.44531277388364	0.505425239444331	0.623496525786619	0.784927450365772	-6.31885747586799
3239	-0.0913057118207738	0.523256713509489	-0.505175145083561	0.623666356258788	0.784937000931326	-6.31898907096238
2205	-0.0832040212843928	1.01340514152111	-0.503489926451732	0.624811327279503	0.786037476049756	-6.31987418493471
4018	-0.122249333313947	1.54608246660741	-0.50340997392235	0.624865674428971	0.786037476049756	-6.31991610776498
2045	-0.13519870154959	1.28793168089495	-0.502959614330105	0.625171846719591	0.786106557003152	-6.32015213376281
3200	-0.0627057670541157	1.79709240961954	-0.50285119948065	0.625245562494446	0.786106557003152	-6.32020892213283
2605	0.148368003339564	2.8236237194535	0.501571905090621	0.626115732080368	0.786833184185927	-6.32087814352247
3345	-0.115531070109097	3.56635047640552	-0.501523348133905	0.626148772037168	0.786833184185927	-6.32090351252122
2262	-0.300470081911818	2.6873117964873	-0.501156154364926	0.626398652138145	0.786942788637846	-6.32109528028036
2528	-0.107556138790775	0.453372538397639	-0.50046383897952	0.626869915313325	0.787170717738718	-6.32145647938939
299	-0.222036360103658	2.78503743438365	-0.500411583420974	0.626905493064754	0.787170717738718	-6.32148372316903
4000	-0.101326893680403	2.75675196552182	-0.499928860516187	0.62723419782972	0.787379099403265	-6.32173526570662
3591	0.0690716381632746	1.03668924868006	0.499151801954966	0.627763505191381	0.787839127915928	-6.32213969776086
275	-0.0906473855428	1.93705037995717	-0.498824798176298	0.627986315281993	0.787914365491256	-6.32230971258158
1470	0.200315521520313	2.43570154233604	0.497948872924098	0.628583334503713	0.788319109467137	-6.32276459757392
3128	0.133300521686229	0.715813791447822	0.49787339525218	0.62863479212985	0.788319109467137	-6.32280375891773
725	0.102508086000981	2.25720156106309	0.496265318975073	0.629731604198646	0.789489894043289	-6.32363675867492
2362	-0.152250674879984	1.94275069972666	-0.495972190835751	0.629931637465619	0.78953607825354	-6.32378832501464
2902	0.252874176634814	4.27225079025582	0.495464869015759	0.630277911865859	0.789765485005705	-6.32405044155177
2373	-0.156151237760999	2.37013627844549	-0.493371275894494	0.631707885199832	0.791326525552026	-6.32512942456246
4037	0.151991488154634	2.66490340299894	0.492952600236582	0.631994040235769	0.791326525552026	-6.32534467581303
2732	-0.159454415289481	1.37419631750293	-0.4926797062994	0.632180590865229	0.791326525552026	-6.3254848832642
4318	-0.0965470189060225	0.778707142395676	-0.492490224697756	0.63231013649521	0.791326525552026	-6.32558219152885
2538	-0.111330937129229	0.805804347882623	-0.492444301672884	0.632341535300565	0.791326525552026	-6.32560576991585
3141	-0.182141720074759	2.23799447467299	-0.491956298641406	0.632675242966629	0.791539391122977	-6.32585619700781
1311	0.160401453092611	1.74925777548677	0.491325911827019	0.633106442730071	0.791634826370998	-6.3261793398749
4232	-0.131425475037581	1.38667922873645	-0.491225116370503	0.633175402497538	0.791634826370998	-6.32623097199357
2558	-0.126294471858474	0.678889260907768	-0.491127180025915	0.633242409684944	0.791634826370998	-6.32628112985336
1556	0.221639331371504	2.27772652962902	0.489473957244057	0.634374049930924	0.792844653465722	-6.32712638243833
3720	0.0657955000450111	1.99816924418891	0.48855221834978	0.635005410907981	0.793428764972317	-6.32759646309527
747	0.103379000996151	2.01158057974364	0.487685620299275	0.63559927962108	0.793965740977739	-6.32803765023358
2151	0.13322486299778	1.12328720459282	0.487408976800741	0.635788916477741	0.793997619493885	-6.32817833251122
2791	-0.181306127428193	1.68288815482233	-0.486084568906238	0.63669716599858	0.794926681058356	-6.32885078049366
1736	-0.161141374255375	0.747861885142086	-0.485713480905262	0.636951762180199	0.795039377045357	-6.32903888115641
3661	0.105503784092173	1.47159290112872	0.485116341987662	0.637361550506401	0.795345674838785	-6.32934127642328
3632	0.0717084627788577	1.36245061783037	0.484492908842523	0.63778951885298	0.795674495154904	-6.32965660781884
4416	-0.129433440588784	2.17217604232144	-0.483944819458209	0.638165880208943	0.795938780214196	-6.32993351023331
356	-0.131734427207406	2.34560652509185	-0.483480211952212	0.638484999991853	0.796131554113552	-6.33016800174213
1204	0.219420912262108	2.56620830380322	0.483205033016714	0.638674045257744	0.796162079607566	-6.33030678542252
1367	0.0966372866189714	1.74311900236233	0.482613164943497	0.63908074403002	0.796463843281102	-6.33060503198824
4089	-0.0905642490597713	2.24705690795651	-0.481045349773688	0.640158659874323	0.797601750314699	-6.33139337553879
2044	0.166007683353892	1.87567976594799	0.480016756611031	0.640866318794021	0.798231631877894	-6.33190924925481
3742	0.0776317408763778	1.58060525197143	0.479622082524808	0.641137948843575	0.798231631877894	-6.33210691096403
3120	-0.147090684207383	2.31146310695366	-0.479591234772754	0.641159181785344	0.798231631877894	-6.33212235366076
4275	0.348591319376783	6.58222901641956	0.47876224245215	0.641729914744401	0.798623114624621	-6.33253699959418
4051	0.0675100858891747	1.17355099865682	0.478654983964094	0.641803776283697	0.798623114624621	-6.3325905980569
2013	-0.104398016199344	1.37886156177121	-0.478244969925413	0.642086162147379	0.798753958296131	-6.33279538145923
3534	0.0911885936272763	1.46904189987957	0.478022906036518	0.642239127278204	0.798753958296131	-6.33290622216944
1666	-0.11430595630898	0.657021905349306	-0.477502631001556	0.642597578415039	0.798994367610373	-6.33316571867135
2833	0.0846971954665995	1.06128371503942	0.47714531608115	0.642843811016189	0.79909515870923	-6.33334377920325
310	-0.0847715201438959	1.77643064422744	-0.476638177120149	0.643193367416638	0.799261377524915	-6.33359628236906
2780	-0.176897023937087	1.32257714188865	-0.476471985836175	0.643307938007858	0.799261377524915	-6.33367897264735
4035	-0.121708073842806	2.69140208918383	-0.476014290153273	0.643623518991514	0.799448160431565	-6.33390656137239
1545	0.0670177808457244	1.0227637971819	0.475305259232387	0.644112540869713	0.799850224006076	-6.33425871274565
1519	0.191982773577356	2.43411478093675	0.473902104059453	0.645080823501189	0.800813833966591	-6.33495412991377
4907	-0.0898983041567453	0.811815380923709	-0.473701112470643	0.645219579330668	0.800813833966591	-6.33505358202101
2071	0.123177874094431	2.02203183168203	0.473184206972947	0.645576493320984	0.801051314359303	-6.3353091650122
4474	0.0931389376583586	1.21850885640566	0.47288070892339	0.645786096862322	0.801105932466645	-6.33545910451168
1924	0.177234522774773	1.11305319823061	0.472456723016003	0.646078966352738	0.801263788570763	-6.33566841524027
4719	-0.141111448977871	1.18472835875275	-0.472128896602798	0.646305456474886	0.801291669766414	-6.33583013122204
3024	-0.170669365394118	1.52716209066035	-0.471944750213008	0.646432696795848	0.801291669766414	-6.33592092301498
2974	-0.293101759750666	4.04865613271363	-0.47163648638056	0.64664572551976	0.801350414975563	-6.3360728338795
4595	0.116930775967255	0.986976235366227	0.471334389507495	0.646854524694244	0.801403890005314	-6.3362216134126
4049	-0.0815436526022943	0.64216832292176	-0.46966533296357	0.648008693959817	0.802628279922579	-6.33704195926756
4060	-0.134633511539484	0.731357633876904	-0.468491000934588	0.648821337559375	0.803429135170785	-6.33761747467211
1983	-0.129681321946703	2.00109199178449	-0.467855433919755	0.649261352983332	0.803768276799734	-6.33792837650403
4034	0.138824602210043	2.47210040038502	0.467594315065823	0.649442171295671	0.803786447871183	-6.33805599133515
381	-0.181325021175738	2.11296846221879	-0.467060058611317	0.649812204311564	0.803936227125988	-6.33831688192476
3739	0.13144630801025	1.46734988982609	0.466939769034967	0.64989553209792	0.803936227125988	-6.3383755828353
3816	-0.114604335018007	2.21574149266721	-0.466526815816016	0.650181633924214	0.8039644923765	-6.33857699227128
4911	0.127872891855198	0.670170037095361	0.466427088776431	0.650250735566193	0.8039644923765	-6.33862560645937
2726	-0.146767013054884	0.681176396516326	-0.466155777939912	0.65043874638725	0.803991480588021	-6.3387578125738
3908	0.104879862862983	1.61079063335081	0.465646898460183	0.650791454347008	0.804089075122343	-6.33900558368347
989	0.0776192282721023	1.79952798547604	0.465486530990292	0.650902624738493	0.804089075122343	-6.33908361207679
3645	0.178195572115329	3.82253643432096	0.465322549149315	0.651016309891323	0.804089075122343	-6.33916337241468
2689	0.108114518354988	1.26436351901751	0.465052793622859	0.65120334593515	0.804114800315022	-6.33929452213738
3008	-0.082816567308302	1.68158405465371	-0.464046330382345	0.651901403004076	0.804771367117561	-6.33978320032274
1789	0.0935963750072114	2.29453815870118	0.463424214911982	0.65233306115473	0.804910721257132	-6.34008475418953
4850	-0.110029648423227	0.787178864289153	-0.46328993611195	0.652426248729325	0.804910721257132	-6.34014979130997
2684	0.0555238491337403	1.02533386408939	0.463164357608559	0.652513404045158	0.804910721257132	-6.34021059812588
4185	-0.14982238385534	1.86796919364893	-0.462664109621095	0.652860645349203	0.805133775732716	-6.34045266794329
4005	0.166485816374821	3.04584596382689	0.461632366403753	0.653577089889838	0.805811916637879	-6.34095113508489
863	0.10407148912793	2.48271992386314	0.460522871421734	0.654347933695348	0.806152906688013	-6.3414859743161
4613	-0.0898814590458713	0.925116645804903	-0.460418391497885	0.654420544981898	0.806152906688013	-6.34153627587615
3565	0.135333064616393	2.14307810520083	0.460393637271552	0.654437749182396	0.806152906688013	-6.3415481921216
68	0.12209757378929	1.10442731146977	0.459773784736453	0.654868615539049	0.806152906688013	-6.34184637754982
766	-0.0549481390619689	1.43343180753714	-0.459647340503608	0.65495652449906	0.806152906688013	-6.34190715726655
1007	0.078803139827198	2.02177393088734	0.459531620098116	0.655036982637339	0.806152906688013	-6.34196276814104
4417	-0.129340139191616	2.13671275501569	-0.459355311458663	0.65515957541067	0.806152906688013	-6.34204746958977
3188	-0.0748466483449855	1.89194175128321	-0.459316311472056	0.655186694728662	0.806152906688013	-6.34206620158157
4279	0.307433229174099	7.73194971646314	0.45858028338116	0.655698602286471	0.806577634849211	-6.34241943504582
4386	0.107619170993025	3.26475635008488	0.45708754387374	0.656737371441084	0.807650077028969	-6.34313415726606
2396	0.0691955269755028	1.93106784780038	0.456580200625624	0.657090595225319	0.807879110470163	-6.343376562935
1261	0.1574282739112	1.37154805523364	0.454065841856667	0.658842442223766	0.809827168566713	-6.34457409057655
373	-0.126533417176456	1.99883733405632	-0.452879033457828	0.65967008198433	0.810559270755771	-6.3451371299851
4013	0.218570742540057	3.31082826119481	0.45273131232845	0.659773131094714	0.810559270755771	-6.34520711192054
3073	-0.252469613651329	2.65036952346828	-0.451569023678821	0.660584192423662	0.811349663098674	-6.34575697276328
4584	0.12399901467156	1.0812136908522	0.450984021899241	0.660992587769966	0.81164521310434	-6.3460332138118
2160	0.230324431658053	2.47779583579124	0.449448292528633	0.662065245048262	0.812383233941745	-6.34675675457807
1060	0.145967126599531	2.4203847113922	0.449362620719357	0.66212510746012	0.812383233941745	-6.34679704791901
136	-0.118541983049082	1.65081875973004	-0.449347555853472	0.662135634156347	0.812383233941745	-6.34680413249361
4610	0.104805326386024	0.704198360995877	0.449162012495881	0.662265290340273	0.812383233941745	-6.34689136947736
4626	0.0842822330774677	0.946840069043541	0.448376087669104	0.662814616741103	0.812822481910527	-6.34726050361054
1718	-0.077022148242569	1.34028067229716	-0.448169013627012	0.662959386857986	0.812822481910527	-6.34735765886067
2847	0.222162402988679	1.66807591209352	0.447577990075845	0.66337266400087	0.812829991416342	-6.34763471846012
1637	-0.151261041830996	2.15317439310743	-0.447553365440581	0.663389885487944	0.812829991416342	-6.34764625434389
382	-0.165519291819209	2.00181270640304	-0.44704086688372	0.663748352748713	0.812829991416342	-6.34788620549267
4878	-0.0747805781504943	1.51362118567377	-0.446807696040522	0.663911473345117	0.812829991416342	-6.34799528819315
34	0.139334590731638	3.32034422944277	0.446700195706752	0.663986684083134	0.812829991416342	-6.34804556088097
2604	-0.0831627397213413	0.833962383232121	-0.446214394377141	0.66432661486439	0.812829991416342	-6.34827260137476
1223	-0.217253331574934	2.59140792344151	-0.44604449260068	0.664445519264081	0.812829991416342	-6.34835194927585
2414	0.10864789078902	1.25477585720978	0.445969527981006	0.664497985729403	0.812829991416342	-6.34838695016837
4130	0.12060262106383	2.48567232381016	0.445819021765583	0.664603328160452	0.812829991416342	-6.34845720424406
4379	0.140746636603785	2.3737365032561	0.445681586917595	0.664699528297336	0.812829991416342	-6.34852133685828
1044	-0.11088028812787	1.80974367940864	-0.445518608446142	0.664813616377525	0.812829991416342	-6.3485973644803
4565	0.0676204483009895	1.85388803431425	0.445227216387146	0.6650176186128	0.812873986571179	-6.34873322887445
3465	-0.131425182455859	2.84777145738972	-0.443717049529598	0.666075334351069	0.813961219396432	-6.34943598766927
4263	-0.145135029494959	1.36041646432278	-0.442464216192314	0.666953392344708	0.81482841216255	-6.35001725071479
1144	0.334129615066815	6.95554411691607	0.441251145176432	0.667804080769318	0.815661737632406	-6.35057855711212
111	0.148892777629757	1.54199835774506	0.440901075374161	0.668049664659381	0.815755749021223	-6.35074026369914
1427	0.0803746867048531	0.974912465799486	0.439238195878813	0.669216777294165	0.816974708188031	-6.35150670317888
4117	-0.0530112698927777	1.24932616082448	-0.43854079675175	0.669706528298339	0.81736634306442	-6.35182731137696
1922	0.0843167329866298	0.776827827217384	0.438095844944827	0.670019081370121	0.817541567633958	-6.35203160795155
4068	0.114178143194132	2.41993006417371	0.437211837509004	0.670640239920012	0.817816716179917	-6.35243690076047
1377	-0.0850882550686893	0.318792346029449	-0.437191560996456	0.670654490485098	0.817816716179917	-6.35244618771864
3080	-0.0935634416606621	0.748788258801789	-0.437053249403483	0.67075170107522	0.817816716179917	-6.35250952550301
418	0.0766907886115336	0.71350544511746	0.436784639058355	0.670940508562047	0.8178408113941	-6.35263247650848
57	-0.145904459254149	2.1164830467111	-0.436451948046003	0.671174391643113	0.817919825382715	-6.35278465812383
4525	0.0853397410155938	1.9474190449593	0.435940016841865	0.671534352536403	0.818136720090133	-6.35301861052124
1164	0.169851768131938	3.95909113698155	0.435717862899343	0.671690585406782	0.818136720090133	-6.35312005242544
2789	-0.0791118367036733	1.82284339551649	-0.435099669145182	0.672125424312001	0.818460307782899	-6.3534020750979
3814	0.152556673700566	1.74917316103582	0.43412429809841	0.672811758063865	0.818908269379767	-6.35384625825957
1889	-0.0704926727145901	1.73217630505531	-0.434095786586914	0.672831825296522	0.818908269379767	-6.35385922791441
1501	0.0887536504160416	2.10308861380934	0.433430079250225	0.673300445347406	0.819002453495993	-6.35416181920125
3346	0.181518806569995	4.49158766343672	0.433373670558442	0.673340160534278	0.819002453495993	-6.35418743867699
813	0.172553404079946	3.13838071866075	0.433111772477258	0.673524566548425	0.819002453495993	-6.35430634436967
931	0.0810512437390776	1.90851117186834	0.433024032856982	0.673586350239884	0.819002453495993	-6.35434616397821
677	-0.0693197917498665	2.01352467352573	-0.432485852978948	0.673965376046324	0.819163015221184	-6.35459024037995
3758	-0.144368454298045	1.93031512095137	-0.432355718077337	0.674057040842401	0.819163015221184	-6.35464921544859
4280	0.311567505257861	7.19096897946808	0.430369317458627	0.675456914637286	0.820490948281293	-6.35554729464745
1088	-0.0847779019740115	1.43068323894123	-0.430323908420546	0.675488930757418	0.820490948281293	-6.35556777803903
3005	-0.226206419330363	4.82954266112804	-0.429791273188253	0.67586452101803	0.820625848239076	-6.35580788670582
1205	-0.143228208560589	2.44551164286402	-0.42968533881052	0.675939232168813	0.820625848239076	-6.35585560704578
3984	0.101485564585394	1.3770686654577	0.429107192622657	0.676347039241199	0.82091494627419	-6.35611584489951
4213	-0.047969259713778	1.20950236779652	-0.428429583444928	0.676825142967671	0.820956411245774	-6.35642042293483
2788	-0.0849305765133065	1.60178766356535	-0.428375360976054	0.676863407407085	0.820956411245774	-6.35644477527007
1277	-0.0561571275079768	0.753032545602308	-0.428337296783771	0.67689026962782	0.820956411245774	-6.35646186884022
3633	0.0540145179440921	1.21183996839578	0.427928162230293	0.677179029043564	0.821100787597184	-6.35664550718984
3304	0.151791335810614	2.07658333693707	0.427584625886694	0.677421532465747	0.821189018809642	-6.35679957118195
3510	0.0933483011584541	2.15887579686205	0.426918612828505	0.677891782319618	0.821553217149878	-6.35709791430696
2490	0.12276738442045	1.29818469585815	0.426581606639582	0.678129786063163	0.821635838961579	-6.35724870640645
3876	0.125677668282196	2.25522727943152	0.425169233283485	0.679127645817911	0.822285863203153	-6.35787941624555
3747	0.0839283932677504	1.75091434542566	0.425135473366831	0.679151505521989	0.822285863203153	-6.35789446735887
1006	0.072651950646137	1.92847839480782	0.425100575617222	0.679176169772592	0.822285863203153	-6.35791002453634
2882	0.0997201614992269	0.502349374112791	0.423939620739225	0.679996907575033	0.823073564885666	-6.35842686701679
1947	0.119235232132548	1.30852951659662	0.423505491120842	0.680303927451595	0.823239219862635	-6.35861978524099
1442	0.219764941632657	3.01997013567321	0.422050037026584	0.681333678669876	0.824092226422584	-6.35926516533037
364	0.106683649823058	1.02187525863409	0.42202767539713	0.681349505103418	0.824092226422584	-6.35927506421642
1642	0.0924339567677589	0.352737459892422	0.420576894415032	0.682376637683041	0.825128261212335	-6.35991620214748
3091	-0.195289446848509	2.1249460434004	-0.419321580452502	0.68326592657618	0.825997139624078	-6.36046923569946
4097	-0.0597038482171914	1.37281142911965	-0.418436367869654	0.683893331324219	0.826549072432319	-6.36085825859587
3507	0.114053215304488	2.09941575406245	0.417294329281843	0.684703133836397	0.827321119255866	-6.36135897384872
4030	-0.0741119506234424	0.584604487208358	-0.416192312296753	0.685484951367563	0.828058974960367	-6.36184088713471
1240	-0.124414595747159	2.45156361463952	-0.41562819202283	0.685885311571742	0.828335780675009	-6.36208710052159
3925	-0.11677004394252	0.765904805551115	-0.414848275242029	0.686438990453304	0.828678524634853	-6.36242696733477
4237	0.0949741020457743	0.684260863413879	0.414745898799548	0.686511683905847	0.828678524634853	-6.36247153438265
217	-0.105943783984184	2.09908956150278	-0.414264360563168	0.686853649656678	0.828884499136694	-6.36268101735119
3390	0.187434344608224	2.11776634102025	0.41388197769599	0.687125252239401	0.828893477829423	-6.36284719713207
3617	0.141829469638335	1.4162886461138	0.413771475534972	0.687203749395166	0.828893477829423	-6.36289519260958
430	0.0820106949418415	1.02227362701341	0.41304732475754	0.687718258207477	0.829268780464729	-6.36320941307587
176	-0.053945781793303	1.45652078037446	-0.412775177214686	0.687911661755074	0.829268780464729	-6.36332736447309
2007	0.0564228807532438	2.0216695838082	0.412397042563404	0.688180424594212	0.829268780464729	-6.36349112680339
3487	-0.0907701198074061	2.14849655435166	-0.412368760981044	0.688200527814363	0.829268780464729	-6.36350336913506
4250	-0.0941092260989181	0.698806546950619	-0.412078995640214	0.688406514432322	0.82931043745607	-6.36362875388848
1682	0.0749990489238583	0.567715446616852	0.407927016989015	0.691360947949891	0.832483050651825	-6.36541598948226
1373	-0.0945759600232841	0.865699832124472	-0.407717861082934	0.691509920547511	0.832483050651825	-6.36550555771701
814	-0.178568602067097	3.23497610097968	-0.407424097913312	0.691719178291396	0.832483050651825	-6.36563128274764
2331	-0.157676193586159	4.44453090868949	-0.407303780168247	0.691804892599731	0.832483050651825	-6.36568275110638
2064	-0.0839209512553568	2.09147310699073	-0.407127558024981	0.691930441339321	0.832483050651825	-6.36575810712662
1222	0.151675950691959	2.1992701092007	0.406928157040353	0.692072515444737	0.832483050651825	-6.36584333677219
3420	-0.064226410651112	2.08881625155273	-0.406611724152026	0.692298000789047	0.832507805468845	-6.36597850614634
3429	-0.126516974655551	1.37838096600254	-0.406416333708591	0.692437248699179	0.832507805468845	-6.36606191942782
2859	0.0759223100179189	1.15422337699948	0.405907687799794	0.692799798614626	0.832676257880225	-6.36627888104403
3611	-0.12333896489118	1.66394500494066	-0.405736854842057	0.692921582105371	0.832676257880225	-6.36635169034752
1773	-0.0912591417635386	0.551624767224668	-0.405329166974434	0.693212251576574	0.832818692110123	-6.36652532761349
4354	-0.0923735440144519	1.63736111185422	-0.404657934899317	0.693690932998221	0.833186875334011	-6.36681084176189
2601	0.103252676740266	1.64993970971195	0.403641685637956	0.694415925895505	0.833843498052937	-6.36724223901378
3180	-0.117980840028494	1.50887749143908	-0.403408498703608	0.694582326819623	0.833843498052937	-6.36734107842857
4463	0.0726148645888424	0.692287130581979	0.402859252272698	0.694974332683516	0.834107125160717	-6.36757366511663
4913	0.084059753344902	1.17895268379317	0.402557876131836	0.695189469306323	0.834119580179381	-6.36770115686504
4058	0.0809178365983	0.467897920734017	0.402361691760039	0.695329530149534	0.834119580179381	-6.36778409942572
1580	-0.0524020803208473	1.40271074489367	-0.401841331714716	0.695701085641609	0.834220445986693	-6.36800390666075
4297	0.13066523223808	3.14950054063536	0.401760969620246	0.695758474484561	0.834220445986693	-6.36803782812898
3756	-0.104115716522028	1.30274869081887	-0.401047909921167	0.696267777953122	0.834336721066364	-6.36833852805161
4622	-0.0878361007966877	0.794054536239682	-0.400769716894538	0.696466520110372	0.834336721066364	-6.36845570262313
3496	0.0889859611200374	2.00384772144972	0.400754974580458	0.696477052741777	0.834336721066364	-6.36846190986841
4295	0.171754686812488	3.93231297783756	0.400659494479569	0.69654527002626	0.834336721066364	-6.36850210636449
2654	0.0946975886414827	0.892390623725714	0.400253552573089	0.696835333087984	0.834477559772195	-6.36867290154965
2278	-0.0921240660753286	1.23228237711156	-0.39967599998162	0.697248106909262	0.834580651452987	-6.36891561047871
1100	-0.167481481043112	2.78401770204908	-0.399420327538782	0.697430867457571	0.834580651452987	-6.36902294493647
4244	0.107499486783834	1.19871124211272	0.39939278834925	0.697450554304007	0.834580651452987	-6.36903450225503
4128	-0.101351079429248	0.755805485546052	-0.399167741381085	0.697611441603116	0.834580651452987	-6.36912891831592
4421	0.0600304592243669	0.770894554384571	0.3971735278496	0.699037795208926	0.835609566958627	-6.36996331377525
1988	0.108087632067255	1.36769246456433	0.397071317668348	0.699110933499605	0.835609566958627	-6.3700059701338
3764	-0.106430659247315	0.820396857021008	-0.396865661861974	0.699258103815857	0.835609566958627	-6.3700917661702
3396	0.137200770042368	1.46950436206426	0.396690976404637	0.699383121461824	0.835609566958627	-6.37016460803879
2351	0.108255692781347	3.42081432474453	0.396572328433953	0.699468039921535	0.835609566958627	-6.37021406516091
4387	0.0783929995292709	2.1198368800575	0.396327391511669	0.69964335924416	0.835609566958627	-6.37031611905589
4011	0.198842712410429	3.50749500935107	0.396119383452628	0.699792260271506	0.835609566958627	-6.37040273835732
4299	-0.143618127181682	3.51580738233545	-0.395957362831049	0.699908250692571	0.835609566958627	-6.37047017686814
638	-0.0715654812778635	0.70979562385082	-0.395792958299206	0.700025955949424	0.835609566958627	-6.37053858027596
305	0.0453033443699313	0.735849299891459	0.395268906017613	0.700401205718174	0.835851266222133	-6.37075643747762
4816	0.0523304006772223	1.31464468690816	0.394294324060565	0.701099281787879	0.836400183242077	-6.37116084234778
1856	0.114906746443799	0.904599534483956	0.394144068058771	0.701206933284387	0.836400183242077	-6.37122310517904
3483	0.0834855055784278	1.14161234295596	0.393179694355966	0.701898026053089	0.836664125108918	-6.37162217231283
499	0.107522710221805	1.72338424981523	0.393159352342406	0.701912606660265	0.836664125108918	-6.37163057981323
46	-0.176978682580036	3.66184438302356	-0.393068430571018	0.70197777847222	0.836664125108918	-6.37166815327255
2838	0.0862445619773916	0.787183194037587	0.392870089361792	0.702119956168294	0.836664125108918	-6.37175008858107
2871	0.123408324755589	1.03607619600947	0.391746993779041	0.702925254225312	0.837359185958085	-6.37221328508729
2363	0.121383759182489	1.90163535701771	0.391573898686672	0.703049403340583	0.837359185958085	-6.37228455989926
4198	0.128149390664834	0.921820400231017	0.389378173187987	0.704625031320443	0.839029264466724	-6.37318603125691
3795	-0.0761635266029623	0.702063126970091	-0.388940018403933	0.704939620386623	0.839167477914244	-6.37336532962795
2217	0.086590161906804	0.637979043379217	0.388482838940065	0.705267930532328	0.839167477914244	-6.37355220406064
4217	0.0546405855053069	1.74508005288325	0.388226496064211	0.705452043232841	0.839167477914244	-6.3736568920845
4836	0.048952137214465	1.21397846443061	0.388042114771461	0.705584483306142	0.839167477914244	-6.37373215016118
92	0.133189799346227	2.27532179865111	0.387867680402239	0.705709787963964	0.839167477914244	-6.37380331627179
173	-0.0603154394164136	0.471227939444653	-0.387767405189504	0.705781824645113	0.839167477914244	-6.37384421269635
3772	-0.077576834208872	1.84003754282684	-0.386419557560153	0.706750397390159	0.839917250162	-6.37439292401856
4026	0.0770706367097742	0.679973353662645	0.38620333089456	0.706905830073465	0.839917250162	-6.37448077748159
4334	0.115969399313606	2.90783147494036	0.386165194296009	0.706933245692366	0.839917250162	-6.37449626752421
2029	-0.0966386710384848	1.20875280002689	-0.385125140192802	0.707681086992991	0.840599336821038	-6.37491813587618
2444	-0.0653868432367285	0.890537597661493	-0.384842830830764	0.707884134717687	0.840634129544469	-6.37503245580665
2233	-0.0755546014586389	1.4740951186225	-0.383951646059775	0.708525265027638	0.840834184238493	-6.37539280247517
4550	0.0778749449372674	0.756795386975116	0.383566165834603	0.708802658029427	0.840834184238493	-6.37554841808705
3054	0.159917972583557	0.924604519119163	0.383539439296307	0.708821892186015	0.840834184238493	-6.37555920176592
1648	-0.131191278293398	1.06676384227138	-0.383524248790998	0.708832824357165	0.840834184238493	-6.37556533053676
3867	0.0818209866551112	2.44671333132672	0.383302887613601	0.708992139442847	0.840834184238493	-6.37565461427876
4355	0.126987681706235	1.40709459628738	0.383159443622226	0.709095384806336	0.840834184238493	-6.37571244416815
2389	-0.105982475580013	2.70405351315222	-0.382592394125505	0.709503584714487	0.8410283550958	-6.37594084587806
3535	-0.0469044685334442	1.30608191634342	-0.382429617101191	0.709620780085762	0.8410283550958	-6.3760063500284
3932	-0.114970222919907	2.6700308162742	-0.382207588546137	0.709780647758609	0.8410283550958	-6.37609565426668
3316	0.216269284769055	4.12705797027262	0.381679528260966	0.710160926859991	0.841272909928657	-6.37630784785012
2487	0.0990232884935322	1.2618369836952	0.38127860737493	0.710449702593322	0.841408974576865	-6.37646876171961
4509	0.070124543636328	0.673576575637798	0.37979918578905	0.71151571375139	0.842407054313004	-6.37706111995466
4620	0.120574725966787	0.975919903897465	0.379625809020064	0.711640684369006	0.842407054313004	-6.37713039311364
2411	-0.137767896435928	2.24469627153267	-0.378316320918832	0.712584854636972	0.843189134367176	-6.37765260871669
62	0.187112635261341	3.01129529168169	0.378048116261429	0.712778298535883	0.843189134367176	-6.37775935042623
52	0.148451896279073	2.11177261901922	0.377984456535183	0.712824216527852	0.843189134367176	-6.37778467529221
3936	-0.101744577377802	2.83722015524938	-0.377707414051087	0.713024062159948	0.843219362681454	-6.37789483893348
122	-0.0647847259445052	1.58188334987711	-0.377023800694495	0.71351728571901	0.843596438980589	-6.37816633583468
3648	0.0421110503327476	2.29248759227818	0.376521003603103	0.713880138831439	0.843819230800514	-6.37836571611519
4903	0.100854229930648	1.09956662013214	0.376190423908357	0.714118748372469	0.843895091506108	-6.37849666382778
748	-0.0703602153223546	2.53891038078828	-0.375485717663027	0.714627506058093	0.84429007919635	-6.37877543513888
2180	0.0625923126708668	1.95814646181411	0.374911002488413	0.715042525186147	0.844574154504535	-6.37900240724197
4645	0.0578448689316819	0.674383943860644	0.374497683254782	0.715341055118572	0.844629232940449	-6.37916543006843
4266	-0.103308489392399	2.61140200676913	-0.374363032193662	0.71543832091566	0.844629232940449	-6.37921850180842
2735	0.139884555748584	1.43361652115912	0.373867180625409	0.715796547126983	0.844845985606329	-6.37941377791283
2570	-0.0466270876999997	1.79159561121426	-0.373428261672693	0.716113702381281	0.845014168809912	-6.37958642258055
4879	-0.0617725826409161	2.11151719830269	-0.372598872933723	0.716713157503598	0.845411543867221	-6.37991211576479
3219	0.17160260574205	2.60844591137267	0.372478813762409	0.716799948934134	0.845411543867221	-6.37995920344883
4205	-0.0794426035339948	1.29217331425799	-0.371497958551554	0.717509171346922	0.84604176723773	-6.38034334519684
1985	0.0752637893905375	1.89335356881342	0.369342767324482	0.719068494651592	0.847673824835381	-6.38118393785009
440	0.0913652454068098	1.26070765855627	0.368752075602982	0.719496106088366	0.847971293850308	-6.38141349438914
2023	0.0851096511189909	0.862642586641073	0.367699202370047	0.720258547618488	0.848663140131088	-6.38182177763767
1224	-0.149533917045158	2.52525689063834	-0.367114955180245	0.720681769665995	0.848784342407582	-6.38204784627247
3724	0.0931494732983942	1.09511540365766	0.367072822284883	0.720712294049265	0.848784342407582	-6.38206413563388
2367	-0.093989591993693	1.16556564203857	-0.366722671034176	0.720965990872433	0.848876481830332	-6.38219944013073
3163	0.13462829943494	0.772679605927656	0.36610366353425	0.721414569495614	0.849197977425737	-6.38243832743054
2520	-0.0774401741723129	1.42120560457093	-0.365676824240148	0.721723952784049	0.849355505611586	-6.38260282406344
2025	0.0449312804451349	1.45931031024918	0.363935097818601	0.722986937625262	0.850634923207932	-6.38327211683018
4247	0.101726544536051	0.88893499269691	0.362886492516982	0.723747734187417	0.851323009481819	-6.38367356163553
1019	0.0870614240852606	1.82142945878755	0.361817218339015	0.724523848726444	0.851615794408744	-6.38408175606391
690	0.0619038760274759	2.97174278573816	0.361240504627477	0.724942581315635	0.851615794408744	-6.38430142831937
1671	-0.0876016389950194	1.23020492969478	-0.361053044525589	0.725078710143945	0.851615794408744	-6.38437275892017
736	-0.100050252157507	0.754049721863422	-0.360787884406684	0.725271279772383	0.851615794408744	-6.38447359355064
1730	-0.0426296491982167	1.08760812742973	-0.360759847691837	0.725291642292667	0.851615794408744	-6.38448425107995
2235	-0.0994586195420231	1.29534340924344	-0.36065942762908	0.725364577255074	0.851615794408744	-6.38452241688935
2618	-0.0841681476883865	1.19372723797588	-0.360658690162494	0.725365112886663	0.851615794408744	-6.38452269713374
3639	0.0683866014314327	2.1668885487326	0.360603973066613	0.725404855055485	0.851615794408744	-6.384543488597
4337	-0.129710528658519	3.28581277050394	-0.359663051143793	0.72608839872436	0.852211468468815	-6.38490053971777
3731	0.0714597627766307	1.40872057513256	0.359155868082644	0.726456951463263	0.852222437732402	-6.38509262270843
1146	-0.184236822196717	6.21217878218054	-0.358980695937487	0.726584259980343	0.852222437732402	-6.38515890336774
2124	-0.111968530599044	1.65058342793899	-0.358922990504555	0.726626200009541	0.852222437732402	-6.38518073071967
2931	-0.294540990078734	3.22337662620102	-0.357999741804073	0.727297340228816	0.852802843438442	-6.38552948829812
1968	0.138236867747028	2.79947949761662	0.355922347731792	0.728808342852203	0.854367521860664	-6.38631101951052
4073	-0.0615437035699557	1.0409073070438	-0.354299416820565	0.729989630102593	0.855342165990244	-6.38691848936014
1268	0.133381119156422	1.76281949956427	0.354294314565569	0.72999334505451	0.855342165990244	-6.38692039488192
3650	-0.0393046650392381	1.81053522676435	-0.353399884162298	0.730644691908533	0.855898067664281	-6.38725402074425
471	0.118086929898823	1.44666954779833	0.353068214679186	0.730886278607441	0.855973811644348	-6.38737752541847
1399	0.0989003044899807	1.04179157158392	0.352691105247948	0.731161000725844	0.855977138905857	-6.38751781312482
4571	-0.0971594373976865	1.0893520296168	-0.352578589567214	0.731242975423297	0.855977138905857	-6.3875596414973
4873	0.0443969415571637	0.928144967897024	0.352267629726028	0.731469547357275	0.856035237086235	-6.38767517488315
1397	-0.0575383169006317	0.448866377153853	-0.351766085574119	0.731835039580242	0.856255845583847	-6.38786130780641
1129	-0.192804433339407	5.96812940552421	-0.351054951750889	0.732353386362103	0.856655145846193	-6.38812477962466
2630	-0.118273802824201	1.97743617083271	-0.347248267534164	0.735130458431779	0.859614593879588	-6.38952628194573
2752	-0.140830256619579	1.61408122653224	-0.347099903787319	0.735238774178118	0.859614593879588	-6.38958060256539
2613	-0.0702665290690122	1.35329896298101	-0.346304518629122	0.735819562865376	0.859848948835708	-6.38987143119657
1414	0.108095793027686	0.817210211163998	0.346160862526495	0.735924478724837	0.859848948835708	-6.38992388881689
1701	0.0874599613196868	1.33308707442239	0.346095241524067	0.735972405359377	0.859848948835708	-6.38994784397654
981	-0.0747287944234002	1.7917636071673	-0.3456675306065	0.736284815040902	0.860006261508422	-6.39010387248154
539	-0.0558193450396543	1.36830164068434	-0.344434432873454	0.737185776769149	0.860403658888991	-6.39055264963793
2916	0.089983211973217	3.09975536525183	0.344255902620556	0.737316254064301	0.860403658888991	-6.39061749453312
3718	-0.167371353171931	2.05165471627372	-0.343945512802972	0.737543120427442	0.860403658888991	-6.39073015457914
2728	0.0903238797679839	1.60024397440304	0.343796018800563	0.737652396118458	0.860403658888991	-6.39078437993586
97	0.0948561569335701	1.99479063621908	0.343596954687155	0.737797915521546	0.860403658888991	-6.3908565498821
4025	0.0456542545776751	0.744877735859636	0.343525839458621	0.737849904626784	0.860403658888991	-6.39088232253351
4872	0.0834101386930946	0.770388657350802	0.343498430717792	0.737869942275821	0.860403658888991	-6.39089225425856
392	0.13006630096513	0.859999626478891	0.342868470550069	0.738330542099986	0.860532293253533	-6.39112031063285
2364	0.109860293805781	1.85171423145747	0.342781767965392	0.738393943734776	0.860532293253533	-6.39115166641021
3123	-0.0452206544842328	1.77821927661554	-0.34237315658487	0.738692769975042	0.860532293253533	-6.39129933533429
691	0.0592916491991961	2.82783116242906	0.342214084053838	0.738809115348769	0.860532293253533	-6.39135677631534
4139	0.0785206651082302	2.20099954296586	0.341920164546455	0.739024105586881	0.860532293253533	-6.39146284177254
4884	-0.0499396789133149	0.952627646266319	-0.341674917840492	0.739203511523597	0.860532293253533	-6.3915512746818
428	-0.105011766941276	2.31626767911944	-0.341519753054881	0.739317028006454	0.860532293253533	-6.39160719312317
178	0.049645040784302	1.38436942119021	0.341256974275895	0.739509288286658	0.860532293253533	-6.39170183694857
3625	0.078416010079527	1.00572746095816	0.340949087601262	0.739734575171516	0.860532293253533	-6.3918126364367
2485	0.110376242272143	1.62867753819182	0.340915775886069	0.739758951558793	0.860532293253533	-6.39182461849354
1649	-0.11352447760727	1.10185387147182	-0.340119430158758	0.740341779527804	0.860837613595745	-6.39211071917713
2685	-0.0805599673991323	1.9389966556479	-0.340070923369612	0.740377286104154	0.860837613595745	-6.39212812491724
4069	0.0949748827674067	2.50144822281877	0.339118846391934	0.741074326888632	0.861327242544141	-6.39246926807223
4840	0.150299265333846	1.58282818053739	0.338722026632747	0.741364921074409	0.861327242544141	-6.3926111781759
4837	0.0374138715096628	1.10851217411708	0.338562625564278	0.741481663611082	0.861327242544141	-6.39266813719254
2646	0.0518279399315609	0.764706825231523	0.338523206689573	0.741510534352283	0.861327242544141	-6.39268221875144
2221	-0.0718306879019684	0.709190115355499	-0.337927035705423	0.741947226177929	0.861627623679505	-6.39289499263182
2822	0.0679653450781207	1.5470062222521	0.337205790392394	0.74247566145239	0.862034377275417	-6.39315191513431
4882	0.0865751301181759	0.804567141414613	0.336639598483008	0.742890591091096	0.862309184188753	-6.39335322806962
4122	0.0611756883322922	1.52908426620131	0.336385280916785	0.743076993735138	0.862318660515855	-6.39344354446511
4843	0.0935291646463343	0.861993511647858	0.335781753090048	0.743519419877163	0.862625168672833	-6.39365760937432
3803	0.0495664708233698	1.82239896508398	0.335346032094267	0.743838892736292	0.862788914662714	-6.39381192113504
2325	-0.0580797570798428	2.18133480288824	-0.334242886280824	0.744647950580036	0.863247248619074	-6.39420172638979
389	0.0767853405904548	0.985415639504786	0.334220563307992	0.74466432580075	0.863247248619074	-6.39420960141033
925	0.166033317796125	3.11826618438953	0.333905543406794	0.744895425620669	0.863247248619074	-6.39432067813471
1838	0.0493010176368623	2.24536667529057	0.333834209613056	0.744947760021628	0.863247248619074	-6.39434581635282
1575	-0.0479768516146147	1.48827369950143	-0.333237423065719	0.745385648323277	0.863547836826631	-6.39455591951798
2035	-0.13604509070427	1.22586665986673	-0.331353018095431	0.746768936325195	0.864899153933062	-6.39521692240195
2449	-0.0726753053263402	1.31148038842487	-0.331161462586034	0.746909604202632	0.864899153933062	-6.39528390984444
224	0.0559911454281849	0.432908913688412	0.330456777938681	0.747427169100267	0.865291372124214	-6.39553001337711
1726	0.0429393599376156	0.745384245741537	0.329750359868203	0.747946138076139	0.86560793423516	-6.39577620697542
1417	-0.0795334844621093	0.505807312182925	-0.32959750713964	0.748058448333445	0.86560793423516	-6.39582940974018
4125	-0.0672005414245038	0.62526700187659	-0.329278901183593	0.748292567318778	0.865671793564861	-6.39594022782388
4773	0.0929029002172937	1.15222826446985	0.328862973741681	0.748598240375873	0.8657757624571	-6.39608473846606
150	-0.125772342796767	2.37005991285746	-0.328465603106743	0.748890317956483	0.8657757624571	-6.39622263457563
2087	0.243426217301961	2.8805502738506	0.328198934796587	0.749086349127924	0.8657757624571	-6.39631508260821
4775	-0.0907226727251753	0.802171216707089	-0.32794647795188	0.749271950389699	0.8657757624571	-6.39640253605961
3111	-0.0879590155785312	0.614818025511728	-0.327790880377562	0.749386350924573	0.8657757624571	-6.39645640370094
2499	-0.102365418680794	2.50953230876895	-0.327488665329172	0.749608567570367	0.8657757624571	-6.39656095852556
1855	-0.100985864838112	1.26004284915127	-0.327452567842915	0.749635111395782	0.8657757624571	-6.39657344055582
3521	0.0772692677555127	1.48084059468609	0.326596619833392	0.750264621270739	0.866180570721836	-6.39686902102392
1385	-0.0819717276569363	0.954123091518301	-0.32629223822987	0.75048852570451	0.866180570721836	-6.39697394897465
1237	-0.147560335785424	3.03541065881011	-0.326245747180556	0.750522726842897	0.866180570721836	-6.39698996716277
1509	-0.0676061260025761	1.86412442232488	-0.325744302989031	0.750891649920833	0.866399666662769	-6.3971625943377
498	0.0686023922030458	2.34435782131267	0.325263616558422	0.751245362326991	0.866569116673578	-6.39732783117825
3248	-0.149028117667238	1.87170275198632	-0.32505791831858	0.751396743374465	0.866569116673578	-6.39739846726724
1502	-0.0485255781963344	1.67767930350829	-0.324417806987887	0.751867895391889	0.866905833628684	-6.39761799918571
254	0.0681498796086137	0.842329511067964	0.322460481056895	0.753309235755281	0.868360753534441	-6.39828665026202
3913	-0.0756726654446865	0.892756572481929	-0.321890503028083	0.753729143031382	0.868637826104293	-6.39848061734246
3954	-0.14245373571923	3.4511888870998	-0.321338808223445	0.754135660376245	0.868899339104614	-6.39866804211451
3369	-0.0489195947813068	1.90017373624223	-0.319725479586063	0.755324892009301	0.870060831797891	-6.3992143220766
3135	0.0761319368002755	1.48624828698603	0.319462816124838	0.755518571894633	0.870060831797891	-6.39930300582651
1058	-0.0563956440246001	1.95675266723917	-0.319220475784546	0.755697281753407	0.870060831797891	-6.39938476443248
1994	-0.0715700742598512	1.43368800130175	-0.318816306761964	0.755995362791941	0.870060831797891	-6.39952098398168
3166	0.0745497377424617	1.17895884196429	0.318675440039846	0.756099264003932	0.870060831797891	-6.39956842137604
4813	0.058755969544121	2.1161014999118	0.318507992325815	0.756222777534132	0.870060831797891	-6.39962478327161
2434	-0.092387291088724	0.676016152656333	-0.317670928821831	0.756840322969835	0.870564308732302	-6.39990609816521
4479	0.0975745829685396	1.2442668021987	0.316680789931258	0.757571029737204	0.871023551269693	-6.40023792015309
3323	-0.0776783617177732	2.37580787055705	-0.316642015930308	0.757599649388769	0.871023551269693	-6.40025089368105
4304	-0.0776071165105829	0.751052383163488	-0.316230371588529	0.757903513500281	0.87104351632418	-6.40038853109736
3642	-0.0386173541216461	1.32922772549003	-0.316091315290063	0.758006170578396	0.87104351632418	-6.40043498627496
3557	0.056582763261849	2.15884592549556	0.315886827422069	0.758157140810484	0.87104351632418	-6.40050326406506
1729	0.0444053040572987	0.426126520157916	0.315641189049448	0.758338505790482	0.87104503585336	-6.40058522455298
2957	0.17424952169217	1.98275034343144	0.314923061682162	0.75886881628564	0.871447266363619	-6.40082447845732
1880	0.100687761964102	1.64656099339856	0.314381776472718	0.759268621285888	0.871699475505726	-6.40100446157404
1976	0.0431280467624764	1.6944553736114	0.313131448237889	0.760192422454476	0.872553010636952	-6.4014190475554
4612	-0.0707244735677984	1.10799920260714	-0.31113561948157	0.761667845974582	0.874007924942595	-6.4020774678036
516	-0.0618829450264476	0.919844149154596	-0.310928125376502	0.761821293816231	0.874007924942595	-6.40214568257503
3520	0.0866070351690414	1.72356691575606	0.310643053701499	0.762032129987898	0.874042542646148	-6.40223932852825
979	-0.066726860050837	1.43025990258272	-0.309654922864044	0.762763098219819	0.874503971841744	-6.40256327641989
1943	-0.0451677688413123	2.01572764851617	-0.309610533720262	0.762795940713551	0.874503971841744	-6.40257780513289
1641	-0.0487568697617211	1.50575440773779	-0.30847563339416	0.763635792980763	0.875259409249213	-6.40294856717936
3754	-0.0596388963080662	0.635351444805144	-0.307914572658377	0.764051108578699	0.875528011204109	-6.40313136696801
2089	-0.149950060590698	2.51244623516833	-0.306776093831529	0.764894086894078	0.876286429645642	-6.40350129154355
1314	0.134037484294061	2.04763826491728	0.306486698300544	0.765108418613519	0.876324462417662	-6.40359510996096
4692	0.0590255692240137	2.20614299776202	0.305911132980281	0.765534754233878	0.876605240469468	-6.40378144255867
2465	-0.0487291112949229	0.781984851370479	-0.305473800216286	0.765858751954396	0.876768727391237	-6.40392279394876
1836	0.0639855609386334	1.14135300900491	0.305221818715702	0.766045453609448	0.876774995165012	-6.40400414730451
2804	0.0713850226462358	0.716311264306611	0.304613277218034	0.766496406843581	0.876924149103533	-6.40420034569095
553	0.0552413693316556	2.1761845584735	0.304556769661337	0.76653828577074	0.876924149103533	-6.40421854463699
4644	0.0423426179225735	1.33008835701872	0.304065371268049	0.766902504277612	0.877113602204012	-6.40437666562266
4120	0.0543837403280185	0.760226049270684	0.303761755963933	0.767127569736742	0.877113602204012	-6.40447423684106
1393	-0.0575744223547881	0.883670241778696	-0.303599602324885	0.767247781010207	0.877113602204012	-6.40452630805172
4888	0.0382457273333615	1.57545153539984	0.30287717201636	0.76778342672588	0.87745135228484	-6.40475796482268
4066	0.0789015378628588	2.59509205774656	0.302679452500466	0.767930047955361	0.87745135228484	-6.4048212716649
4740	0.068487587250344	0.744272516962106	0.302467378215882	0.768087324705724	0.87745135228484	-6.40488912953669
4235	-0.112932039862848	0.816464512119993	-0.302069486342046	0.768382435441569	0.877509238468225	-6.4050163177643
239	0.127265046569991	2.84570276863991	0.301863491919127	0.768535233682087	0.877509238468225	-6.40508210032557
3329	0.0571299855443383	1.91967862605127	0.301665465102463	0.768682131589156	0.877509238468225	-6.40514529692534
4526	-0.110730780745192	3.07421798750145	-0.299717117727043	0.770127937978801	0.878952338745326	-6.40576490264755
3011	-0.0530214286697195	0.492151795655164	-0.298141650025648	0.771297712112731	0.87973101717503	-6.40626304081269
3914	0.0765762241202499	0.870464646503976	0.298111204995358	0.771320323220733	0.87973101717503	-6.4062726416335
3441	0.0475378146923789	2.0923632623184	0.297876205670265	0.771494861494968	0.87973101717503	-6.40634671608454
4476	-0.0955131387964415	1.33260516276835	-0.297448999763694	0.771812189022983	0.87973101717503	-6.40648122912284
2808	-0.0541673210211992	0.581824613714262	-0.297441449683373	0.77181779759804	0.87973101717503	-6.40648360468699
2651	0.0499546982004115	1.51388038659174	0.297329133106407	0.771901233548575	0.87973101717503	-6.40651893707587
4220	0.0663377271776506	2.49499057832643	0.2966620755984	0.772396828837538	0.880088520470092	-6.40672850870678
3405	-0.083491880192937	2.1261873736479	-0.296113498883642	0.7728044776631	0.880345670575484	-6.40690051000604
4206	-0.0638271317150729	2.25551731485286	-0.294039716612992	0.774346158744988	0.881719110876976	-6.40754789689658
2282	-0.0639655198527301	0.495780122303948	-0.293931294704538	0.774426789342243	0.881719110876976	-6.40758162061475
2834	0.103739728602291	1.42252112088608	0.29342757729052	0.774801427623234	0.881719110876976	-6.40773813721127
3663	0.0821403847141779	2.04852036721652	0.293327602069579	0.774875791033593	0.881719110876976	-6.40776917040733
3730	0.0524149347748073	1.2885677189941	0.29326630679689	0.774921384755871	0.881719110876976	-6.40778819185997
4033	-0.0594136039426783	2.19749715831516	-0.29279692748475	0.775270556144896	0.881908993799437	-6.40793372234584
988	0.175071291436155	3.05497198681403	0.291734687857742	0.776060948556032	0.88260058042174	-6.40826222170084
2413	0.0740471174874177	1.68442598829981	0.29148080395803	0.776249898141554	0.882607992293499	-6.4083405617918
1888	-0.0537736065972917	1.1105675765591	-0.290040137789008	0.777322380935315	0.88356429768895	-6.40878383235154
4906	0.0669675112560161	0.964730580313098	0.289860391302293	0.777456224733746	0.88356429768895	-6.40883898590463
2625	-0.082690401736812	1.26919875259798	-0.289030407005802	0.778074350169744	0.884038825482336	-6.40909322255025
737	0.0732802590493528	0.541499205188566	0.288699078592709	0.778321149818576	0.884038825482336	-6.40919451304352
4233	-0.0720639749810366	0.640331394390379	-0.28856376360632	0.778421950507389	0.884038825482336	-6.40923584733787
4228	-0.0589784721308057	0.650400504481457	-0.287614727387093	0.779129039437304	0.884390421692467	-6.40952521082726
2316	0.0677263969437986	2.04766740176939	0.287330214437261	0.779341059489998	0.884390421692467	-6.40961177672527
3115	-0.0520806555466585	1.47433533370736	-0.287137043124291	0.779485022153026	0.884390421692467	-6.40967050295405
1329	-0.0383288236406847	2.02355541097625	-0.286990157490583	0.779594495795254	0.884390421692467	-6.40971513180131
3920	0.0433217607306386	1.75659697425165	0.286921664307403	0.779645545373785	0.884390421692467	-6.40973593467317
2011	-0.0324103769841458	1.13149099426559	-0.286671291532012	0.77983216334565	0.884394750648443	-6.40981193674919
3531	-0.0692197092268781	2.04686853027406	-0.286050624511049	0.780294846661549	0.884398429874966	-6.4100000620901
4598	-0.0474917107650351	1.05721908275948	-0.28587488511562	0.780425869800859	0.884398429874966	-6.41005325611113
2719	0.0744438478179036	1.1040293618837	0.285754900459516	0.780515328896704	0.884398429874966	-6.41008955541287
1465	0.054380250055529	2.24948708334745	0.28568611295644	0.780566617520898	0.884398429874966	-6.41011035912741
4054	0.120855086358514	2.3159589046844	0.284706847329034	0.781296885892279	0.884826613837812	-6.41040598805156
2676	-0.0625160159007922	0.880395142555974	-0.284688844794275	0.781310313004368	0.884826613837812	-6.41041141345219
4515	0.188271966299358	2.49487508465276	0.283432713838674	0.782247376947623	0.88562762849461	-6.4107891378924
1366	0.0539563937528236	1.61904160483769	0.283249973968437	0.782383729678785	0.88562762849461	-6.41084395157724
4863	0.0410008624850589	1.33038557504997	0.281217493501401	0.78390079563272	0.887137321466924	-6.41145125652746
4114	-0.0643540257781616	1.20950098170337	-0.280857736094464	0.784169420786939	0.88716083250488	-6.41155830328857
2768	-0.0824706346262332	0.767661784134385	-0.280698515597174	0.784288317615414	0.88716083250488	-6.41160563667694
2194	0.0561894392572261	1.35183737741527	0.280108955971394	0.784728617468485	0.887451391143649	-6.41178067193398
864	-0.113251796751461	2.43396882180241	-0.279798706856643	0.784960352014042	0.887506002113563	-6.41187263667882
2792	-0.0654474236077486	1.35737155489008	-0.278832698159401	0.785682033174321	0.88811441039658	-6.41215834013742
1267	-0.0928670976003264	2.13163103191241	-0.278217917786775	0.786141430286677	0.888426124673427	-6.41233965856846
2197	-0.0693023045039413	1.36342734329753	-0.277609438901515	0.786596202583684	0.888732468028926	-6.41251873018892
3459	0.0685624881306081	1.35532935512737	0.277072562812869	0.786997528778231	0.888835094287406	-6.41267640872601
3886	0.0388014817230613	1.44834207597044	0.276905066730241	0.787122748900745	0.888835094287406	-6.41272554015332
1312	0.0832416306397463	2.2551848714427	0.276750654300146	0.787238193266129	0.888835094287406	-6.41277080783201
2342	0.0415566529329922	1.85709239454178	0.276290297949622	0.78758240424151	0.88891159402848	-6.41290561861069
4248	-0.0306994148533268	1.28145947660024	-0.276168582484413	0.787673419512214	0.88891159402848	-6.41294122480399
215	0.0395131176706829	1.30646222605584	0.275734558166837	0.787997997252365	0.888988477793478	-6.41306806680273
3769	-0.0308397456837095	1.12142947598708	-0.275586072468939	0.78810904945354	0.888988477793478	-6.41311141605837
3916	-0.0339002903956558	1.32039650448533	-0.273171238993318	0.789915790152459	0.890559810398028	-6.41381317716783
3242	-0.0533115870433382	0.707048247602496	-0.27302719641049	0.790023601578398	0.890559810398028	-6.41385484415413
4436	0.0430487597057946	0.517496496154903	0.27267983235395	0.790283611783465	0.890559810398028	-6.41395523652138
3855	0.0468570576920792	2.05679907746921	0.27258377439537	0.790355518156911	0.890559810398028	-6.41398297618073
413	-0.0841907981779123	2.1613106057125	-0.272217333926961	0.790629844287744	0.890559810398028	-6.41408870852666
241	-0.137466698466222	3.19418463180986	-0.272022963658435	0.790775366599787	0.890559810398028	-6.41414473499984
3673	-0.067534232663779	1.42275946940534	-0.272002611199167	0.790790604685806	0.890559810398028	-6.41415059923498
2716	0.0727738472116893	1.3292271478649	0.271410239797531	0.791234159074478	0.890622225258887	-6.41432109202593
3951	0.175111183017082	3.6610243929336	0.271392397629795	0.791247520090771	0.890622225258887	-6.41432622156613
4278	0.140956656432181	7.32271365388281	0.271191062153597	0.791398294003298	0.890622225258887	-6.41438408153291
33	-0.0937175946216967	3.39223909782231	-0.270916955968517	0.791603578018672	0.890646072198683	-6.41446278634873
3922	-0.0526583364599659	1.98907867055681	-0.270053765470361	0.792250148021956	0.890745301412258	-6.41471012372429
3919	0.0419173287811077	1.64679116852795	0.270028803649749	0.792268848029196	0.890745301412258	-6.4147172646689
3950	0.149154922553368	3.54781265608953	0.269872736076053	0.792385768275339	0.890745301412258	-6.41476189689066
2350	0.0731186443572664	3.26959543443435	0.269638305641204	0.792561405224313	0.890745301412258	-6.41482889151229
3124	0.0381972345515185	1.8076447276296	0.269414642003876	0.792728986851423	0.890745301412258	-6.41489275571755
1868	0.0732254697972309	2.20704554745832	0.268878351394968	0.793130851196547	0.890745301412258	-6.41504567352545
4010	0.147554779465482	3.64411207385062	0.268841184007799	0.793158704563395	0.890745301412258	-6.41505626029252
3959	-0.122820263165927	2.33154222788863	-0.268827649456466	0.793168847477452	0.890745301412258	-6.4150601151187
177	0.0320435716949149	1.41997772133491	0.268587529828266	0.793348801939938	0.890745301412258	-6.4151284726668
716	0.0317768945106045	1.4293953012453	0.266022075218699	0.79527223246676	0.892697693891922	-6.41585504847069
4362	0.0574491392013908	1.45809804601792	0.265430771881742	0.795715760464295	0.892988366765544	-6.41602153905651
634	0.0616285392080988	0.724686055983935	0.263900938845409	0.796863616413146	0.893695601331497	-6.416450590878
4188	-0.0731907294727215	1.051288984957	-0.263881370377766	0.796878302185801	0.893695601331497	-6.41645606313354
1105	-0.116361128377773	4.14490544123359	-0.263668349516395	0.797038175726342	0.893695601331497	-6.41651560778909
1498	-0.049354553103424	1.10454931477132	-0.263606157348421	0.797084853192519	0.893695601331497	-6.41653298310541
2809	0.0646032642793876	0.825812171980012	0.263298373967625	0.79731586795907	0.893747490543554	-6.4166189124246
3339	0.0764782994095579	2.13904712660374	0.2626732979664	0.797785097469246	0.893977354941094	-6.41679312102051
2810	-0.0558982371390704	1.09251568752507	-0.262532908752268	0.797890495790749	0.893977354941094	-6.41683219128025
2402	-0.0449373430815045	1.1713506329712	-0.261141151555788	0.798935596564099	0.894941054914821	-6.41721840153647
443	-0.0446692238334828	0.752405195565073	-0.260727950628344	0.799245957686614	0.895081468353666	-6.41733267400923
2706	0.0468302582956225	1.08735980068661	0.260125471988652	0.799698553092234	0.895381069164598	-6.4174989719433
2628	0.0957367864025384	1.970904401531	0.259711859956001	0.800009312313355	0.895453467624241	-6.41761291850351
3330	-0.042745147007932	1.81484660216134	-0.25954672951062	0.800133389942041	0.895453467624241	-6.41765836052445
928	-0.0336304155438708	0.920388267802721	-0.258445435176031	0.800961040853583	0.895990172397067	-6.41796069448484
4543	0.0548649359042093	0.57638471386115	0.258415741465024	0.800983359987043	0.895990172397067	-6.41796882860934
2111	-0.0989603499851635	0.802292578822446	-0.255475628603347	0.80319419976499	0.898255556741337	-6.41876965661328
2441	-0.0509872716515682	1.20347108241586	-0.254829900903586	0.803680001981095	0.898591136950436	-6.41894432793227
1453	0.0607667505092307	1.27136984972348	0.253592856271394	0.804610913881388	0.899424122310109	-6.41927773288151
3918	-0.0420243315272322	1.49441966264374	-0.253197482044516	0.804908511444404	0.899548943951958	-6.41938395513047
4433	-0.0665093046996409	3.09543685674226	-0.251657311720877	0.806068103567334	0.900636832577081	-6.41979618004051
2018	-0.0657697633835379	1.47117900017494	-0.251217066626315	0.806399653410834	0.900696289163242	-6.41991355451255
3518	0.0630548251146404	1.34648855380131	0.250950805188549	0.806600195010744	0.900696289163242	-6.41998444437675
226	0.0276678474939742	0.920949813191169	0.250608832708963	0.806857781679864	0.900696289163242	-6.42007538270929
4616	-0.0462952956034213	0.592207148201715	-0.250597920044792	0.806866001908535	0.900696289163242	-6.42007828261988
4722	0.0612633015417081	0.992100946257075	0.250207965581093	0.807159760585826	0.900751536648326	-6.42018182648385
3079	-0.0936787433666458	1.05915903774166	-0.250037932035788	0.807287859220161	0.900751536648326	-6.42022692528332
1835	0.0513580835567491	1.18616547460695	0.249011693672718	0.808061124764886	0.901406438001503	-6.42049847611933
2337	-0.0530537250947804	2.27309628407397	-0.248065296581559	0.808774420738879	0.90157683192758	-6.4207479220981
2480	-0.0530456426771798	2.31941259685017	-0.248022051939671	0.808807018419569	0.90157683192758	-6.42075929784872
2427	-0.0346696984044029	1.21238295712328	-0.247904440652152	0.808895675375906	0.90157683192758	-6.42079022625677
3544	0.0472718340642501	0.552276673889276	0.247484651885396	0.809212140651001	0.90157683192758	-6.4209005004792
2068	0.0459331022600816	0.631515103218211	0.246947360605151	0.809617239444079	0.90157683192758	-6.42104137190301
1905	0.0420890327145475	0.743076728475076	0.246853545920196	0.809687978424302	0.90157683192758	-6.42106593797266
930	-0.0479338155278384	1.78007580398261	-0.246846185777347	0.809693528259798	0.90157683192758	-6.42106786489023
1591	-0.0905231434650652	1.90930601879211	-0.246831371020303	0.809704699199119	0.90157683192758	-6.4210717432862
4507	-0.0579057467826568	1.98869378280189	-0.246352128435719	0.810066091862945	0.901746338044808	-6.42119708141301
3726	0.0771580213275702	0.988058836606761	0.246135176268859	0.810229708863328	0.901746338044808	-6.4212537425622
1022	-0.0519955106609722	2.52263838316449	-0.245148676713466	0.810973808662798	0.902366901175394	-6.42151076316902
53	0.0864675856162853	1.93838546724147	0.244418539922443	0.811524664448312	0.902546019705293	-6.42170033443476
687	0.0466354096731691	2.62290122865772	0.244044040938991	0.811807248794985	0.902546019705293	-6.42179735170499
2466	-0.036772368959668	0.801619461325687	-0.243824773924225	0.811972713352239	0.902546019705293	-6.42185408649564
1984	-0.0612899510918872	2.195818479268	-0.24370860299594	0.812060382836296	0.902546019705293	-6.42188412499867
4316	-0.0588727735539457	0.926351863647647	-0.243496960034631	0.812220108124741	0.902546019705293	-6.42193881347705
2458	-0.0525678525250901	1.35945482635695	-0.243451911539987	0.812254107027046	0.902546019705293	-6.4219504479309
3975	0.108831162756981	1.59988337271644	0.242698259907389	0.81282296143015	0.902970720413103	-6.42214477417694
3322	-0.0694049091735565	2.37831586185911	-0.239607937787224	0.815156708701851	0.905355407874095	-6.42293537145656
2526	0.0491965027651437	2.23451351153391	0.238935582845582	0.815664707023297	0.905711694417882	-6.42310605285507
2159	-0.0682690024242444	2.22737749130891	-0.237457311998851	0.81678192755392	0.906542657429759	-6.42347965265149
4194	0.0505916337092081	0.79933773181757	0.237032236504962	0.817103262426455	0.906542657429759	-6.42358665634648
2129	0.0397958808165667	1.28396946613514	0.237027852468798	0.8171065767124	0.906542657429759	-6.42358775894597
2498	0.083122059281563	1.66846581368293	0.236899847532114	0.817203348770227	0.906542657429759	-6.42361994371326
4483	-0.0568548799511345	0.9193558956382	-0.236705935535032	0.817349952812858	0.906542657429759	-6.42366866697873
155	-0.0900850142941392	2.16498802000857	-0.234158166840733	0.819276830040139	0.908471534204491	-6.42430516487078
2929	-0.127248703966317	2.9696142957966	-0.233551595126947	0.81973576499562	0.908688990777369	-6.42445569749163
1687	-0.0482004790678938	0.577342540243533	-0.233402498484063	0.81984858303911	0.908688990777369	-6.42449263957514
2463	0.0511021609666436	0.873477467846454	0.231913240603257	0.820975704620133	0.909729834849337	-6.42486035575434
798	0.053363029564258	2.42971475155582	0.231417854122963	0.821350724153124	0.909936982700439	-6.42498215644365
408	-0.0599028145132725	1.36523186679182	-0.230868288993677	0.821766812956378	0.910189524057454	-6.42511697640075
3921	-0.0355963328079221	1.85111740983676	-0.229238924842505	0.823000780330829	0.911347625369776	-6.42551482888981
1010	-0.0525359561405656	2.44137253120658	-0.228095844665179	0.823866769522693	0.912031655616285	-6.42579227720195
2679	0.0655488615469367	1.79580517727572	0.227925914393081	0.823995528461922	0.912031655616285	-6.42583340542019
2917	0.0532545652607598	2.64340164816222	0.227206838421256	0.824540444075106	0.91242604493032	-6.42600710741587
4152	0.06071683066625	1.12816160106108	0.226933253859892	0.824747791852734	0.9124467909864	-6.42607305254181
2496	-0.0634380520394206	1.37101907776687	-0.226143681916308	0.825346281263813	0.912900162038027	-6.42626293064953
3694	0.0906332723838921	2.19166399279084	0.225606632089607	0.825753427344018	0.913141732912082	-6.42639170716907
1955	0.0343532469410186	1.41442789071414	0.225179989143123	0.826076910468616	0.913145852584017	-6.42649379364598
2196	-0.0625778028341123	1.23991646175613	-0.225103851867874	0.826134641744573	0.913145852584017	-6.42651199153464
968	-0.0626109413503069	2.36863344263936	-0.224754466749399	0.826399577670744	0.913200739306606	-6.42659542137771
4473	-0.0369473701861681	0.993417522808337	-0.224372478536553	0.826689262168226	0.913200739306606	-6.42668648965794
4774	-0.120248860829048	1.58846891472429	-0.224291645747113	0.826750565970015	0.913200739306606	-6.42670574101139
3684	0.0896168836888565	3.51475788320198	0.222512513687129	0.828100169999652	0.914482680314612	-6.42712772398653
1604	0.0478718178506968	2.48230887941744	0.222063219755039	0.828441085026242	0.914650380957773	-6.4272337631766
3515	0.0533834465673385	2.02858135317085	0.221630204497117	0.828769683161946	0.914804409568217	-6.42733575946934
3393	0.0932281033330177	1.58661763071991	0.220733517209143	0.82945025270397	0.915346788910084	-6.42754634614131
1483	0.126953866900989	1.8547210188195	0.220288700364158	0.829787915142412	0.915510589158264	-6.42765049734974
3912	0.041882746879047	1.2771716719016	0.219650759059481	0.83027224205965	0.915836093726536	-6.42779950415891
2730	0.0702275670734333	1.11400089830119	0.218832615584807	0.830893487089648	0.916312443706341	-6.4279899749105
2216	-0.0561454802021468	0.656548633629661	-0.217953126681349	0.831561448879809	0.916840084248066	-6.42819394189166
1263	-0.089717324284555	2.65342573727986	-0.217462277905225	0.831934303565485	0.916871943335098	-6.42830742335106
613	0.0458207989495524	2.43975919263326	0.217416112017158	0.831969373964671	0.916871943335098	-6.42831808359799
1973	-0.0582380623777327	1.14078130852787	-0.215980527272066	0.833060121751298	0.917864921209925	-6.42864845762356
701	0.0271203150995849	1.25316866113846	0.215666111360339	0.833299062114624	0.917919139915882	-6.42872052522524
3997	0.076511913517213	2.77007162564028	0.215168555838352	0.833677215452221	0.918126648840847	-6.42883435781591
4214	-0.0588461041964802	0.803329616740732	-0.214743692648138	0.834000155880569	0.918164299359362	-6.42893135331021
4047	-0.0617779985839337	1.92124118703274	-0.214624229091207	0.834090966449854	0.918164299359362	-6.42895859239487
3333	0.104271827625899	1.97317996243199	0.214048119419145	0.834528933451731	0.918285255474604	-6.42908974118137
1231	-0.0592954346134292	1.42346828713516	-0.213829101113625	0.834695449806686	0.918285255474604	-6.42913950804412
3566	0.0484787418917297	1.9390997825851	0.213730697492673	0.834770267378526	0.918285255474604	-6.42916185155596
4508	0.0501435299718688	0.755141015461876	0.213342725034892	0.835065264644251	0.918400943475536	-6.42924984518483
1090	0.046531562493658	2.42016398029431	0.212106625720156	0.836005317486822	0.919225846818465	-6.4295291402857
2106	-0.106224116379655	2.08068002151775	-0.211656620868397	0.836347612642634	0.919393262886858	-6.42963041881531
4004	0.0786959726803937	3.1098883837293	0.210934560533606	0.836896920324616	0.919788119157313	-6.42979248077094
1948	-0.0556102010243267	1.4245352035959	-0.210465335569562	0.837253932254977	0.919971502214303	-6.429897501031
4165	-0.0667979188506176	1.26483301934796	-0.208934735662595	0.838418762541332	0.920528655989628	-6.43023846234149
1362	0.0498823947320654	2.06445611184761	0.208655090307095	0.838631624566245	0.920528655989628	-6.43030049039157
3036	-0.0742819614717993	1.80193735711051	-0.208500414992068	0.838749367003189	0.920528655989628	-6.43033476348833
4192	-0.0247121271862037	1.40462805231536	-0.20847092008731	0.838771819678229	0.920528655989628	-6.43034129613464
3280	-0.0729080098683028	1.76762174663812	-0.208420331234747	0.838810330241361	0.920528655989628	-6.43035249861646
2568	0.03898707051602	2.04470186208187	0.208299106970696	0.838902613530027	0.920528655989628	-6.43037933175258
2652	0.0335372674532584	1.85390552986692	0.207921861698071	0.839189811823359	0.920543701077757	-6.4304627363849
2090	-0.0644367800938508	0.837958398694621	-0.207590318144981	0.839442237475326	0.920543701077757	-6.43053591309033
1999	-0.0491424732261042	2.068096045511	-0.207531337389914	0.839487145340029	0.920543701077757	-6.43054891890556
4808	-0.0494205112304975	0.715113207626643	-0.207077311051837	0.839832860388559	0.92071411252206	-6.43064891330248
3598	-0.0658134340167225	1.63598974095102	-0.206619671211953	0.840181362733039	0.920863881425871	-6.43074948371884
3911	0.0394144862671183	1.34742573522006	0.206289963647883	0.840432464210238	0.920863881425871	-6.43082180310463
4083	0.0369765386708302	2.230332166885	0.206148125781247	0.84054049201667	0.920863881425871	-6.43085287915264
4144	0.0252989307725643	1.10219524389698	0.204680082032052	0.84165879808466	0.92175715069373	-6.43117327565326
4729	0.0325896940174135	1.46605932204585	0.204577580860191	0.841736893709157	0.92175715069373	-6.43119556141602
2872	0.0554079317436599	1.3973213694684	0.204230988593937	0.842000975501259	0.921837682614866	-6.43127083533196
910	0.0664957650104315	2.51449407259434	0.203728765639741	0.842383674333027	0.921883635466869	-6.43137968489736
2544	0.0229193206683761	0.942007444588552	0.203499341945328	0.842558511642528	0.921883635466869	-6.43142932069495
2213	0.0504612867232481	0.763832849673475	0.203266150723952	0.842736229188462	0.921883635466869	-6.43147971473591
2986	0.0955423369359861	1.84549142827963	0.203175718776874	0.842805150820579	0.921883635466869	-6.43149924220363
4650	-0.0274563416261169	1.09654445726567	-0.202739188245027	0.843137866757457	0.922039104740637	-6.43159338338795
1703	-0.0449768958655733	0.805463198477809	-0.201151574257842	0.844348188325758	0.922879291247407	-6.43193407057323
3493	-0.0489096093892957	1.14705941094734	-0.201107545484325	0.844381759788751	0.922879291247407	-6.43194348086477
2489	0.0759949573882097	1.24606999815205	0.200980771410542	0.844478425455203	0.922879291247407	-6.43197056493387
2439	0.0801963055810007	1.67131730053485	0.200206470945768	0.845068890390787	0.923120908415117	-6.43213561896178
1611	0.0432156564010409	1.26799032431582	0.20019042300524	0.845081129262206	0.923120908415117	-6.43213903313899
3729	0.0387936922702653	0.95033933891278	0.199590481158096	0.845538702232559	0.923227150148765	-6.43226647507151
2686	-0.0440653793221542	1.77322918797912	-0.199200135428484	0.845836449241048	0.923227150148765	-6.43234918996068
723	-0.0394186250837151	2.39791395788221	-0.199077411282063	0.845930065693622	0.923227150148765	-6.43237516220046
2770	0.0599203303065497	0.901493617329852	0.198781645267758	0.846155692205919	0.923227150148765	-6.43243769019836
3467	0.0498001868409639	2.74367429019839	0.198475049451607	0.846389595537865	0.923227150148765	-6.43250241033251
1163	-0.074290943449368	4.1461233326107	-0.198426969717353	0.846426277191138	0.923227150148765	-6.43251255061938
4583	0.0323632762674101	0.861282441451932	0.197936191916216	0.846800729943784	0.923227150148765	-6.43261591894656
60	-0.0863872348141614	2.85554316815104	-0.197906671031975	0.846823254998721	0.923227150148765	-6.4326221285768
4227	-0.0456267995232163	0.756799239096165	-0.197811538871124	0.846895843811538	0.923227150148765	-6.43264213308956
3552	0.0330980758529695	0.467453585176948	0.197128475030834	0.847417086536063	0.923587263947167	-6.43278548826384
4663	0.0322409708807423	0.925580598984748	0.196478350144139	0.847913264731262	0.923919904227443	-6.43292147333334
3856	-0.0314006290105741	1.89738675749081	-0.195640014949779	0.848553187767424	0.923984536441974	-6.43309616765694
2820	-0.0303806200112059	1.69955989966756	-0.195569744993076	0.848606831851984	0.923984536441974	-6.4331107769987
577	-0.039415182480385	2.53119063629016	-0.195551854674584	0.848620489449304	0.923984536441974	-6.43311449561927
688	0.0411909338762185	2.67148248644344	0.195023384913298	0.849023950512067	0.923984536441974	-6.43322418921197
2028	-0.0468088338078356	1.36787329314882	-0.194942611559519	0.849085621049314	0.923984536441974	-6.4332409292403
377	-0.0408057304794056	1.01522118000042	-0.194478699505816	0.849439838845999	0.923984536441974	-6.43333694026263
4147	-0.0343576881269998	2.53975337931553	-0.194404916385964	0.849496178800403	0.923984536441974	-6.43335218945053
4618	-0.0443928085698179	0.873396772587024	-0.194311052860002	0.849567853197877	0.923984536441974	-6.43337158047034
778	0.0595936011099939	0.774461926857212	0.194149205838713	0.849691443288619	0.923984536441974	-6.4334049941854
3469	-0.0463149201124388	2.28932146420253	-0.193438632926112	0.850234103055197	0.924296581579442	-6.43355136660372
3480	-0.0570605327331646	1.49864473859919	-0.192941371249054	0.850613906818343	0.924296581579442	-6.43365348165642
1095	0.0346652758505881	1.668935030236	0.192932311238589	0.850620827137191	0.924296581579442	-6.43365533975195
1795	0.0597417653798601	2.89013451885742	0.192641260225787	0.850843147996682	0.924296581579442	-6.4337149846016
4630	0.0391088090492062	0.674889536335469	0.192522791347643	0.850933644967928	0.924296581579442	-6.43373923673026
808	-0.0437620576700412	2.93710596516689	-0.192024419025412	0.851314370290313	0.924418821437952	-6.43384109782318
1862	0.0507976625967557	2.01259368603843	0.191875252908909	0.851428331609655	0.924418821437952	-6.43387153454157
3548	-0.031410210599805	1.94989713302938	-0.191350463528852	0.851829293318312	0.924571609435041	-6.43397842893597
513	-0.0542983334196826	2.80449356747415	-0.191190831134125	0.85195126805734	0.924571609435041	-6.43401088680668
3939	0.0784262306833952	3.54538737173263	0.189205522948693	0.853468575297556	0.925746408599795	-6.43441230942997
3934	0.0592635109733566	2.781495010901	0.188909294789575	0.853695026370212	0.925746408599795	-6.4344718489801
2357	0.0370788595295459	1.29357420693509	0.188840483029181	0.853747631371448	0.925746408599795	-6.43448566634587
2688	-0.0316388017065778	1.11816546126438	-0.188773042592785	0.853799188749955	0.925746408599795	-6.43449920349916
4844	0.0359082560485632	0.879001370799564	0.187871747189222	0.854488286483496	0.926285980283924	-6.43467965732992
1436	-0.0457181627743002	1.00779643455678	-0.187519106517306	0.85475793737829	0.926370721558281	-6.43475002818659
1685	0.0533683791109504	1.01133116228786	0.187097638962648	0.85508024305851	0.926512478368885	-6.43483396144669
2959	-0.104347182345196	2.14652370451984	-0.186338145295364	0.855661114768428	0.926934275246228	-6.43498473736577
486	0.0409010470940463	1.50291176175497	0.184801224053605	0.856836848038547	0.928000150170246	-6.43528798555084
2361	-0.0895715110897543	2.67713457777892	-0.184012248258684	0.857440550204072	0.92829561444622	-6.43544268823801
4659	0.0329374489517069	0.855452745966927	0.183943176456555	0.857493406564728	0.92829561444622	-6.4354562005588
659	0.0229975972216955	1.7609619781365	0.183313232192242	0.85797549753412	0.928609721939614	-6.43557920216241
1652	-0.0325182146963322	0.778994078092471	-0.180356208622269	0.860239290106156	0.930851640691922	-6.43615098077747
3389	-0.0195159298318448	1.13472244514734	-0.178956276297978	0.861311489139309	0.931803440173519	-6.43641845278431
2477	-0.0556277320007506	1.88301746293109	-0.178412171967799	0.861728294246561	0.932045939540546	-6.43652185070713
4551	-0.0341006181914754	1.12344275906854	-0.177983698994331	0.862056552282195	0.932078700625509	-6.43660305457384
3468	-0.0460349579966266	2.46527721736761	-0.17786052473376	0.862150922542213	0.932078700625509	-6.43662636255002
2219	0.0295266139350475	0.557842095413574	0.177618238566897	0.862336557255018	0.932078700625509	-6.43667216299015
992	-0.0528362640578915	2.40100269219358	-0.176994565107464	0.862814443156805	0.932386927851826	-6.43678977330395
3514	-0.0597001591809791	1.85660751453849	-0.176650645349653	0.863077994142014	0.932463451464731	-6.43685445266743
3970	0.0236216829456292	1.71896625238923	0.176083558102948	0.86351259990307	0.932568779970513	-6.436960828983
3680	0.0258009601748318	1.52967639231255	0.175608462667421	0.863876741176634	0.932568779970513	-6.43704968737781
2019	0.0440593512358109	1.31412405626942	0.175240831309722	0.86415853835387	0.932568779970513	-6.43711828268029
2508	-0.0203843268529036	1.42413619023632	-0.175096208990021	0.864269399834322	0.932568779970513	-6.43714522818483
4649	0.0413117238623865	1.12239949076917	0.175016576420854	0.864330444170467	0.932568779970513	-6.43716005559373
551	-0.0618000092007478	1.14103363562002	-0.175014494707029	0.86433203997267	0.932568779970513	-6.43716044311432
2324	-0.0270562602049123	2.0618289258492	-0.174713514512238	0.864562772329636	0.932609741924365	-6.43721642373221
1165	0.0583058722190767	3.73212745473322	0.17395690800899	0.865142847611715	0.932888747594062	-6.43735672518644
649	-0.0466710116607809	1.63930184097488	-0.173873146284981	0.865207071197717	0.932888747594062	-6.43737222033598
1614	-0.0264318684358172	1.50082452917135	-0.172006282017209	0.866638737201438	0.93405789769456	-6.4377156473936
2420	0.0308743495344985	1.16676105945534	0.171955702699728	0.866677532606631	0.93405789769456	-6.43772490064101
3691	0.0467525214091618	1.60111585380132	0.17150951624227	0.86701978297281	0.934218643657562	-6.43780641112021
404	-0.0346784594356626	1.46382746494223	-0.168235340430204	0.86953213093249	0.936357619612213	-6.43839810270406
3169	0.0605603427178762	1.50950448406035	0.168167666805249	0.869584074430884	0.936357619612213	-6.43841021268116
2349	0.0339213410475674	2.71174816674931	0.168091462951404	0.869642566154663	0.936357619612213	-6.43842384331446
2547	-0.0507725017724143	1.04865797141528	-0.167913627424607	0.869779070388029	0.936357619612213	-6.43845562896944
721	0.0183855414732716	1.35153239896722	0.167355540957262	0.870207479130973	0.936610408016829	-6.43855516194869
1211	-0.0729876079629839	3.54719576757847	-0.166075767661656	0.871190047111043	0.93699695312405	-6.43878216099235
4106	0.0512847906521017	0.655690579505068	0.165547362094322	0.871595806115264	0.93699695312405	-6.43887538102952
2565	-0.0318734452819505	0.807210155730945	-0.165295125820226	0.871789510273852	0.93699695312405	-6.43891977574238
1640	-0.0356068568625065	1.967544784729	-0.165221174138668	0.871846302936241	0.93699695312405	-6.43893277880343
1788	-0.0451699787789743	1.95166316929307	-0.165149129628278	0.871901631676404	0.93699695312405	-6.43894544095656
2659	0.038154782691616	1.70090263572241	0.164976478914374	0.872034226885851	0.93699695312405	-6.43897576275323
435	-0.037095637611438	1.67930676174774	-0.164875187196167	0.872112020526684	0.93699695312405	-6.43899353743485
603	-0.0431266727837752	0.698128852398097	-0.164869986391479	0.87211601486515	0.93699695312405	-6.4389944497795
4045	0.0683783952440488	3.01315918111216	0.163630666250891	0.873067947677591	0.937614076389196	-6.439211039654
2179	0.0430695606983031	1.31638755484972	0.163617567121642	0.873078010362408	0.937614076389196	-6.4392133202411
3372	-0.0189608805428919	1.00284802404451	-0.160772648035236	0.875264016992911	0.939753065737173	-6.43970432284412
1379	0.0350250663406921	1.8008643044083	0.159486961371633	0.876252284424802	0.940605403161126	-6.43992340705651
1206	0.0583112493927462	2.33485751636715	0.158690127204922	0.876864897185803	0.940967653780361	-6.44005831092575
2545	0.0318071719412846	2.18072764671768	0.158542060534696	0.876978741400506	0.940967653780361	-6.44008330449818
1142	0.225421373197872	9.5636797230321	0.158201585540511	0.877240533909569	0.941039845466629	-6.44014068840591
517	-0.0319770156056337	0.817442165554939	-0.157587773703357	0.87771253498982	0.941090129979674	-6.44024383051021
4148	-0.0508561612325687	2.531920652624	-0.157301456102413	0.877932720837845	0.941090129979674	-6.44029180550898
1140	0.139237608658355	7.8802371501234	0.157144802241387	0.878053196402001	0.941090129979674	-6.44031801747172
525	-0.0510463538204542	3.22369639150951	-0.157128815523394	0.878065491262557	0.941090129979674	-6.44032069097284
4339	-0.0606441904498309	3.63081421589995	-0.1567691218022	0.878342128808131	0.941178121633164	-6.44038077193702
4300	0.0594671030411372	3.34039335512127	0.155047554299393	0.879666407487786	0.942388414399005	-6.44066643390812
2279	-0.0384281238649636	1.16952135264831	-0.154057012317752	0.880428535604797	0.942901403464287	-6.44082937281817
1597	-0.0582315152159432	2.06567913688338	-0.15362374983262	0.880761929933192	0.942901403464287	-6.44090031540707
665	-0.0250899942118077	1.48057466162818	-0.153495024469661	0.880860988425058	0.942901403464287	-6.44092135462904
3292	0.0209190514272597	1.33318669650464	0.153412060223567	0.880924833331661	0.942901403464287	-6.44093490522564
2410	-0.0184191851386968	1.11541116478587	-0.153066732710296	0.881190588685656	0.94297723248423	-6.44099122940351
3491	0.0336186145305817	2.12216602799863	0.152801345402005	0.881394834488245	0.942987220091581	-6.44103442917305
4059	0.0502308395117778	0.692970018006945	0.149910686311106	0.88362010833784	0.945149651297784	-6.44150013695711
710	0.0239620138082076	0.772492198337217	0.149453279418227	0.883972324144467	0.945149651297784	-6.44157301725404
1708	-0.0579546220484266	1.44823613145874	-0.149414609106104	0.884002102547018	0.945149651297784	-6.44157916856829
3065	-0.0408445587668656	1.81626889557328	-0.148689571901219	0.88456045831372	0.945537670641135	-6.44169420729328
3327	0.0254483086087041	1.78820335811453	0.147872259079791	0.885189954855949	0.946001546629795	-6.4418232188949
3992	0.0219385709787302	2.37967275939094	0.147165565496075	0.885734319102485	0.946374257026904	-6.4419341985546
1273	0.0436837118493949	1.93868157982625	0.146562749525074	0.88619871552672	0.946661379050181	-6.4420284467616
405	-0.0195245056132325	1.19137564856847	-0.145858861694438	0.886741032180612	0.946876764400522	-6.44213800962899
1866	-0.017190131858177	1.07902954772876	-0.145793001989208	0.886791777490443	0.946876764400522	-6.44214823407225
2494	0.0329576055210314	1.30000238973063	0.145124106040467	0.887307196033635	0.9470616581936	-6.44225181681065
4363	0.0328308970724867	1.26324443232385	0.145060191599492	0.887356448241337	0.9470616581936	-6.44226168953203
3160	-0.0920645339531076	2.25646401233549	-0.14413493289474	0.888069504540087	0.947609848615855	-6.4424041269373
1364	-0.0368610033641771	2.01346200833002	-0.143885414108833	0.888261815517342	0.947609848615855	-6.44244238327208
1306	0.0678143456868853	2.01392409396714	0.143252220874819	0.888749868713563	0.947921486956838	-6.44253916838992
2868	-0.0284906559927134	0.924964210395368	-0.142284635580963	0.889495758142136	0.948382273907257	-6.44268624483526
1872	0.026391511891409	0.655535337856204	0.141848224065591	0.889832214540422	0.948382273907257	-6.44275225603884
1413	-0.0328020900306604	0.785718313138613	-0.141792805243854	0.88987494193635	0.948382273907257	-6.44276062418436
724	0.030703326930968	2.40736845024046	0.141329010423132	0.890232537778901	0.948382273907257	-6.44283052868849
915	-0.0496894848653456	3.23078341748038	-0.141251415816276	0.890292367399915	0.948382273907257	-6.44284220169476
3619	0.0203457478618346	1.73069389376266	0.141166220087044	0.890358058719876	0.948382273907257	-6.44285501082664
3474	-0.0452670527236111	1.64750326633376	-0.140881014799463	0.890577976388022	0.948398105042351	-6.44289783526185
1846	-0.016673659910015	1.1343193495019	-0.140195013328521	0.891106981647467	0.948398105042351	-6.44300048710292
4328	0.031523976169952	1.78926285841835	0.140068781206236	0.891204330726626	0.948398105042351	-6.44301932183727
1993	0.0278841693868394	0.867637550978659	0.139894032354446	0.891339098571784	0.948398105042351	-6.44304536771784
1923	-0.0391927096600706	1.16019741249762	-0.139875908048831	0.891353076400903	0.948398105042351	-6.4430480672463
4014	0.0438889393328712	1.27258959202045	0.13910395648605	0.891948456815254	0.948633657733456	-6.44316272223664
104	-0.0898993218675849	3.43424474840061	-0.139080407701377	0.89196662030374	0.948633657733456	-6.4431662099105
4146	0.0206647602541176	2.09186519092007	0.138709987383591	0.892252338920601	0.948728970483048	-6.44322099330585
475	0.044121726793167	2.64588501653092	0.138085102520032	0.892734371556407	0.948883159021067	-6.44331308087826
370	0.0353780937646588	1.52624151019926	0.137985876226064	0.892810918338035	0.948883159021067	-6.44332766547133
1974	0.0375374357048917	0.925511298550616	0.137106052487115	0.893489696399901	0.948883159021067	-6.44345652777722
277	0.0231803071278739	0.62533397939648	0.136918709818989	0.893634241561023	0.948883159021067	-6.44348386063023
2525	-0.0366848415461547	2.09584091264147	-0.136825268375332	0.893706338281413	0.948883159021067	-6.4434974795971
1956	-0.0198308760162189	1.45929146761372	-0.136820444761131	0.893710060070193	0.948883159021067	-6.44349818238103
4492	-0.0514912519377696	2.14906933990538	-0.136742413168296	0.893770267808806	0.948883159021067	-6.44350954788455
363	0.0242153016636706	1.25530329935713	0.13616043893967	0.894219330485217	0.949151628101685	-6.44359411015575
1558	0.048894904525709	1.5633188990266	0.135300302058343	0.89488309997148	0.949376069177815	-6.44371843202831
2527	-0.0240261140693148	2.29845463920644	-0.135199660584996	0.894960770733702	0.949376069177815	-6.44373292717258
2341	0.0221708490238815	1.94238159289197	0.134986409583844	0.895125352498692	0.949376069177815	-6.4437636056738
1208	-0.0495997633882044	2.0834050000854	-0.134778266811472	0.895285996847958	0.949376069177815	-6.44379350276113
4860	0.0436290317718488	1.37755680706328	0.134615079789666	0.895411947841747	0.949376069177815	-6.44381691036831
1429	0.0161226645627582	0.457368027478909	0.13381257022223	0.896031384586258	0.949618964522084	-6.44393161141555
1958	0.0296432130341578	1.32128933338517	0.133716106155532	0.896105847645322	0.949618964522084	-6.44394535281052
3423	0.0216025528693609	2.0272763891364	0.13355542124215	0.896229886731673	0.949618964522084	-6.44396822059755
2675	0.0309993258688194	1.02374066139057	0.132546854942236	0.897008505456769	0.950045995952353	-6.44411112836545
2412	0.0429917412465137	2.25579454038363	0.132429967357508	0.897098750677914	0.950045995952353	-6.44412762081907
4360	-0.0346582427610805	1.62653104064593	-0.132099549818864	0.89735386389164	0.950045995952353	-6.4441741632094
4111	0.0322048388390706	2.75427752237662	0.131831246136349	0.897561028348328	0.950045995952353	-6.44421187103015
3082	0.033073378708143	0.749766587023193	0.131761648333761	0.897614767982266	0.950045995952353	-6.44422163993339
63	0.0766630714607695	3.17683051848208	0.130318427042121	0.898729265712864	0.951017538827392	-6.4444230548981
2156	0.0391185931803559	0.574404199214571	0.129823699138501	0.899111361875559	0.951031378414164	-6.44449158989583
2429	0.0143598095539128	0.855318723638287	0.129724045552962	0.899188331170652	0.951031378414164	-6.44450536353509
2127	-0.027419453084767	1.92154519850464	-0.12953794754332	0.899332070327573	0.951031378414164	-6.44453105687931
3023	-0.0325985811705791	1.65295061651779	-0.127264168628566	0.901088605017262	0.952680653643687	-6.4448420136305
1212	0.0680645445893425	4.17666274945871	0.126385512734405	0.901767531537993	0.952999740765605	-6.44496070606308
1497	0.0401402374628893	1.13689511448835	0.126230961640225	0.901886959781821	0.952999740765605	-6.44498149867591
3167	-0.0440760929868317	0.711160955656445	-0.126108803230608	0.901981358612175	0.952999740765605	-6.44499791537453
2939	-0.049907891597139	0.957492875643345	-0.125735477074096	0.902269859042714	0.953096414421103	-6.44504798794206
4022	-0.0284067791316652	0.614452449075908	-0.125063260588185	0.902789374347631	0.953128271646872	-6.44513777614921
495	0.0317767093323012	0.621531117132028	0.124753606020361	0.903028703618259	0.953128271646872	-6.44517897538319
3977	-0.0523958633033761	2.17931120279655	-0.124650618775641	0.903108303784848	0.953128271646872	-6.44519265516831
4121	-0.0251718780658726	1.17742490209595	-0.12463348801108	0.903121544481444	0.953128271646872	-6.44519492955334
209	-0.0184039322413367	1.01743867231583	-0.124421934128156	0.903285061079146	0.953128271646872	-6.44522299105023
2050	0.0256007828351543	0.894495676403395	0.123331942326697	0.904127624061897	0.953694230558389	-6.4453668193058
546	-0.0236233793763426	2.42875302524297	-0.123064172988296	0.90433462855736	0.953694230558389	-6.44540195934102
4180	-0.0311063683675506	1.0837599076279	-0.12295744110989	0.904417141868586	0.953694230558389	-6.44541594480307
2551	-0.0174616737736937	1.08383195788623	-0.122509591629297	0.904763382546481	0.953694230558389	-6.44547449622875
4657	0.0335453478013076	0.896021848899559	0.121999452761258	0.90515780556181	0.953694230558389	-6.44554093176344
2747	0.0142029173953514	1.09406838966195	0.121877727842976	0.905251923330394	0.953694230558389	-6.44555674318622
3641	0.0171892931175545	1.92073348313981	0.121701640733752	0.90538807667004	0.953694230558389	-6.44557958811786
961	0.0565963386430197	3.22117568880472	0.121688251846082	0.905398429300265	0.953694230558389	-6.44558132379839
3587	0.0436847540744648	1.96047186732223	0.120446466415226	0.906358689339681	0.953818150065115	-6.445741475915
3072	0.060034221780959	2.82217021286158	0.120338357268759	0.906442296486752	0.953818150065115	-6.44575534115467
4806	-0.0182077979590311	0.938143581469339	-0.120216473718889	0.906536557612493	0.953818150065115	-6.44577095810242
1938	0.0333821373379333	1.12105713850954	0.119936023236339	0.906753455429907	0.953818150065115	-6.44580683230715
2524	-0.0226067773814944	1.59914287588212	-0.11993309775125	0.906755718015116	0.953818150065115	-6.4458072060842
4904	0.0232751368955926	0.880300909260117	0.119830611949963	0.906834981607644	0.953818150065115	-6.44582029452973
3860	0.0152395770524036	1.34927818167968	0.119751546008721	0.906896132761374	0.953818150065115	-6.44583038440364
402	-0.0274347112776552	1.56339968537798	-0.119135301465669	0.90737277004306	0.954052649745789	-6.44590879785915
3766	-0.0173878088689441	1.96683932247627	-0.118953366144423	0.907513496099653	0.954052649745789	-6.44593187090687
709	-0.0274716113858305	0.736195214119726	-0.118264111952542	0.908046660874581	0.954405766958771	-6.44601896317617
2049	0.0446929138563803	1.03909914956562	0.117671142405285	0.908505383739285	0.954680505328119	-6.44609348526636
812	0.0418983363803551	3.26250193269372	0.116853913781875	0.909137651282212	0.954947644440215	-6.44619557909508
4848	-0.0284385159922596	1.35163931476059	-0.116832303195602	0.909154371701453	0.954947644440215	-6.44619826920731
1269	-0.0471001295118771	2.38581019261587	-0.116370076412047	0.909512014189302	0.955115937627055	-6.44625568894136
2715	0.0353427301844069	1.09701619807576	0.115678131238514	0.910047437791273	0.955470812507417	-6.44634122092802
1358	0.0445764411911806	0.850734016623199	0.115352100145523	0.910299735205173	0.955475989599719	-6.44638134558951
4917	-0.043648536768565	1.43916355504403	-0.114681677421341	0.910818570765032	0.955475989599719	-6.44646349957679
4454	0.019007013514113	0.750703795257596	0.114406201435127	0.911031772387934	0.955475989599719	-6.44649711810319
3683	0.043947322734511	3.85360029135284	0.114370054063071	0.911059748795662	0.955475989599719	-6.44650152346895
934	-0.0299362759956941	2.2871262354123	-0.114154352375197	0.911226694631059	0.955475989599719	-6.44652778267691
3260	0.0745967445804224	2.54783632793009	0.113750441140106	0.911539320378481	0.955475989599719	-6.44657682124878
4478	-0.025712117354084	1.19261575986444	-0.113200780069351	0.911964781126659	0.955475989599719	-6.44664327667078
1130	0.066555512643181	5.82714570085307	0.113081032337734	0.912057474738992	0.955475989599719	-6.44665771187756
2478	0.0182971419254601	0.701017016357514	0.113067723025797	0.912067777216735	0.955475989599719	-6.44665931533152
4486	-0.0206154347525686	1.52472443766401	-0.112956201800155	0.91215410427876	0.955475989599719	-6.44667274357542
795	0.0249474627627943	2.23197490057596	0.112864871373227	0.912224802803039	0.955475989599719	-6.44668373080452
2204	0.0368727997968397	2.40386626416097	0.111979456969864	0.91291023977185	0.955788130150442	-6.44678978828395
3398	-0.0264398956835696	1.35653590305296	-0.11196952255874	0.912917930844397	0.955788130150442	-6.44679097352906
3473	-0.0386264535303798	1.30680196760479	-0.111641517688379	0.913171872552255	0.955847148292473	-6.44683004790568
3161	0.0920423177765404	2.1654201045394	0.110579820420244	0.913993909154485	0.95650065595704	-6.44695574099374
4892	0.0307820168673464	1.1111074565835	0.110271842234791	0.914232386105458	0.956543314009128	-6.44699197796325
2749	-0.0224322323684904	1.5735765791025	-0.109871503431465	0.914542393932554	0.956660778777448	-6.44703893143711
77	-0.0189406558972516	1.73594051763638	-0.109163014009908	0.915091058869918	0.956939674876021	-6.44712160857937
2438	0.0154662345229125	1.24297425771815	0.109016400603094	0.915204604309911	0.956939674876021	-6.44713865098375
2790	-0.0199524355939498	0.539792398014331	-0.108497687014326	0.915606340372883	0.957152868350045	-6.44719876301825
1466	-0.024898710685607	2.38920623034317	-0.107885209416433	0.916080727068431	0.957441900530799	-6.44726937276255
1679	-0.0177528966014805	0.515751991575168	-0.107258407578158	0.916566243866377	0.957594794683997	-6.44734122094285
3588	-0.0309736897737792	2.46885612785802	-0.107182451134432	0.916625081680324	0.957594794683997	-6.44734989919654
2821	-0.0175147047330122	1.76737442130339	-0.106929778569353	0.916820812107539	0.957594794683997	-6.44737872365814
496	0.0156657016061538	1.80299411935286	0.106453776367228	0.917189558417454	0.957741994780796	-6.44743284079075
2117	0.0228171098306119	0.539562300130271	0.106236776504984	0.917357669246426	0.957741994780796	-6.44745743175689
799	-0.0244085915020642	2.3371113678799	-0.105827104167022	0.91767505589392	0.957866649496178	-6.44750372035601
4505	-0.0220767608803191	1.98887957728773	-0.105291293285701	0.918090188897684	0.957887288340765	-6.44756399191852
2333	0.0293601439907843	0.848575832410756	0.105290487052142	0.91809081356679	0.957887288340765	-6.44756408237899
4839	0.0435096998308897	1.4568795898314	0.102578815308461	0.920192139540928	0.959212843619348	-6.44786442458056
2476	-0.0342107460510033	1.97512084663942	-0.102424640840573	0.920311631608024	0.959212843619348	-6.44788126585194
4107	0.017732558975328	1.59181396804259	0.102348281154235	0.920370814523217	0.959212843619348	-6.44788959765271
1548	-0.0375716632664954	1.82121427155866	-0.102158938680693	0.920517567429869	0.959212843619348	-6.44791023054123
3482	-0.0152034736740221	1.02034481982213	-0.102122707514675	0.920545649327058	0.959212843619348	-6.44791417435099
3677	-0.0152793017833176	1.85967382843815	-0.102115938804664	0.920550895602446	0.959212843619348	-6.44791491097914
1487	0.035725241259759	1.92852518280185	0.101072601619456	0.921359610065691	0.959777478913621	-6.44802787309081
3985	0.0251196751503187	2.16599438540616	0.10082789712204	0.921549299628291	0.959777478913621	-6.44805419962388
2992	0.0138632194327469	1.8932072984443	0.100649074702408	0.921687922081993	0.959777478913621	-6.44807339795517
1643	-0.0226356543761838	0.289430341866005	-0.100238489226996	0.922006216672086	0.959792519130653	-6.44811734960607
2039	-0.0181035500377247	1.67395788229309	-0.0999208682459405	0.922252453029043	0.959792519130653	-6.44815122674061
4916	-0.0151607563690587	0.916598331788105	-0.0998627321777698	0.922297524067467	0.959792519130653	-6.44815741585686
4528	-0.024776391708144	2.04264197974986	-0.0989984442159003	0.922967612564504	0.960283292384316	-6.44824900319184
376	0.0169650968607876	0.734871767087035	0.0981758173555648	0.923605459103036	0.960740316306276	-6.44833543766571
2293	-0.0191738179411213	0.446448071278555	-0.0978421419214444	0.923864199668721	0.960777422572358	-6.44837029215335
997	-0.0297388027267206	2.39885632538811	-0.0973874731919281	0.924216776413729	0.960777422572358	-6.44841759448923
1802	-0.0408075926729708	2.98949169806726	-0.0973615226387765	0.92423690050677	0.960777422572358	-6.44842028767057
240	0.0420157243128593	3.10627755744045	0.0965490463508341	0.924866986323036	0.960952761610183	-6.44850424513197
2305	-0.0204859756143365	1.36424734508168	-0.0965159824198565	0.924892628973405	0.960952761610183	-6.44850764693077
4628	-0.0122870600762577	1.12388083459808	-0.0963756697482932	0.925001449115052	0.960952761610183	-6.44852207012805
4240	-0.0262184905018497	0.950361820765147	-0.094641089137918	0.926346843181164	0.962117884890576	-6.44869864325646
1712	0.0311455713752629	1.30914513790455	0.094416941925005	0.926520716350804	0.962117884890576	-6.44872122694517
2818	-0.0140345282701642	1.78166617324367	-0.093959161060688	0.926875833891031	0.962280103940946	-6.44876718403463
1707	0.0289467737265861	0.747509853880755	0.0926200862727574	0.927914699209198	0.962856718679679	-6.44890033496811
2672	0.0329881375348247	2.09918839522704	0.0926174625126305	0.927916734882887	0.962856718679679	-6.44890059398876
4254	0.0315254171115901	2.31372311454243	0.0924736780199602	0.92802829251826	0.962856718679679	-6.44891477736038
645	-0.0216177773063582	0.661908084751755	-0.0919378745521272	0.928444018969703	0.963081510243444	-6.44896743701998
4867	0.0120516601990659	0.926508660771301	0.0916256958438042	0.928686246737605	0.963126272608045	-6.44899797760961
4726	0.0136953180291126	1.56883132450933	0.0911078123764792	0.92908810298468	0.963167643446603	-6.44904841365573
4842	0.025371372292325	1.20742826358847	0.0910611579669785	0.92912430590436	0.963167643446603	-6.44905294325763
2210	-0.0328281372246049	1.41956133134364	-0.090578949657291	0.929498500056953	0.963349130950201	-6.44909962438844
3748	0.0300299705390988	2.24178800488418	0.0892247801674343	0.930549432177807	0.964118135401714	-6.44922939415313
3889	0.0224142210160404	0.889671482365036	0.0887455587826717	0.930921375500343	0.964118135401714	-6.44927485028063
2756	-0.0374860624231538	1.47945881490418	-0.0885677762776446	0.931059364175861	0.964118135401714	-6.44929165152545
1920	0.0181278365282435	1.28506348235077	0.0884467335207615	0.931153314765858	0.964118135401714	-6.44930307136002
403	-0.0221287741815523	1.49488587183574	-0.0883390664241647	0.931236884401035	0.964118135401714	-6.44931321615696
1209	0.0350624495104339	1.70434940486589	0.0872869992558071	0.932053529183343	0.964757161786267	-6.4494116965215
2751	0.0206405017195721	0.706438553229176	0.0868926963073913	0.932359619630392	0.964867559309484	-6.44944830233118
3705	-0.0115089677772668	1.42804307430347	-0.0860670179786244	0.933000616259848	0.965324418619577	-6.44952441951273
1041	-0.00869154401051202	1.04700938297877	-0.0845677490216848	0.934164666593991	0.966322141753631	-6.44966077800715
552	-0.0164300342029643	2.36676298965798	-0.0837510319664801	0.934798843509591	0.966771441833989	-6.44973405160006
2938	0.0425010088978913	2.21878880370512	0.0830571458890267	0.935337680013665	0.967121969631569	-6.44979574718004
3536	0.0177007411918936	0.582123400754565	0.0820234870873028	0.936140429508181	0.967489304061721	-6.44988670243886
0	0.0175537808184213	0.518674586506819	0.0818919776941597	0.936242566336212	0.967489304061721	-6.44989819283952
4231	0.0158870121186782	1.94376832413486	0.0818272038376308	0.936292873422277	0.967489304061721	-6.44990384557232
1997	0.0208796663324869	0.549664146466126	0.0806851960853181	0.937179869678255	0.968073515801738	-6.45000277346629
3214	-0.0178959683760927	0.60552801571529	-0.0804989089262472	0.937324567230255	0.968073515801738	-6.45001877909778
3952	-0.0536914173778354	3.64515485686027	-0.0803264305016628	0.937458541035788	0.968073515801738	-6.45003356535081
4160	-0.0199902959714718	1.39745508280619	-0.0793751707052643	0.938197474964638	0.96862983010647	-6.4501145459566
2740	0.0202616963831536	2.34747781031023	0.0783995835488117	0.93895536958841	0.968906079682089	-6.45019659670399
4270	-0.0206296984370947	3.23059798529874	-0.0781441475205713	0.939153818113358	0.968906079682089	-6.45021791246351
1445	0.0396004839692477	2.45554600658297	0.0781340404051526	0.939161670431309	0.968906079682089	-6.45021875445836
4124	0.026515273120846	0.90914013252391	0.0779995922230604	0.939266125198222	0.968906079682089	-6.4502299446032
2571	0.0102572954043322	1.90910633789396	0.0770473832865256	0.940005944443419	0.969462536605684	-6.45030864616677
1554	-0.0259559122534609	2.67099772582731	-0.0758348315948457	0.940948122891177	0.970227412307655	-6.45040746778173
3576	-0.0231571137709745	1.52705511927612	-0.075240405541891	0.941410039250722	0.970496861260387	-6.45045534088161
355	0.0341747618997429	2.11992913083934	0.0744242805353276	0.942044270085134	0.970838838111846	-6.45052045585269
2199	-0.0256128686010273	1.55880243167017	-0.0742925337761205	0.942146657693637	0.970838838111846	-6.45053090083681
1294	-0.0306828630953852	1.56410800174466	-0.0740388979168403	0.94234377506681	0.970838838111846	-6.45055095722836
324	-0.0123152199212572	0.755588164372774	-0.0734828155367077	0.942775957976981	0.971077301403584	-6.45059468995162
4541	0.011389484958634	0.76579955341632	0.0719869365875947	0.943938638866465	0.972067929935283	-6.45071069764915
3094	-0.0258403935790005	2.13578288664354	-0.0713801305714673	0.944410321654052	0.972346698481018	-6.45075707684966
3484	0.0176342750771651	1.29950071017411	0.0709144838750521	0.944772293551796	0.972512416213529	-6.45079240103452
1969	0.0223610152325171	2.28500797800322	0.0701723179074393	0.945349245525568	0.972698910219541	-6.45084822467204
3637	0.00819841658214633	1.43891581795999	0.0701641751172899	0.94535557582726	0.972698910219541	-6.45084883389571
3991	0.013684249610358	2.14636007924115	0.0697463338972708	0.94568041584508	0.972826249597809	-6.45088000095009
3442	0.0208996437527831	2.13736532662548	0.0679029724546193	0.947113612928344	0.974093464997306	-6.4510152783187
2332	0.0232652143303223	4.04197194417595	0.0672865314300196	0.94759293433647	0.974379302087108	-6.45105970891315
2451	0.0358896553532541	2.76570011310885	0.066871439933595	0.947915706161237	0.974504077009788	-6.45108939895572
2595	0.0244821827617843	1.5558290858993	0.0660336556163312	0.948567190302628	0.974789274449929	-6.45114876359405
4042	-0.0234215070142588	3.50850361279907	-0.0659964873616007	0.948596094276616	0.974789274449929	-6.451151379979
4876	0.0097211136704888	1.6443881358945	0.0657303910293033	0.948803026927725	0.974794870307143	-6.45117006830919
3235	0.00780917015209162	0.875325393768281	0.0639537377383664	0.9501847609125	0.975360551909746	-6.45129291182362
2779	0.0283062398440722	1.45969680700893	0.0638835541807095	0.950239347433238	0.975360551909746	-6.45129769548719
4397	0.0154491297654955	2.06934651917673	0.0637183959939916	0.950367803229978	0.975360551909746	-6.45130893184936
1451	0.0120436021338143	1.03913411197421	0.0634206481278396	0.95059938760492	0.975360551909746	-6.45132911537979
4549	0.0100376771980865	0.635259056775534	0.063203644691522	0.950768173036479	0.975360551909746	-6.45134376595021
101	-0.0232508532810931	2.51942261917518	-0.06287495479536	0.951023833093932	0.975360551909746	-6.45136586125773
4234	0.0102690427894617	0.575766654641376	0.0627591862690813	0.951113881011219	0.975360551909746	-6.45137361607667
81	-0.0102689564408183	2.08597490658947	-0.062708470717552	0.951153329175764	0.975360551909746	-6.45137700878759
530	-0.00682910329540495	1.38502581876741	-0.0625712077621756	0.951260097343534	0.975360551909746	-6.45138617750064
2887	0.0222663487455411	1.76413238074706	0.062307293034206	0.951465382725521	0.975360551909746	-6.4514037497254
4082	-0.0179371873516131	1.13093261565612	-0.0621711660913302	0.95157127015585	0.975360551909746	-6.45141278444705
2725	0.00968609526724739	1.42994460089676	0.0615251978462477	0.952073755032589	0.975668889397938	-6.45145538807614
4359	0.0231075647588087	1.9241065016543	0.0607128330218878	0.952705707205643	0.976109744062029	-6.45150833486998
2201	0.00952509004628948	1.56999151471215	0.0601392135998495	0.953151955887476	0.97636018686928	-6.45154529755987
391	0.012958286563217	0.753911600533873	0.0583066177382895	0.95457774044099	0.977244061460131	-6.45166103613663
4619	-0.0153052070684093	0.651505679966474	-0.0582699371046492	0.954606280191121	0.977244061460131	-6.45166331618624
1145	-0.0371709073801728	6.38953899235574	-0.0581730079142466	0.954681697280903	0.977244061460131	-6.45166933435468
3926	0.00835409349690595	2.30118707786378	0.0572373808170637	0.955409698595433	0.977244061460131	-6.45172691105116
1430	0.0110035713055384	0.509058051352905	0.0572258584712606	0.955418664275006	0.977244061460131	-6.45172761429875
2782	-0.0122376490670064	1.38774566367578	-0.0570790770069534	0.955532877310166	0.977244061460131	-6.45173656048409
3315	-0.0331477026227609	4.63272662796661	-0.0569956371349537	0.955597803692693	0.977244061460131	-6.45174163582544
4621	0.0116881651486742	0.771143559060353	0.056953273574579	0.955630767831311	0.977244061460131	-6.45174420980543
4414	0.00953206674973985	0.726843040250553	0.0542550311907906	0.957730513578799	0.97903961906641	-6.45190421240731
3064	0.0144281333699853	1.88883456063524	0.0541768700253853	0.957791342918834	0.97903961906641	-6.45190873162611
3937	-0.0133001496819133	2.94886925400265	-0.0534546675415892	0.958353414085492	0.97927117023657	-6.45195018077148
1439	-0.01859394717957	1.27912209786365	-0.0531108432526788	0.958621011824866	0.97927117023657	-6.45196971843639
731	-0.00848446716539629	2.70420531447911	-0.0531055830408227	0.958625105878544	0.97927117023657	-6.451970016367
3678	-0.00882089930220343	1.78052576840062	-0.052825038201131	0.958843457377569	0.979287449185704	-6.45198586327866
2435	0.0130472237000188	1.0880370437569	0.05113475644209	0.960159098649729	0.980424170381466	-6.45207956544139
2793	-0.0217144791515757	1.60842027200121	-0.0502174892667117	0.960873111527338	0.980689916805154	-6.4521291401195
2863	-0.00988690391581389	0.572507880189619	-0.0501988507521449	0.960887620368015	0.980689916805154	-6.45213013816037
3679	0.00797963879908291	1.68619829725573	0.049798874748362	0.961198978581393	0.980689916805154	-6.4521514665257
3529	-0.0113721643070878	1.06796681548542	-0.0497588000928436	0.96123017476024	0.980689916805154	-6.45215359407175
3311	0.0330195981003399	5.09224191086654	0.0485610177939755	0.962162621427821	0.981434274186759	-6.45221639353167
2758	-0.0103537739350633	0.943309666009122	-0.0475123228240436	0.962979055679499	0.982060006614127	-6.45227012065221
4031	0.0052848186180775	0.919924020290878	0.0466609068953932	0.963641936206214	0.982528911984334	-6.45231287836644
3222	0.0125484964377145	0.923361099723463	0.045822946958841	0.964294368513517	0.982986968998819	-6.45235420572913
2277	0.0307929176247293	2.46047689794589	0.0443915650989967	0.965408899864554	0.983915790508682	-6.45242306853595
4305	0.00569716258807157	1.05002842796654	0.0440026900205267	0.965711707082312	0.984017110123047	-6.45244139971305
3157	-0.0196993373161178	2.90782946723629	-0.0434097411997846	0.966173432263276	0.984280283278528	-6.45246904037247
3001	-0.0120520408462896	1.87327381721462	-0.0430753304187773	0.96643384138659	0.984284080656134	-6.45248446380672
2030	0.00784557707970769	1.07302294694005	0.0424249139660695	0.966940339100048	0.984284080656134	-6.45251412033411
4317	0.00727246713168812	1.0714600166336	0.0422289266074698	0.967092963013335	0.984284080656134	-6.45252296818197
1577	0.0246773692998086	2.61495449854505	0.0421084324434577	0.967186797765692	0.984284080656134	-6.45252838756049
2484	-0.0148060689759743	2.10073249974433	-0.0420986671174624	0.967194402529819	0.984284080656134	-6.45252882609034
276	0.00878261676213051	1.72502801288628	0.0414030892340158	0.967736093726425	0.984628227433952	-6.45255980073279
1416	-0.012149633588173	0.428298648405599	-0.0410118136396466	0.968040812688722	0.984731171528183	-6.4525769978366
2891	0.0150311856711356	1.87605196450578	0.0403072179225183	0.96858955362688	0.984814783822783	-6.4526075541431
1527	0.0115083905029099	1.47037320014601	0.0402994007941672	0.968595641722445	0.984814783822783	-6.45260789018065
3220	0.0129825362320151	0.803773385038823	0.0399083147474371	0.968900228007126	0.984814783822783	-6.45262461875751
2421	-0.0139181373536704	1.84344391655368	-0.0398607911090762	0.96893724080125	0.984814783822783	-6.45262664045263
2690	-0.010586037926038	1.35622183482562	-0.0388354173871312	0.969735850244858	0.985419458828948	-6.4526696741839
2569	0.00565332860369166	1.76297505011695	0.0381232726342365	0.970290522698048	0.985776049729768	-6.45269890236364
1530	-0.00584922674131662	1.75565458408317	-0.0369228251956143	0.971225559497558	0.98651884460407	-6.45274694757371
4028	0.00396027495045853	1.08638730233338	0.0366381420808777	0.971447307842771	0.986536959559892	-6.45275811595615
1830	-0.00697545480325958	1.42880445313183	-0.0359973715039932	0.971946432773862	0.986836692919191	-6.45278293780411
4061	-0.00555117032564825	0.887620196602925	-0.0357251346314491	0.97215849410212	0.986844900223679	-6.45279335105454
938	0.0106776291228777	3.09575164191229	0.035231500398365	0.972543020608429	0.98698041676895	-6.45281203133206
1629	-0.00756328524904423	2.59462838937603	-0.035029974286001	0.972700005612723	0.98698041676895	-6.45281958285682
161	-0.00695861421397056	0.537493938364454	-0.0345967709781654	0.973037466833264	0.987115803006779	-6.45283566910786
4880	-0.00725950926184935	2.04603441206443	-0.0340715250686816	0.973446635767045	0.987323862440454	-6.45285490477742
2813	0.012027118435315	1.50644163465127	0.0321667193061958	0.97493055430239	0.988499522459309	-6.45292219488703
676	0.00482494673300495	1.99813937947215	0.031847345301231	0.975179369091715	0.988499522459309	-6.4529330984827
632	-0.0038514626966096	2.09653231264015	-0.0316582012137119	0.975326726931555	0.988499522459309	-6.45293950467354
4262	0.014892757579726	2.29613831529711	0.0311422118300214	0.975728727367202	0.988499522459309	-6.45295678689765
2244	0.0109722381422151	1.25530477118045	0.0311402321349355	0.975730269734871	0.988499522459309	-6.45295685265752
2377	0.0081743139333934	1.32182587711745	0.0309068227649297	0.975912118195948	0.988499522459309	-6.45296457656039
2667	0.0115721182359447	1.79868491075653	0.0307478033700527	0.976036010497751	0.988499522459309	-6.45296980549985
4821	-0.011529721718431	1.33495405645252	-0.0300094664073571	0.976611258799242	0.988682766076888	-6.45299373049422
4885	0.00618716905348288	1.21123914728713	0.029927847419301	0.976674850116958	0.988682766076888	-6.45299633958084
1918	0.00506382792253209	1.40884733366339	0.0295332679373535	0.976982278873316	0.988682766076888	-6.45300885277418
1355	0.00332097909845419	1.05318903031052	0.0293509962772472	0.977124293538127	0.988682766076888	-6.453014577039
865	-0.00868703757025862	2.44889807036086	-0.0289792992107525	0.977413899187375	0.988682766076888	-6.45302614043232
872	0.0116991443550671	3.22980272302996	0.0287366343664389	0.977602971959484	0.988682766076888	-6.45303361016942
2271	-0.0071544732276111	0.897607326893484	-0.0286763053415641	0.97764997765744	0.988682766076888	-6.45303545747687
1375	0.00784634211852253	0.931596951543278	0.0281917178260081	0.978027549946168	0.988682766076888	-6.45305015499784
3165	0.0102690364464902	1.80014490029824	0.0278537038994988	0.978290920974989	0.988682766076888	-6.45306025867444
4784	-0.0046289800280009	0.808925794484611	-0.0277304252139944	0.978386976966513	0.988682766076888	-6.45306391330968
2506	0.00783293775183922	0.903218027641327	0.0276304459032168	0.978464878870636	0.988682766076888	-6.45306686532459
4383	-0.00710868009708847	3.05905463044238	-0.0271968041358862	0.978802766682553	0.988817662395112	-6.45307954574556
2830	0.00879464333812899	1.36688166892002	0.0263664392308483	0.979449787907873	0.98906237032207	-6.45310326731241
1606	0.0074658680657557	1.46029437067802	0.0263612022934747	0.979453868584754	0.98906237032207	-6.45310341458577
1879	-0.00823973613364327	1.89688535161728	-0.0255680799458324	0.980071884928924	0.989479920552198	-6.45312538113389
2281	-0.00378058372354414	0.619952843584653	-0.0251057285351358	0.980432164481004	0.989637139945566	-6.45313787700058
1462	-0.00414566600864105	2.05853864559654	-0.0243218996591241	0.98104296033652	0.990047109325841	-6.45315854045713
416	-0.00458882043817067	0.80320505042941	-0.022179239235015	0.982712684584739	0.991525332225436	-6.45321168170547
2356	-0.00616216835619053	2.08084193680959	-0.0204632049526019	0.984050012204052	0.992667631159967	-6.4532507106181
2170	0.00408043513763656	1.54750371709798	0.0201072202225601	0.984327442262012	0.99274049732408	-6.45325841364031
3196	-0.00790084453380471	2.44500864358041	-0.0195288022786218	0.984778226108155	0.992988132119895	-6.45327064156684
3130	-0.00561625653660861	0.483026923029078	-0.0177850291085404	0.9861372501223	0.994151284870117	-6.45330534581659
4325	0.00671434600580697	2.12634377597421	0.0169423096865073	0.986794047255034	0.994606166795803	-6.45332095496787
1298	-0.00259123255541236	0.247199897865436	-0.0166398943565132	0.987029745692062	0.994636515238116	-6.45332637171547
3489	0.00352466212350093	1.97528572257106	0.015350980894171	0.988034321747093	0.995207991590107	-6.45334836431419
2407	0.00385451474331828	1.19102214821776	0.0152266809427468	0.988131202008499	0.995207991590107	-6.45335039154331
4603	-0.00274597509361015	1.17197983571143	-0.0151204863559407	0.988213970979511	0.995207991590107	-6.45335211043411
1897	0.00147889999154931	0.985898978032831	0.0144382693171129	0.988745700207151	0.995536253403163	-6.45336286609111
2248	0.00471626613990476	1.47594477429252	0.0138257303874774	0.989223126256734	0.995794621178656	-6.45337210022841
3276	0.00533882861166947	0.830023688062169	0.0135808903072836	0.989413961142166	0.995794621178656	-6.45337567927633
3964	0.00294969220964988	1.11669714480453	0.0131209403784939	0.989772460243908	0.995948245145596	-6.45338222988265
4020	0.00281085673100814	1.36454820319164	0.011784801805481	0.990813900804908	0.996788865064285	-6.45339997920764
1699	0.00370347354076477	1.23069108789151	0.0102671658012632	0.991996829456648	0.997771447174898	-6.45341782957689
1896	-0.00103491284019754	1.00715590876307	-0.00993586632607885	0.99225506520229	0.997823738401305	-6.45342139959462
2425	0.00313244285117134	1.02641674992275	0.00959387029193253	0.99252163949643	0.997884391497034	-6.45342496206125
3805	-0.00191687592784004	0.49744715112543	-0.00866020796250653	0.993249402343165	0.998363734355124	-6.45343405247364
4361	-0.00208924007383729	1.43211499495465	-0.0084123565280895	0.993442596494183	0.998363734355124	-6.45343630943686
4064	0.000950966672315549	1.2391918684796	0.00818799319762096	0.993617482620902	0.998363734355124	-6.45343829600545
3204	-0.00383234756360206	2.16982536194332	-0.00773348375808859	0.993971763485552	0.99837638145567	-6.45344215577109
1885	-0.00131995724997248	1.37816880393577	-0.00694077082655379	0.99458967030471	0.99837638145567	-6.45344836027496
3295	-0.00199775905792593	1.23628082361933	-0.00693461373187876	0.994594469674825	0.99837638145567	-6.45344840584256
1698	0.0023218166281444	1.07358188414765	0.0064903080779396	0.994940800364033	0.99837638145567	-6.45345158732142
4785	0.00197607615906797	1.26442821809377	0.0064339234189023	0.994984751578774	0.99837638145567	-6.45345197600953
4243	0.00168816385812527	1.36384787051916	0.00626727944391842	0.995114648805563	0.99837638145567	-6.45345310494756
1235	-0.00268505913831197	2.65611653936369	-0.00606314803141445	0.995273767297573	0.99837638145567	-6.45345444747665
1141	0.00655617005234433	9.03158472104305	0.00535104815498401	0.995828844008223	0.99837638145567	-6.45345878280699
3336	-0.00134508773456733	2.50582949834613	-0.00511949858622528	0.996009335737889	0.99837638145567	-6.45346007595879
3862	-0.000491897819964041	1.05050962255727	-0.00480080845440466	0.996257753480597	0.99837638145567	-6.45346176224006
786	-0.000844573951553735	2.33274381755106	-0.0047565730281807	0.996292234860154	0.99837638145567	-6.45346198773951
4367	-0.000551669331861364	1.0573033957489	-0.00471996764996156	0.99632076864661	0.99837638145567	-6.45346217276481
1057	-0.00089731564421237	1.66258408487311	-0.00464173319534859	0.996381752195739	0.99837638145567	-6.45346256341606
1143	0.00542839186427472	8.2833761094789	0.00446549563997115	0.996519128989134	0.99837638145567	-6.45346341950948
347	-0.00112360113555838	0.746436107170962	-0.0039415092899029	0.996927575896225	0.998578801694811	-6.45346576913066
1309	0.00186481324922753	1.47429968171206	0.00344220588376297	0.997316783329803	0.998761870782361	-6.4534677355503
3108	0.00118721099666735	2.74103278668535	0.00237987653082043	0.998144872272848	0.9992817850644	-6.45347103449075
1493	0.00078790046454601	1.72498244426556	0.00224624015179152	0.998249042417579	0.9992817850644	-6.45347136423587
2693	-0.000598009172803085	1.06477609322447	-0.0015042611252918	0.998827418895171	0.999366305977306	-6.45347284852362
2631	0.00044377917146783	1.87031181856662	0.00137647850176893	0.99892702619013	0.999366305977306	-6.45347304486554
3782	-0.000239033458604809	0.519598807918744	-0.00134293444720861	0.998953173978142	0.999366305977306	-6.45347309352059
3471	-6.60567463126962e-05	0.445051443867894	-0.000506600075397538	0.999605101878066	0.999653627178493	-6.45347391856943
3987	-7.55631065987177e-05	1.8469273340267	-0.000444348772131113	0.999653627178493	0.999653627178493	-6.4534739501444
