PC1	PC2	PC3	PC4	PC5	PC6	sample	group	sample_simple
-47.46076928996456	49.59622554741856	19.690667245791165	5.4678406771103365	-14.460260895583565	-6.616184303136117	Heffel_adult_Post-mortem neurons	Post-mortem neurons	Heffel_adult_Post-mortem neurons
-54.47848131151504	-17.720142418253154	-15.109361781503607	-6.880221979974011	44.324946775026554	-20.807416960635656	Hu2021_NeuNplus_Post-mortem neurons	Post-mortem neurons	Hu2021
-43.81458027103415	-4.3702090068159425	0.5605185260910068	-12.329568496789761	15.329422234625211	33.23266573152564	Pletenev2024_NeuNplus_Post-mortem neurons	Post-mortem neurons	Pletenev2024
-52.354217137201466	-43.97179360578783	-31.569150566068664	3.641728333223377	-38.366959029618016	2.997206818167467	Rahman2023_NeuNplus_Post-mortem neurons	Post-mortem neurons	Rahman2023
-49.39287864545895	26.796822965434416	19.448999372050544	7.716652357773546	-7.0365589394714965	-4.588729932530592	Tian2023_NeuNplus_Post-mortem neurons	Post-mortem neurons	Tian2023
64.79851097456698	11.36481415280577	-22.374092658602372	-16.041070820467095	-8.703823058780165	-30.85077767610168	Ballerino2022_NES_Stem-like cells	Stem-like cells	Ballerino2022_NES
68.05417474929507	10.124705183989777	1.2055360770589465	-42.05851891779958	-2.0736174221921457	18.57154335934426	Ballerino2022_NPC_Stem-like cells	Stem-like cells	Ballerino2022_NPC
47.29762410923349	-46.684638010611124	54.062850180499574	12.74653806148888	-0.45014841691747604	-6.534130351656614	Rajarajan_NPC_5kb_Stem-like cells	Stem-like cells	Rajarajan_NPC
67.35061682207895	14.864215191819582	-25.915966395316808	47.73662078543419	11.436998752911245	14.595823315023178	Zaghi2023_NPC_5kb_Stem-like cells	Stem-like cells	Zaghi2023_NPC
